timestamp,rotation_x,rotation_y,rotation_z
2024-01-26 08:00:03,56.590140861607445,18.975717275144504,136.8658445339856
2024-01-26 08:00:07,58.812402806936234,21.800206188402157,139.79135925293477
2024-01-26 08:00:11,61.618529172853926,18.969421293832795,139.38084221449762
2024-01-26 08:00:15,63.49838284921765,17.18043226542931,136.7179242286688
2024-01-26 08:00:20,66.32406894953368,18.295909410453326,135.2320497100551
2024-01-26 08:00:25,63.82590441870788,17.6950280796308,136.61665880139685
2024-01-26 08:00:29,60.99943264692839,19.03350863084202,135.64043825848495
2024-01-26 08:00:34,62.746468146504014,19.350599077322833,134.8598048665353
2024-01-26 08:00:39,64.01669695143214,18.85821220342578,133.2736853966382
2024-01-26 08:00:43,62.421313838632784,19.769240271878594,134.04361707245272
2024-01-26 08:00:48,61.18302674378056,22.732519315747982,135.0706291369495
2024-01-26 08:00:53,60.19965811440911,20.661848147641635,133.828125777379
2024-01-26 08:00:58,60.15207858537794,21.119930988049795,135.65642242713025
2024-01-26 08:01:02,62.014333881866676,19.812778593841973,134.25153730990235
2024-01-26 08:01:07,63.71413855521433,18.412526695147186,132.5959253265355
2024-01-26 08:01:11,61.41257124524691,18.44093075412263,130.65804465904682
2024-01-26 08:01:15,63.12331850391013,15.508473099990624,130.3101680199664
2024-01-26 08:01:20,60.14313130864408,17.026135437661225,127.54196765207902
2024-01-26 08:01:24,59.30705186663641,18.289562752035255,127.4322082665451
2024-01-26 08:01:28,61.09846561406211,17.933463361925952,125.92977560118376
2024-01-26 08:01:33,61.918567440414435,17.714987468311246,126.0401346090375
2024-01-26 08:01:37,64.47070904147384,18.485787401120955,123.79651983994042
2024-01-26 08:01:41,64.11046824329158,18.59975331108105,125.15426767107795
2024-01-26 08:01:45,62.66457333221075,17.132604529231795,124.39018280939825
2024-01-26 08:01:50,59.885840833502876,15.153360274210414,123.8035051430158
2024-01-26 08:01:55,57.22733469082433,14.018915418423045,123.44589884396005
2024-01-26 08:01:59,59.03274752550591,16.06017382351647,126.14325774513904
2024-01-26 08:02:03,59.407560773801784,14.700664105374386,128.217260144722
2024-01-26 08:02:07,61.985204752585815,12.235339688725013,127.3021331993703
2024-01-26 08:02:11,64.2498221011911,10.75200492487804,129.4320753160443
2024-01-26 08:02:16,65.76139480618876,9.485447673251564,130.1544587159811
2024-01-26 08:02:21,64.2426656723502,11.305659555237426,129.246698024107
2024-01-26 08:02:25,63.071915453568835,8.725969772125008,129.85110363674022
2024-01-26 08:02:30,60.8503581938016,6.0907433083500795,128.05724222767506
2024-01-26 08:02:34,60.76863063123563,4.317349166844917,129.07747336068044
2024-01-26 08:02:39,61.10971968296087,3.9236544001869857,130.20077049079416
2024-01-26 08:02:44,64.0930611641885,3.0832883671061406,130.07153651080318
2024-01-26 08:02:49,63.26432303281695,6.069588041118585,131.66633511799745
2024-01-26 08:02:53,60.471454685764996,7.490613386533958,134.18199728487528
2024-01-26 08:02:57,60.38441677459413,6.857095852085049,131.38366098199205
2024-01-26 08:03:01,60.197572515759774,9.648173536829187,134.2153050945537
2024-01-26 08:03:05,62.66984881473026,9.912864237596372,133.80456080602625
2024-01-26 08:03:09,63.62951415342471,11.385785282315494,135.54351161012983
2024-01-26 08:03:13,63.85822832430941,10.750229071986944,135.47204314741933
2024-01-26 08:03:18,66.41241972453672,10.210366337374701,134.91583861148916
2024-01-26 08:03:23,67.53021476357371,9.657898589246791,132.42304704495135
2024-01-26 08:03:28,68.29054570559147,10.41810129186509,130.00013702609064
2024-01-26 08:03:33,70.64806424611656,8.001735850116475,132.3254860329267
2024-01-26 08:03:38,70.33274742700029,5.613579961252004,130.49227450978722
2024-01-26 08:03:43,68.23984800134195,7.998351493657665,132.47938591644242
2024-01-26 08:03:47,69.62632717054042,6.118784199158693,131.85485522998115
2024-01-26 08:03:52,67.43659792795114,8.30588980064937,131.66746201375042
2024-01-26 08:03:56,68.90967976516816,5.783480668263415,134.62814843190944
2024-01-26 08:04:00,68.62221574904721,7.082373646718363,132.53029090781456
2024-01-26 08:04:05,68.14842062204238,6.058303221320713,134.79686261101114
2024-01-26 08:04:09,66.05132531082117,4.004416211981913,136.49644145598032
2024-01-26 08:04:14,65.15172526150596,1.4733732829214272,134.85286090219435
2024-01-26 08:04:19,67.59611552313707,1.3488915601982772,134.4643620542283
2024-01-26 08:04:23,66.45538143119065,4.133181293901274,133.72938774379952
2024-01-26 08:04:27,63.68684096568988,5.5358135346947055,133.1394012284752
2024-01-26 08:04:31,63.57174683580105,4.424356079251358,134.39098610737256
2024-01-26 08:04:35,62.7230415910569,5.530936491413096,133.3047016773705
2024-01-26 08:04:39,62.92952661182757,7.077598762340912,131.82862998197834
2024-01-26 08:04:43,65.19055117345658,5.23341237456359,131.78801076816282
2024-01-26 08:04:47,62.346187677117044,6.312979500686724,129.8874478789563
2024-01-26 08:04:52,63.549428562985796,7.622045102816635,128.8163754937165
2024-01-26 08:04:57,63.084359356383914,5.882293073534749,129.1404253384569
2024-01-26 08:05:01,61.820419863655275,7.033238648043561,128.49641456203304
2024-01-26 08:05:05,61.84745950542826,6.053830310661407,129.33599995757433
2024-01-26 08:05:09,59.136361870026285,3.234283212489305,126.96243531203382
2024-01-26 08:05:13,56.882237235974515,5.1098719629510825,124.58412573110904
2024-01-26 08:05:17,58.78396168299578,7.199955182404516,123.62901163386954
2024-01-26 08:05:22,57.52118642973645,9.54213927841171,125.01783129912727
2024-01-26 08:05:26,56.11663443312537,10.575875755772,122.7599662630529
2024-01-26 08:05:31,54.64968953549043,8.260787874004198,121.45775001563948
2024-01-26 08:05:35,52.49742785710441,8.302999556276013,124.14105019056393
2024-01-26 08:05:40,49.938101046728086,11.213350536881613,121.22788071453112
2024-01-26 08:05:45,51.24025796765813,10.441055820822584,118.36044440683271
2024-01-26 08:05:49,50.79628439411426,10.925037757736622,119.52092944921952
2024-01-26 08:05:53,53.206120810141826,12.614371940837923,121.3514169109859
2024-01-26 08:05:57,56.09392242783581,9.908180224288868,121.37417011590337
2024-01-26 08:06:02,56.974490507881285,10.76751704573271,119.88319432548155
2024-01-26 08:06:06,59.6066560113051,12.986336291700947,117.56937905671319
2024-01-26 08:06:11,58.042961273327805,15.139737868440172,117.92701403041553
2024-01-26 08:06:15,57.9274094756937,12.314579759760797,115.580641747233
2024-01-26 08:06:20,55.71907392493188,10.274004211739335,114.01049666431605
2024-01-26 08:06:25,57.85506789286375,10.582430974931933,114.27108513008258
2024-01-26 08:06:30,54.93983268420411,11.638868127616265,115.52801745660739
2024-01-26 08:06:35,55.27614104781366,12.140283392959294,117.13258454546369
2024-01-26 08:06:39,56.426104231009425,13.28509260602501,119.23329204456896
2024-01-26 08:06:43,55.67569388036978,13.39540089891641,116.66229789306503
2024-01-26 08:06:47,53.92643407699158,14.134353414431633,118.61334772499158
2024-01-26 08:06:52,53.962589166291664,11.38215089326135,117.00340295827891
2024-01-26 08:06:56,52.77934858488493,12.533428329532036,115.49074099266417
2024-01-26 08:07:01,53.77363986723408,14.59999214379447,116.20272471065773
2024-01-26 08:07:06,56.42108582644411,14.616820907484371,116.97310691969992
2024-01-26 08:07:11,57.096510931962555,12.60043485657186,116.9945589516426
2024-01-26 08:07:15,55.115342467746196,10.978340080708948,119.8694808284895
2024-01-26 08:07:19,56.102754503466755,11.404245818336097,118.09783158536524
2024-01-26 08:07:24,56.816022360391514,9.580262365101934,115.22336233303795
2024-01-26 08:07:28,58.58064032720516,12.580229912334651,117.99555850932103
2024-01-26 08:07:33,60.22920201677363,14.080681744237928,118.31057936266092
2024-01-26 08:07:38,58.62921406597702,13.524081397700513,115.34821268826704
2024-01-26 08:07:42,60.563009682505424,16.045288818438948,114.84474186476339
2024-01-26 08:07:46,61.72187855445516,14.760679999551446,116.29830288552424
2024-01-26 08:07:50,63.666851411081325,14.52821117080838,115.7891994269436
2024-01-26 08:07:54,65.50114954049668,13.780504044311613,115.3654810816268
2024-01-26 08:07:59,66.5339182437639,15.155902301235251,114.10283915470706
2024-01-26 08:08:04,68.47077429402322,13.033318126206062,115.78623770918773
2024-01-26 08:08:09,65.476527703918,13.486221653212912,116.387716986226
2024-01-26 08:08:13,63.969887944076675,11.374648025555569,113.78434400686054
2024-01-26 08:08:17,63.738515635177535,10.27412639603282,110.88316405344301
2024-01-26 08:08:21,62.61613264859356,8.73435916864041,108.44621869782685
2024-01-26 08:08:26,65.31950309527443,9.55607059689451,110.55697432809269
2024-01-26 08:08:31,62.501817865038745,11.557907570020795,108.16077725214544
2024-01-26 08:08:35,62.159875476467036,11.072172970168214,107.64993800703992
2024-01-26 08:08:40,60.963227263909125,8.645180463112414,106.47220663752007
2024-01-26 08:08:45,59.184583103112224,8.148254680903491,104.7405603015528
2024-01-26 08:08:50,58.76180260668324,7.329741601314934,102.53307724978559
2024-01-26 08:08:54,59.555457234797096,4.341173883585691,103.35411447845561
2024-01-26 08:08:58,59.15682172182238,5.419760535891191,104.88364502608844
2024-01-26 08:09:03,60.75334964164149,4.079476723000557,104.72461699533807
2024-01-26 08:09:07,59.257557327632284,2.2844547281119967,104.46698456406727
2024-01-26 08:09:11,60.22645890860657,4.159135572748374,107.42352965200902
2024-01-26 08:09:16,57.89215634952399,5.4891346032663115,106.62150066149943
2024-01-26 08:09:20,60.56413915405855,3.8703817961316886,104.94744058736745
2024-01-26 08:09:25,58.90458732620695,1.9671181376187636,102.52518856296815
2024-01-26 08:09:30,56.26272699481813,-0.28815603789322264,104.40533132330256
2024-01-26 08:09:34,56.67445575829809,-0.11811774692910326,105.27913972795531
2024-01-26 08:09:39,59.02122102380505,-2.3419269877099502,103.36014069046847
2024-01-26 08:09:44,61.468345790860184,-1.3688227539984865,102.5492720067625
2024-01-26 08:09:48,59.74313689286691,-0.10221322391044296,104.61342822153343
2024-01-26 08:09:53,56.79640774913107,-2.206449806901123,107.29452463985986
2024-01-26 08:09:57,54.92189679298233,-3.4197870521899913,107.70334549918476
2024-01-26 08:10:02,57.70366981332077,-5.713760324470006,106.09309064451932
2024-01-26 08:10:07,59.507215594662156,-8.479730769509592,107.24725718691055
2024-01-26 08:10:11,56.568375393081574,-9.062937612555299,107.37595985314006
2024-01-26 08:10:15,54.12313577832289,-9.959063308845547,105.38361414336573
2024-01-26 08:10:20,52.158187351895045,-9.87820040813115,106.07066791162066
2024-01-26 08:10:25,52.13103361116924,-9.309214663823242,103.86357983606707
2024-01-26 08:10:29,52.212892157948104,-6.477395242825647,101.40071247296777
2024-01-26 08:10:33,50.3090292748058,-8.802840531804101,101.78962704832166
2024-01-26 08:10:37,50.99451876857043,-9.897871248989091,104.01675297339598
2024-01-26 08:10:42,52.65936649057561,-8.880654866897281,103.25953923035914
2024-01-26 08:10:47,50.00787064751382,-6.1101585735153225,105.17379251026878
2024-01-26 08:10:51,49.88025565930475,-7.348232133898419,107.07467806367627
2024-01-26 08:10:55,49.81878384535919,-6.470266585026035,109.99051820266835
2024-01-26 08:11:00,48.14287699434363,-9.107384127051445,108.8657473028402
2024-01-26 08:11:05,49.05976576762664,-7.116890563758962,106.19941979345404
2024-01-26 08:11:10,51.54683671776873,-8.045875668930647,107.1465645190914
2024-01-26 08:11:15,52.54359317227389,-9.924603450412363,104.76725379368922
2024-01-26 08:11:19,49.77106598207317,-10.211490050617714,104.32513134685205
2024-01-26 08:11:23,51.947897340854524,-7.237319403065089,107.04462410156152
2024-01-26 08:11:27,49.445592517325885,-7.259024455846353,108.53079571116163
2024-01-26 08:11:32,48.18754305345211,-4.68285237459857,106.87827247257911
2024-01-26 08:11:37,46.90464010718707,-2.197895229284698,107.48178191869131
2024-01-26 08:11:42,46.21329953272057,-1.7467971763883146,106.87318998156373
2024-01-26 08:11:47,44.95675402852884,-2.590187231227576,107.97007524729811
2024-01-26 08:11:52,42.01920070300028,-3.74723080489779,105.96923877063165
2024-01-26 08:11:56,44.97093633048878,-5.11625162973416,107.84658061723064
2024-01-26 08:12:00,47.098295596666546,-5.615845452688496,107.36341013001027
2024-01-26 08:12:05,47.29602035520708,-8.303002283478929,105.63491568764633
2024-01-26 08:12:09,46.61774861044334,-5.815669737786958,105.52402543533137
2024-01-26 08:12:14,47.89119365283344,-4.243550475797572,108.11112296758876
2024-01-26 08:12:18,50.39525055200789,-3.7824938122340575,109.90550024264695
2024-01-26 08:12:23,52.31025566240555,-5.551754757535472,111.73139924259887
2024-01-26 08:12:27,51.65822968755221,-3.111488019177288,111.83160576081428
2024-01-26 08:12:31,48.94847546508894,-4.185583558805003,111.40510747190666
2024-01-26 08:12:35,49.893433088087214,-4.243552934055227,110.45558803308454
2024-01-26 08:12:40,47.56155117423025,-3.1855359837447894,112.47260957726543
2024-01-26 08:12:45,45.97595268511391,-4.2974288241037835,112.94829164831698
2024-01-26 08:12:49,46.23918263099522,-4.40089326340952,110.26034710410701
2024-01-26 08:12:53,47.31846574253566,-3.94812212826019,112.760882008731
2024-01-26 08:12:58,48.5646224163985,-3.4600432403706436,115.18063219831346
2024-01-26 08:13:03,46.619063127034686,-4.3653997720692175,117.75078994437821
2024-01-26 08:13:07,47.243110783986026,-5.658816165513994,119.65208136670968
2024-01-26 08:13:11,44.62733075300746,-4.273857521916107,122.27770960618271
2024-01-26 08:13:16,44.8466979949766,-2.358354744074206,120.43603413416942
2024-01-26 08:13:20,46.46911425675047,-3.623662690910586,123.18303179798414
2024-01-26 08:13:24,45.1910984659826,-3.116570673442329,124.18704486352163
2024-01-26 08:13:28,46.73653634842785,-1.949369037000352,124.25364079947391
2024-01-26 08:13:32,44.09079536113618,0.22612795458441948,126.5452517435991
2024-01-26 08:13:36,45.483393043182474,0.6214676984136025,124.64347417256614
2024-01-26 08:13:41,45.96882857837639,-1.5090800555798782,127.31698474612227
2024-01-26 08:13:45,43.43755147440798,1.3594619274545972,127.18345787287384
2024-01-26 08:13:50,42.94536027553107,0.9459197652335396,128.97935530749592
2024-01-26 08:13:55,41.14057617811224,-1.7118344110729657,126.29264182945036
2024-01-26 08:13:59,44.03286520200798,-1.1069046187920037,127.78402367352669
2024-01-26 08:14:03,41.22227420280737,-1.2186434359936145,128.41571712163002
2024-01-26 08:14:08,43.630065996136196,-2.701270805267601,125.96685751895797
2024-01-26 08:14:12,46.039882606819205,-0.528578865456212,125.85296896767713
2024-01-26 08:14:17,44.216888978571156,-3.1295255269704922,123.1598977449068
2024-01-26 08:14:22,44.922293748090425,-1.3636087702537116,124.6175771897511
2024-01-26 08:14:26,47.243222828890254,-1.485887265727928,125.05531044560729
2024-01-26 08:14:30,48.76755913083334,0.5318443545136593,125.59650669605563
2024-01-26 08:14:35,48.84684313951765,0.8125024488481718,123.14068416014184
2024-01-26 08:14:40,50.01940791498941,1.1106266731677952,125.92535674238644
2024-01-26 08:14:44,52.706322666198574,-0.16083081507108998,123.26572006028995
2024-01-26 08:14:48,50.911839586247865,-2.0493175386733866,122.5538854600992
2024-01-26 08:14:52,53.05414543856513,-4.830499130135376,119.64003485383728
2024-01-26 08:14:57,55.54128230076512,-6.657085399593448,121.55139497996583
2024-01-26 08:15:02,53.66934889439854,-9.347416555142814,120.45037986725005
2024-01-26 08:15:06,52.088892572665124,-9.133124427911081,119.85982996688155
2024-01-26 08:15:11,52.93235340202417,-10.629366711280621,117.67235950008171
2024-01-26 08:15:16,51.65458605827706,-8.79758326448302,116.6333603930546
2024-01-26 08:15:20,49.94892162557154,-11.104122312751306,117.22571551994425
2024-01-26 08:15:24,49.94313566663462,-9.399611771329962,117.99325047228096
2024-01-26 08:15:28,48.95372990325562,-11.205547166998368,120.74405799671644
2024-01-26 08:15:32,47.16680374675929,-11.948757411095754,119.57039646892592
2024-01-26 08:15:36,47.82873082572928,-13.795693002524375,122.46394496820149
2024-01-26 08:15:40,47.55118749483255,-13.244212226968795,125.1471083654414
2024-01-26 08:15:45,47.06191595492632,-16.15555078373471,127.05884833152538
2024-01-26 08:15:50,49.70916414434075,-16.180868441351215,125.5031437761541
2024-01-26 08:15:55,46.98717440313827,-16.11429875082232,123.25735627465218
2024-01-26 08:16:00,45.11177322107462,-18.104281955529913,122.24234485214427
2024-01-26 08:16:04,43.08723526535122,-18.213326870616044,119.4457807644082
2024-01-26 08:16:08,40.46372309123895,-15.803800092603513,122.0360813787641
2024-01-26 08:16:12,38.22275518626506,-14.53365006809707,124.8479203894461
2024-01-26 08:16:16,36.66662875076295,-12.09893120093337,123.95340049197941
2024-01-26 08:16:21,33.889013825110624,-10.085805620984818,125.41175378520435
2024-01-26 08:16:26,30.892921595099033,-9.246913967822861,123.5810893303333
2024-01-26 08:16:31,28.12819221736806,-11.773121521906798,121.64438895776217
2024-01-26 08:16:35,30.941153004783693,-11.372330194041538,123.98798298812983
2024-01-26 08:16:40,32.2476702869171,-14.217915117193959,124.04532433097705
2024-01-26 08:16:45,29.28873335321005,-13.12626289856507,124.39171181041382
2024-01-26 08:16:50,31.663448780753207,-14.120186396957298,123.04762196419212
2024-01-26 08:16:55,30.77023431073409,-17.055724253318687,120.57699454974309
2024-01-26 08:17:00,32.219651870921325,-19.301496167682412,122.67196246833527
2024-01-26 08:17:04,33.28415089486387,-21.409280629525416,123.47879804174336
2024-01-26 08:17:09,33.099498158304115,-23.077193419037627,126.47117557837211
2024-01-26 08:17:13,30.348880368196788,-20.460494150252664,124.36937289207398
2024-01-26 08:17:17,28.893170955787014,-22.938691871125847,123.56342660154742
2024-01-26 08:17:21,28.050736613451534,-24.979971945649552,121.7788656442399
2024-01-26 08:17:25,28.03485665550383,-26.777782538923084,120.78495594068379
2024-01-26 08:17:29,27.499187226886495,-26.319155856838993,118.50371612300997
2024-01-26 08:17:34,30.269875853930728,-26.810036841563107,120.41265177773612
2024-01-26 08:17:39,32.92843289230575,-25.100294803272888,121.55069382585653
2024-01-26 08:17:43,34.405520705524104,-27.044290284797263,120.39792984622686
2024-01-26 08:17:48,32.834522944036244,-24.348704858382877,122.87443025114011
2024-01-26 08:17:52,35.3873153700423,-26.49881191669478,124.6875283484224
2024-01-26 08:17:56,35.854690659230585,-27.175786826229448,122.22664283970877
2024-01-26 08:18:00,38.19076905404926,-24.452753362350812,122.9028094631258
2024-01-26 08:18:04,37.83932049019308,-21.55967432425988,124.11063167625645
2024-01-26 08:18:09,37.30365831685018,-19.875240825607456,126.47597165100589
2024-01-26 08:18:13,37.47543437301087,-22.183015423139597,128.75520245240318
2024-01-26 08:18:17,39.70931049879619,-19.938965841379904,125.86331794397577
2024-01-26 08:18:22,42.17634515897081,-22.506991628350224,126.11599172631671
2024-01-26 08:18:26,39.8202019276763,-20.441033750417237,125.0696810081451
2024-01-26 08:18:31,39.71423335188402,-19.09918028460946,126.00570264199524
2024-01-26 08:18:35,37.7194801104627,-19.802561419943448,123.69213950226991
2024-01-26 08:18:40,35.62708332758509,-18.867779989952766,123.45419313445544
2024-01-26 08:18:44,38.02596193913806,-21.038579288898003,120.98095985274055
2024-01-26 08:18:49,36.24435370041654,-21.316963670126214,119.12750223459057
2024-01-26 08:18:53,36.442048049220986,-21.275566969184542,116.19566168042903
2024-01-26 08:18:57,39.15975723108971,-18.8068745617156,117.420690820095
2024-01-26 08:19:01,37.08266840450482,-18.549729736085396,118.3339067900895
2024-01-26 08:19:06,35.30411790506858,-18.584175593499214,116.11595773519517
2024-01-26 08:19:11,37.697016579685844,-16.49275918360635,113.9253250167064
2024-01-26 08:19:16,35.15882752173486,-18.162687547807206,116.0775455972211
2024-01-26 08:19:21,35.912985204217165,-20.71751463211254,113.52542225059261
2024-01-26 08:19:26,38.550852530454854,-20.958680677847706,110.57785402575448
2024-01-26 08:19:31,40.20938261779024,-21.972964337042914,109.2721639790861
2024-01-26 08:19:35,37.503326838011034,-24.886622550338142,112.09120463184152
2024-01-26 08:19:39,38.36376520751805,-24.25072452748722,113.07473537487476
2024-01-26 08:19:43,39.34770544404589,-22.730354479100544,115.73892417318626
2024-01-26 08:19:47,36.576181001760816,-21.517634419470845,116.73861733187199
2024-01-26 08:19:51,37.42703275601404,-20.879367644656188,118.76952517066715
2024-01-26 08:19:56,38.2448711527312,-21.437959330683807,118.1855745048504
2024-01-26 08:20:01,39.636713640618645,-23.58559032640717,121.16175095123846
2024-01-26 08:20:05,39.462820784863005,-25.50208633763773,118.98824017395448
2024-01-26 08:20:10,42.251845186147946,-28.08300033077162,118.49107108487581
2024-01-26 08:20:14,43.20179096954771,-28.977764546331358,118.934101916342
2024-01-26 08:20:18,41.894129760213474,-27.166218028543227,118.90827862341051
2024-01-26 08:20:22,41.009535306405446,-25.30407498343616,117.15816458155992
2024-01-26 08:20:27,40.91378665112226,-22.41686097303744,117.13000214462382
2024-01-26 08:20:32,38.410193202385756,-24.213462239352147,119.25468841235512
2024-01-26 08:20:37,39.65983543783346,-22.146373132376272,121.29786314526608
2024-01-26 08:20:41,37.69277097888577,-23.934767496180505,119.3245281288761
2024-01-26 08:20:45,35.39874698345206,-24.995966235026156,119.89069908547528
2024-01-26 08:20:49,36.363468504734016,-26.103182386670365,121.59403968043802
2024-01-26 08:20:53,33.885625865619545,-25.06516199808766,121.25296101620869
2024-01-26 08:20:58,31.900721707224783,-24.79983548836146,119.75562120481624
2024-01-26 08:21:02,33.15275809143313,-27.705739521005704,119.49937366965213
2024-01-26 08:21:07,33.279808248700064,-26.941364796618068,120.82042546330209
2024-01-26 08:21:12,32.958614233991284,-28.35049404728666,120.59940213421208
2024-01-26 08:21:16,35.92859760220276,-28.759791120788282,123.53468018772844
2024-01-26 08:21:20,38.14434620104912,-27.208095172882498,121.81783553127552
2024-01-26 08:21:24,38.05342242911195,-27.36607880563202,122.16797070472748
2024-01-26 08:21:29,41.040203652626694,-29.04762197577715,124.67042016442697
2024-01-26 08:21:34,43.13916179258119,-31.43187419505724,126.89007361924288
2024-01-26 08:21:39,42.21782014789471,-28.53166465892872,128.26889645812875
2024-01-26 08:21:44,44.08510260571911,-27.832495723766794,125.40909791422425
2024-01-26 08:21:49,43.63271411575969,-28.138420986277367,123.41612126241783
2024-01-26 08:21:53,42.145841087023584,-27.141438823572248,122.29185658448253
2024-01-26 08:21:58,39.88121042357859,-26.875651719154003,120.22754897410643
2024-01-26 08:22:03,42.213979794876344,-25.845147066592485,121.22399681306082
2024-01-26 08:22:08,39.45131093767919,-28.727656691273523,121.44023118947617
2024-01-26 08:22:12,42.34624688779815,-30.78862797560694,120.46670884930823
2024-01-26 08:22:16,42.06220062154443,-33.62717948874074,121.36547135557426
2024-01-26 08:22:20,41.050605089646666,-35.056679398358845,119.94052196382972
2024-01-26 08:22:24,42.958268281859375,-36.075958534722,117.75002456689299
2024-01-26 08:22:28,43.56300859687938,-37.87294921276983,116.65551911020596
2024-01-26 08:22:33,43.46083712822103,-38.903737303360934,118.81760566287834
2024-01-26 08:22:38,43.424764855701284,-41.32623873404934,119.38882418700761
2024-01-26 08:22:43,42.1660740589453,-43.52739268470501,120.96442379422116
2024-01-26 08:22:47,41.68043082785084,-44.50128902012376,118.05370644311427
2024-01-26 08:22:52,40.385068944167216,-45.42383489316887,117.08598598623331
2024-01-26 08:22:57,38.79247564510956,-46.59078800894317,118.00554414324309
2024-01-26 08:23:02,39.03342377756809,-47.04334071268269,117.68249964051273
2024-01-26 08:23:06,36.75279828999952,-45.93865478381301,118.46123455340724
2024-01-26 08:23:11,37.930281010928766,-44.389003751533764,117.34117894565382
2024-01-26 08:23:15,37.75463991098704,-45.071083545220645,116.47192493885852
2024-01-26 08:23:19,40.70688894555401,-45.439640600330286,117.91672629986758
2024-01-26 08:23:24,38.8805236342863,-44.52223398503061,116.25170855665327
2024-01-26 08:23:29,36.129437715313856,-41.66846745765948,114.37777349512046
2024-01-26 08:23:33,38.36181112575461,-41.617510560091546,116.95763264397664
2024-01-26 08:23:38,39.39274093611746,-43.69670977185572,117.5773290453703
2024-01-26 08:23:43,40.921691996019696,-44.72673260919585,117.11025155441263
2024-01-26 08:23:47,38.68152112488996,-41.78313603383309,118.1954084620914
2024-01-26 08:23:52,41.15963200622732,-40.856561737782684,116.80065715423945
2024-01-26 08:23:57,39.159153570161195,-41.14628096448521,117.2585874434289
2024-01-26 08:24:01,39.9103221330199,-42.6943656137401,119.1941775357755
2024-01-26 08:24:05,37.9203652926229,-45.65166814734837,116.73840846245238
2024-01-26 08:24:09,36.21250817100257,-43.651626122695795,117.29496303940078
2024-01-26 08:24:13,36.096994043352026,-43.68037043145091,116.01960633356829
2024-01-26 08:24:17,36.68581650394855,-42.85357950831178,118.6924388968816
2024-01-26 08:24:22,37.804927250495595,-44.23554301881023,118.15148471729663
2024-01-26 08:24:27,38.42731258864989,-43.81202694258304,120.16075802545242
2024-01-26 08:24:31,41.27375316360586,-45.463363511221324,121.16587442007182
2024-01-26 08:24:35,42.54207731785961,-44.583945387209766,121.2599702882792
2024-01-26 08:24:40,44.53165576175084,-47.50768745713182,118.66739557774913
2024-01-26 08:24:44,44.286650724968155,-46.4732017817821,116.38984774948136
2024-01-26 08:24:48,41.86948469895068,-45.006158716059545,114.69051314194235
2024-01-26 08:24:52,43.43988062305148,-45.19341427190369,112.39945142847563
2024-01-26 08:24:57,46.41429814492729,-47.803350879697376,110.52157950432209
2024-01-26 08:25:02,49.320822098680225,-49.81082341636375,110.37048142938177
2024-01-26 08:25:07,50.54704825492162,-51.488971497835216,108.05212722646971
2024-01-26 08:25:11,50.82275234806315,-49.7780939546466,108.48311077702901
2024-01-26 08:25:15,52.668005950876626,-51.41920397259542,108.5372798422195
2024-01-26 08:25:19,54.08639046387346,-52.77526244718136,110.79794251171279
2024-01-26 08:25:24,56.146213324675024,-51.76391914837321,110.326901020292
2024-01-26 08:25:29,55.06444938921965,-54.589407162225655,112.19586517398804
2024-01-26 08:25:34,53.97641063126756,-55.283574286726804,113.96256452375206
2024-01-26 08:25:38,54.03107941062917,-58.23623999917758,111.10737070071366
2024-01-26 08:25:42,54.78148837221165,-55.30472010931882,108.37344617943594
2024-01-26 08:25:46,57.740843450492136,-54.34585740127467,108.7805177642402
2024-01-26 08:25:50,57.52578115932627,-54.468500516553505,108.71826043692005
2024-01-26 08:25:54,59.44240799018578,-57.33817172444922,111.28268748002272
2024-01-26 08:25:58,56.96705782125179,-59.993525069538904,109.78825444466136
2024-01-26 08:26:03,58.07902177065735,-58.632424800991764,107.53888099717418
2024-01-26 08:26:08,59.788263980886285,-60.64534348752446,106.79756397888592
2024-01-26 08:26:12,59.864980548706804,-59.361465267889855,108.48893885732645
2024-01-26 08:26:16,57.843375981360765,-58.56043612830428,106.39675942165414
2024-01-26 08:26:21,56.47368905429546,-58.563634954621214,105.33465959345362
2024-01-26 08:26:26,53.52505795387421,-61.304272172681586,106.06734292305754
2024-01-26 08:26:30,52.858023903490555,-63.558809562533824,104.96030452394605
2024-01-26 08:26:34,50.01901766053308,-62.95170915749059,105.16962118555753
2024-01-26 08:26:39,49.711951882854265,-64.84847035095278,102.28239150611702
2024-01-26 08:26:43,48.310573623772854,-66.07301242117333,99.58123220347575
2024-01-26 08:26:47,49.434245079191655,-64.13674527439848,99.57282921537322
2024-01-26 08:26:52,50.15797868009676,-63.93773959509629,99.69118235076694
2024-01-26 08:26:56,48.363601853508705,-66.32492554658697,100.70002971497222
2024-01-26 08:27:00,45.599420609857425,-65.72326636134264,103.08077578674643
2024-01-26 08:27:04,47.42987156199482,-63.51826336415514,105.49512697825612
2024-01-26 08:27:08,46.0819482475267,-66.23869518569612,106.21727682199533
2024-01-26 08:27:13,44.22073015179024,-66.4806522942701,106.2221222238755
2024-01-26 08:27:17,42.52406121695742,-66.67841006395481,105.23771687318501
2024-01-26 08:27:22,44.6256778294065,-65.4016706505858,107.281240761286
2024-01-26 08:27:26,44.89538501492804,-65.80614091364782,105.52923378360414
2024-01-26 08:27:30,46.4553509718636,-65.752643123529,104.07907829880374
2024-01-26 08:27:34,47.986506252144316,-63.0971198623107,101.45476022889261
2024-01-26 08:27:39,48.49122360967742,-63.165946940545176,99.94477094860835
2024-01-26 08:27:43,48.968746965058,-61.840463998007635,100.71108555647837
2024-01-26 08:27:47,51.15801803701375,-62.360735730531026,103.34573087468542
2024-01-26 08:27:51,51.481150788096684,-64.13891503725719,102.24610569687343
2024-01-26 08:27:56,53.0118985010087,-61.39564250068381,100.59217101939366
2024-01-26 08:28:00,52.308329121717826,-59.018280787539645,97.7874893638613
2024-01-26 08:28:04,52.166663624411235,-60.983121162255344,100.56916056356127
2024-01-26 08:28:08,53.975861786310084,-63.20028020717115,98.00713882451811
2024-01-26 08:28:13,53.277372184754604,-63.62142294562297,100.12135623731577
2024-01-26 08:28:17,55.84635543888023,-63.10126115687256,101.89759757972462
2024-01-26 08:28:22,57.15998058981406,-61.470896701191535,99.97206366414488
2024-01-26 08:28:27,59.4574134836659,-62.7427414534381,97.45820287195116
2024-01-26 08:28:32,59.321072914817144,-64.71944455371158,95.39204415895794
2024-01-26 08:28:37,59.07916792802311,-64.31503658220657,96.61047059980184
2024-01-26 08:28:42,62.04985676007968,-62.49904640840985,96.88883412390194
2024-01-26 08:28:47,64.21336476675751,-62.952588039375385,94.73035455846177
2024-01-26 08:28:51,64.95744352413865,-64.29696397058372,92.87017333621787
2024-01-26 08:28:56,62.80465367965088,-61.8153519148125,91.0102257392227
2024-01-26 08:29:00,64.46755141524167,-63.18465685681988,92.17120713574293
2024-01-26 08:29:05,61.99667884765806,-60.553159580307934,90.63749735383135
2024-01-26 08:29:10,59.52960977366738,-60.00285988262542,91.15785317176456
2024-01-26 08:29:15,58.59460023466882,-62.226048468419066,93.94583146076066
2024-01-26 08:29:19,56.72604751159928,-62.90755741127523,91.83496991421713
2024-01-26 08:29:24,55.162655433199575,-63.80287542008313,91.04926479657522
2024-01-26 08:29:28,53.68876629908794,-61.491187800213766,90.5329293276476
2024-01-26 08:29:32,52.720881585498226,-62.90162971453779,91.4123118557941
2024-01-26 08:29:37,53.55720899449996,-62.19148386528849,92.74437580714587
2024-01-26 08:29:41,56.17205794421992,-63.382468518687205,92.50427477609918
2024-01-26 08:29:45,57.28532057385087,-66.06392639482425,92.80199119240189
2024-01-26 08:29:49,56.70869206781961,-68.52268975258286,93.12413158214163
2024-01-26 08:29:54,57.12828355640877,-66.74146112302267,95.6884092433783
2024-01-26 08:29:59,56.54758487217536,-68.39011432858044,97.04389515655762
2024-01-26 08:30:04,58.44579313027407,-66.24566874385563,96.8483507714592
2024-01-26 08:30:09,57.502356818689094,-67.34684739301623,98.05238750333268
2024-01-26 08:30:14,60.24017329044426,-69.02256529353694,96.85701432926247
2024-01-26 08:30:19,57.452206656402,-69.88934910814267,97.67377929518454
2024-01-26 08:30:24,58.6319491824789,-67.15679400080332,100.04887665867797
2024-01-26 08:30:29,59.865030547636835,-67.54059249459354,102.86940307687783
2024-01-26 08:30:34,57.79089413132945,-68.69657466771707,101.5910911993341
2024-01-26 08:30:39,57.77113734969757,-66.69339400692137,99.56492035589807
2024-01-26 08:30:43,57.72587212997449,-67.22976719082033,100.18480246332447
2024-01-26 08:30:48,58.299394969954314,-66.44506667306038,97.85569499793938
2024-01-26 08:30:52,57.45614207677082,-66.7989681633855,98.29744948335362
2024-01-26 08:30:57,57.57825385750667,-67.70457085837607,95.3925832705123
2024-01-26 08:31:01,57.47893993840346,-66.97071941465501,93.54516038716736
2024-01-26 08:31:05,54.735642705137266,-69.30256755177659,94.27422995050011
2024-01-26 08:31:10,52.13772487191193,-69.29923386038861,93.88440310572129
2024-01-26 08:31:14,51.16118017209791,-71.15604846536048,95.89543609170056
2024-01-26 08:31:18,48.927558553222056,-72.30216418234521,94.4558082821171
2024-01-26 08:31:22,51.242361941033614,-74.7486735919221,92.63670911181192
2024-01-26 08:31:27,53.784538646022014,-75.50302630812483,91.23647793149867
2024-01-26 08:31:31,51.702539118534276,-75.74084314141017,92.02308313672668
2024-01-26 08:31:36,49.519451500841264,-77.34948469421893,92.07783373541291
2024-01-26 08:31:40,50.276333333035865,-76.791737860765,90.59123142138968
2024-01-26 08:31:45,47.36112962245503,-74.9676121147007,91.58636629694762
2024-01-26 08:31:50,45.08074118545192,-74.03965839040725,94.21638195395126
2024-01-26 08:31:54,47.61135917348358,-76.4602908310412,93.81817949656119
2024-01-26 08:31:59,47.84490883706567,-78.7645059191442,95.05202162472696
2024-01-26 08:32:04,47.15215458125577,-78.54034685912389,93.32361318650744
2024-01-26 08:32:09,46.287412040641755,-80.4208934376636,92.49695423702846
2024-01-26 08:32:14,45.33467989932679,-83.04324230197942,92.45135246519956
2024-01-26 08:32:19,45.35244186747074,-80.47078223764932,93.30050137952833
2024-01-26 08:32:23,42.70170678561748,-80.1768344945555,95.85086880214067
2024-01-26 08:32:28,39.86758651318951,-78.50857740055017,98.8072897846728
2024-01-26 08:32:33,39.16883092002126,-78.19916810487885,96.69986921158146
2024-01-26 08:32:38,36.733785598885945,-79.31057479590272,98.99051381806032
2024-01-26 08:32:42,36.75386206282849,-76.45273261570658,100.97620352278048
2024-01-26 08:32:46,34.881849157817285,-79.33617871942639,100.57470311248514
2024-01-26 08:32:51,32.77138326071881,-81.5009902144338,101.31163791238407
2024-01-26 08:32:55,32.4222347487789,-82.08849283257985,100.51600617056278
2024-01-26 08:32:59,31.591493169841854,-79.10925623930189,99.17477018011454
2024-01-26 08:33:03,30.165530786718755,-81.79076446636344,101.88497453841538
2024-01-26 08:33:08,29.501737496780123,-82.0295867808393,101.59158949068836
2024-01-26 08:33:12,29.063666981356057,-81.36686255235202,102.29609800260933
2024-01-26 08:33:16,29.7242880060696,-82.60986842247362,101.34988399046358
2024-01-26 08:33:20,30.383234258392157,-82.92044233957088,101.94901029739086
2024-01-26 08:33:25,31.363316117538538,-81.1034496528517,99.6211482517071
2024-01-26 08:33:30,34.033258756968856,-83.34993935235985,102.28563856348968
2024-01-26 08:33:35,36.18990226732101,-83.53025233185807,101.93137636018936
2024-01-26 08:33:40,37.21396410626199,-86.14396633763263,100.59830396698608
2024-01-26 08:33:44,36.761561738697445,-85.34514019386367,102.36729201985563
2024-01-26 08:33:48,39.120560693369875,-83.55059733767031,102.25012097032395
2024-01-26 08:33:52,39.67151850059639,-83.35798927532777,99.28121572885473
2024-01-26 08:33:57,37.9394564960807,-83.88407604601812,97.03822015775202
2024-01-26 08:34:02,39.52718306527196,-84.92946756993086,99.66050984362528
2024-01-26 08:34:07,42.39812246148596,-84.85664036746901,98.12112450611266
2024-01-26 08:34:11,43.15423897488591,-86.95321035578476,97.76625484282437
2024-01-26 08:34:16,44.3556736072112,-87.62781380898832,95.3861641614936
2024-01-26 08:34:21,45.437005065204694,-84.80409246826964,97.28687503085285
2024-01-26 08:34:25,42.586102391871336,-87.17543829886604,94.33574076730798
2024-01-26 08:34:29,42.39573084211323,-88.09987657222831,95.98012375870678
2024-01-26 08:34:33,44.84570541019583,-90.0,94.84347900545205
2024-01-26 08:34:37,47.484427639336445,-90.0,94.80897375390195
2024-01-26 08:34:42,49.47390517344458,-87.53392005794308,93.99521346402129
2024-01-26 08:34:46,48.604924521777846,-84.79887362714203,95.37745015023182
2024-01-26 08:34:51,50.35148837798935,-87.13763848590062,97.56948609428038
2024-01-26 08:34:55,48.82192188392907,-86.93437481228142,94.88448995059076
2024-01-26 08:34:59,47.19681954798037,-88.47164035745281,96.48693198709479
2024-01-26 08:35:03,49.648920850644004,-86.56567532367202,95.85410905365185
2024-01-26 08:35:07,51.80322375798422,-87.8413565027233,93.63172802909992
2024-01-26 08:35:11,53.38886879328119,-87.19022331049015,91.45749835158382
2024-01-26 08:35:15,51.416210494617175,-89.20652652043582,91.76351827112867
2024-01-26 08:35:19,54.205015609814836,-86.98435961635596,93.73697683960845
2024-01-26 08:35:24,56.486969360095074,-87.92779472539966,95.13541928292143
2024-01-26 08:35:28,59.3319192488539,-88.75999924715464,92.8304172440179
2024-01-26 08:35:32,60.49994305761466,-87.55143766053394,95.49610577949532
2024-01-26 08:35:36,63.46137818162627,-87.0093000503756,98.45861311158271
2024-01-26 08:35:40,63.00942156101091,-84.5909745021704,96.92761568452917
2024-01-26 08:35:44,65.92763572465759,-86.85862796267145,97.02019769166449
2024-01-26 08:35:48,63.41912173749678,-88.16805406117737,95.34251601106581
2024-01-26 08:35:53,61.84432965044131,-90.0,95.72920822166245
2024-01-26 08:35:57,64.59826508107749,-90.0,92.81212354571201
2024-01-26 08:36:02,62.6219386468955,-90.0,90.56177015193371
2024-01-26 08:36:06,64.80495370151154,-88.02236480276441,92.62161916361748
2024-01-26 08:36:11,62.897153966461474,-90.0,95.34850288401297
2024-01-26 08:36:16,64.8694611652461,-88.44963548914436,96.32405455581187
2024-01-26 08:36:21,65.17595968559233,-86.67842416751584,93.48185771074095
2024-01-26 08:36:26,63.15444733103607,-88.42119100515771,92.0773618108216
2024-01-26 08:36:31,60.172462523816726,-89.69735700236282,89.70558570295636
2024-01-26 08:36:35,60.710655467043466,-90.0,89.97462060324501
2024-01-26 08:36:39,58.651861939531685,-89.76293271720343,91.64541576053486
2024-01-26 08:36:44,61.204243143333315,-87.7561477373999,92.64522570688625
2024-01-26 08:36:48,59.54378679785804,-88.84635448489414,90.5721870432443
2024-01-26 08:36:52,57.314556004433676,-89.00420689496325,87.8388421367735
2024-01-26 08:36:57,56.913813821593195,-90.0,86.11092208113566
2024-01-26 08:37:02,57.727662527608516,-90.0,86.16101396751309
2024-01-26 08:37:06,55.61830219297405,-90.0,86.84465417178167
2024-01-26 08:37:10,56.8279940480781,-90.0,87.04381294712678
2024-01-26 08:37:15,53.957528411865454,-89.6632356117,87.30122503721131
2024-01-26 08:37:19,53.838251315357255,-90.0,89.9379145667277
2024-01-26 08:37:23,51.254826412373525,-87.80741859725887,92.19845075847093
2024-01-26 08:37:27,49.42947961514935,-90.0,94.58751977350289
2024-01-26 08:37:31,52.30789171588885,-87.89911381186387,92.18709949771582
2024-01-26 08:37:36,53.871514009245395,-87.76788741507278,94.130457465139
2024-01-26 08:37:40,55.72379721917364,-88.00300848625817,92.75303725356738
2024-01-26 08:37:44,56.53583355173694,-85.59498398018476,94.42147040160582
2024-01-26 08:37:48,55.04021030379793,-85.52481578260011,91.42423228131011
2024-01-26 08:37:53,55.884649377299965,-84.7108032141677,94.00114709015266
2024-01-26 08:37:57,56.52132345637044,-84.4644987624483,92.45899244985644
2024-01-26 08:38:02,53.70699442531858,-83.16672060849899,89.95947367654895
2024-01-26 08:38:06,56.52575115076695,-83.70312757380917,89.2494331387045
2024-01-26 08:38:10,58.51042638102892,-86.16417120594177,87.84915295647562
2024-01-26 08:38:14,59.31409338637654,-87.24511704132313,89.19429247722623
2024-01-26 08:38:19,58.963283631637104,-85.49600054592861,89.01232166957263
2024-01-26 08:38:24,56.012289689832606,-82.96736702665213,91.7554538673696
2024-01-26 08:38:28,53.11582027400154,-83.72525226629699,94.13667517559394
2024-01-26 08:38:32,51.57987887313144,-82.90449617895426,91.56460491921644
2024-01-26 08:38:36,49.681651657482355,-81.15185283260709,91.78667959903669
2024-01-26 08:38:41,52.056129263653226,-78.91469904166105,92.04281410408095
2024-01-26 08:38:46,54.681232461468625,-76.72308142759529,94.69927551990449
2024-01-26 08:38:50,54.00104495553965,-78.82667448234623,93.77394402027932
2024-01-26 08:38:55,56.290412071448934,-75.94738466130276,90.97366910933448
2024-01-26 08:39:00,58.459467302222535,-73.28856797741973,89.2864253001367
2024-01-26 08:39:04,59.76905378234558,-72.47261660280438,90.43306215629465
2024-01-26 08:39:08,59.545640532187534,-72.78031980260012,88.23003001872813
2024-01-26 08:39:13,61.31137095522878,-74.56192274709844,88.89871844889542
2024-01-26 08:39:18,59.64746808732181,-75.75102704128604,87.27557780641686
2024-01-26 08:39:22,59.80086087780389,-73.78130276744875,84.42994157715965
2024-01-26 08:39:26,62.64992731186575,-73.84132416427188,85.6415396143015
2024-01-26 08:39:31,59.87532916720916,-71.28837827403848,82.78317130018998
2024-01-26 08:39:35,57.41811092635176,-71.12934936209126,84.04221989134078
2024-01-26 08:39:40,57.20072802592247,-70.83823249932861,84.60231855964663
2024-01-26 08:39:45,55.86256532009105,-67.95316268199345,83.21302041630526
2024-01-26 08:39:50,58.86006873387677,-66.0830102325509,80.70292402177168
2024-01-26 08:39:55,58.42100787997968,-64.77069578006558,78.79937794813263
2024-01-26 08:40:00,61.205347321397326,-65.98042140195372,75.8478722292577
2024-01-26 08:40:05,59.760751564315854,-64.83982319416137,75.73248442862565
2024-01-26 08:40:10,58.6839386002573,-63.43935340892501,75.01817344466178
2024-01-26 08:40:14,60.98214549341507,-61.75532394703297,76.16671709077448
2024-01-26 08:40:19,58.65897577288133,-59.97578292663222,76.22295018092133
2024-01-26 08:40:23,58.39351507541257,-61.924608746717006,78.71149216797939
2024-01-26 08:40:28,59.05953827615642,-64.04141858278089,77.83115816059568
2024-01-26 08:40:33,58.049736688348226,-61.143838495033314,78.58579298508063
2024-01-26 08:40:37,58.6539129838129,-62.560805046327324,78.29291697945011
2024-01-26 08:40:41,61.32337036475863,-63.638891697111234,78.29345613769836
2024-01-26 08:40:46,64.04336575824082,-66.53501791154773,79.10835263717743
2024-01-26 08:40:50,65.46426732016084,-64.16781069270252,78.25125604239106
2024-01-26 08:40:55,66.44659198473845,-67.01918281579464,78.03745869968397
2024-01-26 08:40:59,68.30391223992032,-64.37835369054696,77.08184666147696
2024-01-26 08:41:04,66.90923834511591,-63.1028081803541,75.82404688734061
2024-01-26 08:41:08,66.24251816692488,-61.62380503742014,78.2221987191156
2024-01-26 08:41:12,66.13755825014333,-60.69622613663411,77.7633894654657
2024-01-26 08:41:16,67.17217884885667,-61.10894602084155,76.91024381713183
2024-01-26 08:41:20,64.56741336473694,-59.74424287884558,78.99742056414574
2024-01-26 08:41:24,66.6875501194399,-59.29540956243674,77.42075075801908
2024-01-26 08:41:29,65.67816100137645,-61.49542742096457,78.23810687193037
2024-01-26 08:41:34,66.0839842034233,-60.584168759279265,76.22621285449407
2024-01-26 08:41:38,67.48293499699209,-63.19152099525553,74.91150043566194
2024-01-26 08:41:42,68.72089571124447,-64.26968005065925,76.01220173285266
2024-01-26 08:41:47,68.15145374941525,-65.14496708984117,76.04446402945796
2024-01-26 08:41:52,65.25754565986115,-66.17266050006461,74.36856443844825
2024-01-26 08:41:57,65.44362513842042,-68.46453077220762,72.99215951090352
2024-01-26 08:42:02,63.68137487484114,-71.31879662452188,72.06441517140729
2024-01-26 08:42:07,61.3132683517659,-70.07281214190247,69.87051809603207
2024-01-26 08:42:11,61.713355303133,-70.01935851987248,70.80625507105114
2024-01-26 08:42:15,61.20115858430523,-70.33959823748602,68.11623778094635
2024-01-26 08:42:19,62.17074215361605,-73.20312370332061,65.1534021315984
2024-01-26 08:42:23,63.87302103762772,-73.1805371071503,62.392272481229966
2024-01-26 08:42:27,61.27214646771826,-73.25788224595624,64.9678447249897
2024-01-26 08:42:32,58.84560011456154,-74.57427988936035,66.03394148620133
2024-01-26 08:42:37,58.89480355739874,-76.79637988099694,67.13104932935666
2024-01-26 08:42:41,59.85367926154096,-75.81834054314886,69.20510891324719
2024-01-26 08:42:45,59.90573863886619,-78.76444982855118,69.44568761187467
2024-01-26 08:42:49,61.4603442207715,-81.69090742494186,67.74155451650347
2024-01-26 08:42:54,60.01169525336487,-79.69526644471395,66.99611465604804
2024-01-26 08:42:59,61.55994361483465,-82.26950784367233,66.25639727433894
2024-01-26 08:43:04,60.911221537079435,-80.37991668183734,68.9824870462178
2024-01-26 08:43:08,58.862452060509916,-80.0707083809764,66.43672733478545
2024-01-26 08:43:12,60.06257116714314,-82.51776861878565,63.57498849258327
2024-01-26 08:43:17,58.567071174320425,-81.33237541348575,66.31260210813163
2024-01-26 08:43:22,59.69997327530817,-78.34324922955524,65.2712218477332
2024-01-26 08:43:27,59.98287689363226,-79.83458385852572,66.45590108424341
2024-01-26 08:43:31,57.18051145473026,-82.04580082865644,66.58527303093686
2024-01-26 08:43:35,56.5790274075872,-84.68471363346552,68.94932689137383
2024-01-26 08:43:39,59.53958587298287,-82.50819551032474,69.95982258040299
2024-01-26 08:43:44,60.19316441387009,-83.04103531576216,71.2563915605345
2024-01-26 08:43:48,59.105700767303745,-82.53184257742932,73.18523899505365
2024-01-26 08:43:52,61.061477499484155,-83.27873885049094,76.0753480443294
2024-01-26 08:43:56,62.15836313682341,-81.2312573427315,73.53852018769122
2024-01-26 08:44:00,60.3810159241306,-80.42171457062283,73.14286118174802
2024-01-26 08:44:04,61.8467196841775,-80.93073707019467,74.86648635691296
2024-01-26 08:44:09,64.6171874829884,-81.8305752609228,77.52386430867908
2024-01-26 08:44:13,63.35115115465776,-80.23824213063432,79.09024198146524
2024-01-26 08:44:17,64.10083384742721,-79.64500526711254,76.89891372537318
2024-01-26 08:44:21,64.48577765764279,-78.87027411115331,78.11522899095439
2024-01-26 08:44:26,66.51437619041351,-80.73580811894941,76.64277328757487
2024-01-26 08:44:30,66.5268790071222,-80.27477175265675,77.86081061143794
2024-01-26 08:44:34,65.63911579953763,-82.7438344665091,75.89938144702074
2024-01-26 08:44:39,66.74969444442554,-85.15955178887393,75.43305013469461
2024-01-26 08:44:44,68.95702702107234,-83.2156985149807,72.63559244385435
2024-01-26 08:44:48,69.72880319246795,-82.37777477617934,72.81548727462994
2024-01-26 08:44:53,69.70317119332445,-81.45129013751783,74.59822280742796
2024-01-26 08:44:57,68.68140644477111,-83.39982203521595,72.25995874657724
2024-01-26 08:45:02,65.9315100675803,-83.2909192642476,71.53866466123455
2024-01-26 08:45:07,66.63623597744098,-81.24981176140267,72.70540659886012
2024-01-26 08:45:12,66.79774950045746,-82.55920943612976,73.67422739673175
2024-01-26 08:45:16,69.57169382354652,-83.65103247036441,71.88014084159124
2024-01-26 08:45:20,71.49363294936092,-83.19373487860673,70.53986626528021
2024-01-26 08:45:25,71.403922892588,-84.74836913388124,67.62934087227465
2024-01-26 08:45:30,69.33034907989516,-84.22832173487271,67.17152846161251
2024-01-26 08:45:35,69.72943373810017,-86.03252898005783,65.47054257600378
2024-01-26 08:45:39,69.08280818684813,-87.6834399553796,68.28785095405749
2024-01-26 08:45:43,71.91414376777784,-86.27233009057468,70.8606247003462
2024-01-26 08:45:47,69.71008069522941,-84.52488700035532,71.94874250571131
2024-01-26 08:45:51,70.32588988507877,-82.04404824849577,72.81885748371674
2024-01-26 08:45:56,69.0731358986031,-82.73402468141968,73.3717627400446
2024-01-26 08:46:01,66.99179294022147,-84.75626270809835,72.8736074271841
2024-01-26 08:46:06,69.34894103792308,-84.78669764055478,75.00127007784222
2024-01-26 08:46:11,66.94061159368034,-86.48939742202701,75.76123199798265
2024-01-26 08:46:15,65.02750294214047,-84.69623518661038,76.20620411580752
2024-01-26 08:46:19,66.05728343516026,-86.71940163794076,76.0132112240809
2024-01-26 08:46:24,68.48038917035892,-87.93369416016458,77.87307232242904
2024-01-26 08:46:28,68.37207941555322,-85.37069566598333,77.36117360534602
2024-01-26 08:46:33,65.66092928489606,-88.1439842017892,75.13886562911354
2024-01-26 08:46:38,67.46100809843193,-88.13355918927341,72.55915391612051
2024-01-26 08:46:43,64.93977278260623,-89.88788334299659,73.56111795394165
2024-01-26 08:46:48,62.209829204016486,-90.0,73.04544992748087
2024-01-26 08:46:52,64.39720697466915,-90.0,74.88438855246632
2024-01-26 08:46:56,65.10570617003023,-90.0,77.60515770644561
2024-01-26 08:47:00,63.040523266133576,-90.0,77.63307128412838
2024-01-26 08:47:04,61.407550032422634,-90.0,76.42250071146862
2024-01-26 08:47:08,61.23895375527859,-89.35666765314797,76.89558066712709
2024-01-26 08:47:13,60.027882236493376,-88.51516923716727,77.61996790252569
2024-01-26 08:47:17,63.02446723718779,-87.05941352773829,76.77987512651832
2024-01-26 08:47:21,61.633918568330586,-87.17799424787694,76.80901414591912
2024-01-26 08:47:25,61.506041895861344,-86.35586977086261,76.29391259662256
2024-01-26 08:47:29,58.83049581910837,-84.40431846426999,73.33754280122996
2024-01-26 08:47:33,56.912397693147234,-84.29618859781668,72.7656649053172
2024-01-26 08:47:37,54.14606050879847,-84.77197479379883,74.57547879929766
2024-01-26 08:47:41,52.66440073000945,-87.671589432842,75.32880367725517
2024-01-26 08:47:46,54.14195271669688,-86.43792611175667,74.46104544495229
2024-01-26 08:47:51,53.78474591611057,-87.10017034589606,72.04765102270412
2024-01-26 08:47:55,52.85745246225629,-84.47297115227963,74.92880259408776
2024-01-26 08:47:59,50.951857565517216,-86.54681866305067,74.08015228739433
2024-01-26 08:48:03,53.35549883959339,-87.58244713822127,75.86383187609593
2024-01-26 08:48:08,55.26716894066011,-85.17344262280302,78.04537899454913
2024-01-26 08:48:12,57.25143990604822,-83.58142135794886,76.92656245312541
2024-01-26 08:48:17,59.524026450488996,-83.67825278474507,77.57570059870689
2024-01-26 08:48:22,57.669699075405745,-86.62971109370646,76.80942738635522
2024-01-26 08:48:26,57.21720134274312,-87.1531834056026,75.18771875119312
2024-01-26 08:48:30,58.088690397970566,-87.90130660804292,77.4277982372575
2024-01-26 08:48:34,59.81278783363386,-88.99093750693957,80.11207436597937
2024-01-26 08:48:39,59.245670732985,-88.85811738651628,77.62639038892831
2024-01-26 08:48:44,60.16128225543871,-87.35027746069126,74.77370896400285
2024-01-26 08:48:49,59.10099434439439,-87.16181679008461,74.286963676874
2024-01-26 08:48:53,56.18035865610359,-86.14762795809165,73.03108338778584
2024-01-26 08:48:57,56.3977623394655,-88.12042164124563,71.79494836433705
2024-01-26 08:49:02,55.6086666611752,-88.03045007269678,73.06808897063173
2024-01-26 08:49:06,53.276326241232184,-87.19437415595115,72.24513478990393
2024-01-26 08:49:10,54.218532576012414,-89.46913835278096,70.23114510280578
2024-01-26 08:49:14,52.683378597967106,-89.81558361434915,70.2245976935561
2024-01-26 08:49:18,53.74008271891826,-88.26270166556975,70.91348757859426
2024-01-26 08:49:22,55.46577105827387,-85.35129782238526,71.35485427012503
2024-01-26 08:49:27,54.648612091268426,-84.1500067414337,70.3339842874265
2024-01-26 08:49:31,54.793583604364926,-81.58957498163733,71.91142686998455
2024-01-26 08:49:35,52.821734767632655,-79.48012447480312,71.57397339441039
2024-01-26 08:49:39,49.83688528395756,-77.4884581586787,72.10930689283676
2024-01-26 08:49:44,48.00645175302925,-77.91095321852275,73.99432850630025
2024-01-26 08:49:48,46.024005793244314,-78.50354809812863,74.50561369912451
2024-01-26 08:49:53,45.828188898477634,-78.41445668105125,76.30312709921215
2024-01-26 08:49:58,45.17004648760376,-79.26523237631389,77.58234444458431
2024-01-26 08:50:03,42.36254477230593,-78.93223545784682,78.05939740053243
2024-01-26 08:50:07,45.05063560667158,-81.37648662872273,77.48456720919333
2024-01-26 08:50:11,44.47069261548291,-84.11362359643527,78.46880561044684
2024-01-26 08:50:16,46.67821365381553,-84.840465678709,76.9815722612042
2024-01-26 08:50:21,46.44378992950743,-85.00083735004368,79.66967719630058
2024-01-26 08:50:26,48.95435138025975,-82.57560617200677,80.91851869642743
2024-01-26 08:50:30,51.7590884436978,-85.25701165707845,80.98369729415302
2024-01-26 08:50:35,50.23987940820718,-87.74212108956532,80.71979824807627
2024-01-26 08:50:40,48.0774439341054,-86.5111866766935,79.4751751345233
2024-01-26 08:50:44,50.77286565147708,-86.6918234444357,80.72563506264748
2024-01-26 08:50:49,48.798255126757766,-87.49180531754804,83.61535499016755
2024-01-26 08:50:53,49.433792951134144,-88.53069717189308,80.99060357130404
2024-01-26 08:50:58,47.96564892807088,-86.434485183511,81.22874699425289
2024-01-26 08:51:03,47.47895730206936,-86.15587284437053,80.63763444329936
2024-01-26 08:51:08,47.40400622637338,-85.7581759352739,83.54031693446572
2024-01-26 08:51:12,50.23666216813394,-87.8847303768132,83.70014491270291
2024-01-26 08:51:17,52.95374878570338,-90.0,82.03922157794183
2024-01-26 08:51:21,50.86119277123648,-88.8738232735879,84.02826061302704
2024-01-26 08:51:25,48.7196853899347,-89.37436473787201,84.25433963902768
2024-01-26 08:51:30,50.60851821595275,-89.19468555293672,83.2914251781367
2024-01-26 08:51:34,51.50894239900053,-87.83737368980825,84.56314187340362
2024-01-26 08:51:39,53.93479456841894,-89.74764074447229,82.58871890319601
2024-01-26 08:51:44,53.63559899093032,-90.0,84.92292800012676
2024-01-26 08:51:49,56.243694468048794,-90.0,85.08150675089996
2024-01-26 08:51:53,56.81684733069029,-89.19065444376758,87.73657064542661
2024-01-26 08:51:57,59.42827376448089,-89.97729773239313,90.71026697779625
2024-01-26 08:52:01,57.9509714724029,-90.0,90.33006188771556
2024-01-26 08:52:05,55.44168166884818,-90.0,88.05364986913786
2024-01-26 08:52:10,54.46827054411945,-87.50792581141917,90.84119506306615
2024-01-26 08:52:15,53.44370480235546,-85.5628704472604,92.77766208462542
2024-01-26 08:52:20,51.29595521847338,-84.90298318351672,90.91688654089234
2024-01-26 08:52:25,50.43484918123393,-84.63445575619413,91.64421140662083
2024-01-26 08:52:29,48.64002350006224,-82.9083105662308,90.00120337445028
2024-01-26 08:52:34,49.61858530286987,-82.05222044743142,89.6253673104825
2024-01-26 08:52:39,50.54206354218553,-82.85989027006885,89.53855621169696
2024-01-26 08:52:44,49.02012928713307,-80.43913125837574,90.57562975013077
2024-01-26 08:52:48,50.53028102663226,-77.66855352522629,91.75300089908119
2024-01-26 08:52:53,49.32633682253835,-75.58056642159994,91.48937545443157
2024-01-26 08:52:58,46.86455648937874,-76.99598872432763,90.1642505889932
2024-01-26 08:53:02,45.41054372717896,-74.04828288052698,88.40800603432123
2024-01-26 08:53:07,45.99609363205735,-72.28985969235677,87.62065080203563
2024-01-26 08:53:12,45.34321086013675,-73.40606882676953,85.70058336589918
2024-01-26 08:53:17,44.211572439090865,-74.6063940565609,82.92448566745995
2024-01-26 08:53:22,43.81446026532392,-73.54626644497121,83.57581213374759
2024-01-26 08:53:26,46.01335570637024,-70.97592263175474,82.26531837380347
2024-01-26 08:53:31,44.44569128179177,-72.83424804076773,83.30079765500618
2024-01-26 08:53:36,43.87117664607616,-70.20305387204255,85.98592887157751
2024-01-26 08:53:40,46.34043563983646,-69.33000703822282,83.10575673704649
2024-01-26 08:53:44,48.3379838584427,-67.8033119410428,84.8899623139158
2024-01-26 08:53:48,48.63065035195624,-70.47584383409257,84.66018043282628
2024-01-26 08:53:52,51.01124986658984,-68.31212945865332,85.93526349161866
2024-01-26 08:53:56,50.87115406639711,-70.64375280414326,87.88206333473045
2024-01-26 08:54:00,50.43541293261886,-70.59481529663289,87.18198026963921
2024-01-26 08:54:04,51.97641682404829,-68.38854046304878,85.49050872088299
2024-01-26 08:54:08,51.85710351811309,-67.78832763374578,86.01010610943253
2024-01-26 08:54:13,49.038182203321455,-67.02718620129225,88.42079862281925
2024-01-26 08:54:17,48.57831006582188,-67.09145103702168,91.22855774776042
2024-01-26 08:54:21,46.07960382435479,-68.33243492890148,88.6647668204597
2024-01-26 08:54:25,44.99814234303032,-70.59265676639286,89.25182558649354
2024-01-26 08:54:29,43.96121815894791,-68.90097073814742,86.7252005473012
2024-01-26 08:54:33,44.76082156106029,-69.45095147098888,83.9956266843819
2024-01-26 08:54:38,41.94111670258932,-71.68782051932442,82.51551792100867
2024-01-26 08:54:42,42.10080328480305,-71.0230313330584,82.06223316951554
2024-01-26 08:54:47,39.35435984510051,-70.53931916342071,84.18804300865852
2024-01-26 08:54:51,41.992517164817585,-70.53568313456807,82.0146453769611
2024-01-26 08:54:55,43.08334906591257,-71.95766776783269,79.78200362572464
2024-01-26 08:54:59,45.87173640968244,-69.6867759341983,82.20118966906803
2024-01-26 08:55:04,44.39221323308215,-69.64633582645912,82.88838825415654
2024-01-26 08:55:08,45.33129106791166,-68.55340308423412,83.99362531927028
2024-01-26 08:55:13,45.940322410700226,-70.22677798213576,85.01740730391779
2024-01-26 08:55:17,46.32224322391155,-69.14794915395926,83.13915926771014
2024-01-26 08:55:21,46.261060303218045,-69.66138478008851,82.8110025465229
2024-01-26 08:55:25,47.72700737403328,-69.0349530252778,83.2214445291859
2024-01-26 08:55:29,50.34263946624844,-68.12156423699115,85.9988802874415
2024-01-26 08:55:34,48.91564584179527,-70.37525663274751,87.2300594108488
2024-01-26 08:55:39,46.226079440792965,-69.2336558690735,86.91255703295839
2024-01-26 08:55:43,45.316470017694016,-69.93494009947268,85.0919963195744
2024-01-26 08:55:47,45.82592563269359,-72.8375131565799,85.98774260094004
2024-01-26 08:55:52,45.40976720883525,-71.83067378223998,87.28502744841275
2024-01-26 08:55:56,46.99662926828181,-71.1580516128505,88.34015840289803
2024-01-26 08:56:00,45.10775917686657,-68.59592657780698,86.24007562406136
2024-01-26 08:56:05,46.628689387264664,-71.4675381966834,86.9139445188423
2024-01-26 08:56:10,49.43463300516642,-73.99147015651305,85.73475826043172
2024-01-26 08:56:14,51.926616386185735,-75.94046872258032,82.9685268862571
2024-01-26 08:56:18,54.899548776113974,-75.25028289702169,82.41211095105643
2024-01-26 08:56:23,57.26076915981628,-74.12630929203331,80.7661284712157
2024-01-26 08:56:28,59.924022966890476,-72.36710920238276,78.95613606398986
2024-01-26 08:56:33,59.4453987597123,-71.18959702724713,81.77919074938781
2024-01-26 08:56:38,57.841743529795885,-70.76768681558299,80.39025314494484
2024-01-26 08:56:43,57.17262552511946,-68.91643199161068,78.48663811924388
2024-01-26 08:56:48,54.54772451229835,-68.82080520396066,77.65518442397894
2024-01-26 08:56:52,53.23491294114166,-71.15956901334015,76.55828678673129
2024-01-26 08:56:57,54.140760581885985,-72.71829769404283,79.1515698778904
2024-01-26 08:57:01,52.67606627615683,-71.71565455533609,77.9301768902819
2024-01-26 08:57:06,52.54057151607971,-74.42510910380176,79.61783000603438
2024-01-26 08:57:11,50.700869726554814,-73.48918038059139,78.1456840203722
2024-01-26 08:57:16,50.15785607079654,-72.452490521514,79.5837470823222
2024-01-26 08:57:21,50.32236986300426,-70.70354550720324,81.14842091244353
2024-01-26 08:57:26,51.931326048777116,-71.01746645929265,80.04536639739224
2024-01-26 08:57:30,52.34823807945125,-72.52457048989926,77.29301198943236
2024-01-26 08:57:35,52.17249281172368,-75.4284992172039,78.64006648036546
2024-01-26 08:57:40,52.481818274294554,-77.93165996435894,76.11456444081382
2024-01-26 08:57:45,54.93270177759095,-77.85610510412592,75.62724765453653
2024-01-26 08:57:50,57.20872737194151,-80.07879330370598,73.68336634714923
2024-01-26 08:57:54,58.00825367575477,-79.79358618353899,74.2718787160067
2024-01-26 08:57:58,59.56869152901421,-79.63240338941618,75.56438036698117
2024-01-26 08:58:03,61.77134307811332,-77.10896395060394,75.02171940986516
2024-01-26 08:58:08,60.10187996366212,-74.2374683419075,76.21646742263908
2024-01-26 08:58:13,57.991672111583185,-71.66348894478584,76.9845477301941
2024-01-26 08:58:17,55.68716259962725,-69.30687608225676,76.91520727192031
2024-01-26 08:58:22,57.275821489688674,-68.51568350955885,78.79297845168314
2024-01-26 08:58:26,56.797377196052985,-70.87866091922854,79.95351379672788
2024-01-26 08:58:30,59.17628432544711,-73.57630251692058,77.51227845032975
2024-01-26 08:58:35,56.5691768993523,-75.79242052236062,78.6196151325477
2024-01-26 08:58:40,55.24567752497492,-75.03163249847671,79.64562463198646
2024-01-26 08:58:44,54.551201754740646,-77.3071432180968,77.25558329861653
2024-01-26 08:58:49,56.77623100535685,-76.1596741416126,77.25965474005838
2024-01-26 08:58:54,55.769644148192874,-78.77347958877881,74.27422340364063
2024-01-26 08:58:58,55.912165354856484,-78.48622187000386,75.48674442115826
2024-01-26 08:59:03,53.67243032199072,-77.17257324149901,76.10761417074472
2024-01-26 08:59:08,51.08201265040556,-74.80026820140779,76.49386936218255
2024-01-26 08:59:12,51.15269043290339,-75.45241979273247,79.22580734774316
2024-01-26 08:59:16,49.92571300526584,-74.5813133296361,78.96173948997361
2024-01-26 08:59:21,48.08754348213022,-77.03937736879267,77.45963643519566
2024-01-26 08:59:25,45.82915263015677,-75.4380880713616,79.58525831843679
2024-01-26 08:59:29,44.20269032538542,-73.84218580676406,82.29615173845914
2024-01-26 08:59:33,41.29510238529426,-74.03956347387876,83.85092610476379
2024-01-26 08:59:37,42.03569412142507,-72.31007584973794,84.50430096768994
2024-01-26 08:59:41,41.67214971289272,-69.80146085655672,82.13794810132204
2024-01-26 08:59:46,39.914672588722,-69.94828225589592,82.05254499126181
2024-01-26 08:59:50,40.50803447567351,-67.96940663654556,80.71966947920468
2024-01-26 08:59:55,41.24258529749266,-67.78458480024396,81.59246583650803
2024-01-26 09:00:00,42.749842515874306,-67.58800351110436,83.31268812652102
2024-01-26 09:00:04,43.79043000030672,-65.42551222146196,84.94477648620997
2024-01-26 09:00:09,44.42734822612598,-68.15028969175846,86.50026251647552
2024-01-26 09:00:13,45.377553935912616,-67.26005612687226,84.70107296838233
2024-01-26 09:00:17,44.19340702521033,-66.95865890220708,85.45178201718275
2024-01-26 09:00:22,44.06142918968693,-66.83767356217164,83.77970914797228
2024-01-26 09:00:26,41.540613558409675,-67.69865232834123,84.43372063054012
2024-01-26 09:00:30,39.59449826102397,-69.8089064461691,87.39325231162168
2024-01-26 09:00:34,42.18207311178138,-69.69349963535204,84.75220188965159
2024-01-26 09:00:38,41.39206285810563,-67.5193658490042,83.26145016972498
2024-01-26 09:00:43,43.60350960547835,-68.81726427664304,82.76838571426053
2024-01-26 09:00:47,42.159848224124374,-69.39647158508849,81.12458901874682
2024-01-26 09:00:52,41.558165748110795,-70.2535100401641,82.01641713775743
2024-01-26 09:00:56,44.0694873846054,-67.52860605794355,81.55573936952025
2024-01-26 09:01:01,41.73389998124146,-68.36544236013093,80.63750559407976
2024-01-26 09:01:05,44.65121897643526,-66.55132046888176,82.78000557468536
2024-01-26 09:01:10,46.855197316255484,-64.73650503378116,80.46437404747292
2024-01-26 09:01:14,44.71257743726676,-66.99482698938593,78.82531737718585
2024-01-26 09:01:19,45.82595021495801,-67.08688636531038,81.2665627814397
2024-01-26 09:01:24,48.80326666995089,-69.25583372378567,79.67346385681158
2024-01-26 09:01:29,49.00670554085262,-67.70080076528414,78.2382431110716
2024-01-26 09:01:34,46.4604010165971,-67.23774787196284,76.72428820792902
2024-01-26 09:01:39,48.769633207461524,-70.22250929503652,78.71465590849152
2024-01-26 09:01:43,49.223280608900524,-68.69618392061635,77.12365924479464
2024-01-26 09:01:47,48.95983644910867,-71.23031633149816,77.86407002320973
2024-01-26 09:01:52,46.343222544325144,-70.69137241547185,77.06149149316528
2024-01-26 09:01:56,47.90354676536101,-68.17817466873207,78.77059145694012
2024-01-26 09:02:00,45.32345494252784,-69.4210371940421,76.58780946149564
2024-01-26 09:02:04,46.687215249444165,-72.06748670876195,75.12584694698572
2024-01-26 09:02:09,49.2065665393354,-69.18907364048648,73.59029358808371
2024-01-26 09:02:14,49.82078789662796,-66.82664940063647,73.21273583600748
2024-01-26 09:02:18,51.047763757948346,-69.35501328289934,71.39452210979638
2024-01-26 09:02:23,48.3310158946466,-70.31330457753374,71.20704131360037
2024-01-26 09:02:28,51.17920546025187,-71.75610559095352,70.70839921285567
2024-01-26 09:02:33,49.268752727870606,-70.00159071224873,71.99599947941756
2024-01-26 09:02:38,47.65118838687035,-69.63412928118836,71.65924586759202
2024-01-26 09:02:42,46.27376802795543,-70.80112810735778,73.28645612347863
2024-01-26 09:02:46,48.00074369992645,-68.87917497029045,74.57692110764178
2024-01-26 09:02:50,50.25941890632889,-66.9720801960863,76.93779631943022
2024-01-26 09:02:55,48.597064153184995,-64.27111564841597,78.58080606859676
2024-01-26 09:02:59,51.418981208003714,-64.05845621600133,79.75864558896045
2024-01-26 09:03:04,50.353526468393625,-64.44064811682654,79.9207441932067
2024-01-26 09:03:08,49.982315918148586,-63.67894498766985,80.13812235820421
2024-01-26 09:03:12,50.61827656358583,-65.00061812418265,79.46583421238715
2024-01-26 09:03:17,52.97748749464577,-62.37372392262866,79.80592645043271
2024-01-26 09:03:21,51.27274914060506,-65.3470720064578,79.06920129604818
2024-01-26 09:03:25,51.397959858313754,-66.12683967987041,80.16147294782571
2024-01-26 09:03:30,49.65776031290193,-67.99328774853592,79.25515763993145
2024-01-26 09:03:35,48.2429216128183,-69.65537136586477,77.78200161815903
2024-01-26 09:03:39,46.365457616345736,-68.38186302374163,78.33290877024027
2024-01-26 09:03:44,43.46721256118133,-71.1286445258286,80.07500440321515
2024-01-26 09:03:49,45.76165066691301,-71.84174443445585,82.07006038861101
2024-01-26 09:03:54,43.04238899247044,-72.37245292016507,82.76960002991122
2024-01-26 09:03:59,43.833018993143575,-71.228169364145,83.00175213598527
2024-01-26 09:04:04,45.14300393900929,-72.81516903392318,84.92721881735078
2024-01-26 09:04:08,44.531476718714664,-72.10688850291042,86.69786634509272
2024-01-26 09:04:13,46.93458829165146,-70.35207470488511,84.95545071566995
2024-01-26 09:04:18,49.827732069550166,-71.13767307213173,86.5786982702136
2024-01-26 09:04:23,51.45262150403561,-70.49560228289859,83.9808821179375
2024-01-26 09:04:27,53.214609884716694,-68.54590438951743,81.55025564210662
2024-01-26 09:04:32,52.19634650339724,-68.87956367032768,80.5912398207019
2024-01-26 09:04:37,53.480382890670384,-70.4466950714047,82.37960407073695
2024-01-26 09:04:41,50.496449214195025,-71.84559410053866,80.10775396394264
2024-01-26 09:04:45,48.665708132865866,-71.84526440852764,78.34765477028874
2024-01-26 09:04:49,47.353648232119994,-68.90580341891241,79.43731547817183
2024-01-26 09:04:53,49.89623158884571,-69.30912934629892,78.15720529487609
2024-01-26 09:04:57,47.34355226405623,-66.49078359779381,76.58887656662355
2024-01-26 09:05:01,47.047372931541,-65.99240994594324,77.21095356118002
2024-01-26 09:05:05,45.632063215144655,-63.01399302072756,78.25115283321622
2024-01-26 09:05:09,48.552516230549465,-63.761698121066914,79.41651506246792
2024-01-26 09:05:14,45.96420072648189,-61.15322710417598,77.5884453525191
2024-01-26 09:05:18,47.82060024398406,-62.23076918474868,76.83271023626521
2024-01-26 09:05:23,47.840646377930724,-59.920382295208725,77.03875794371183
2024-01-26 09:05:27,48.703754242606216,-61.77529379731175,80.03433877043739
2024-01-26 09:05:31,48.686421138377945,-60.01923283213989,82.8050321837804
2024-01-26 09:05:35,48.987996182631804,-60.728618297211334,80.77052692489147
2024-01-26 09:05:39,47.29984921674673,-63.477596078533885,78.52442729625632
2024-01-26 09:05:43,45.520493879386315,-66.22843830805299,78.12449744005038
2024-01-26 09:05:48,45.39420237962886,-65.47054747549515,77.47699673984495
2024-01-26 09:05:52,45.90920063371796,-63.03670354131413,80.40679092030392
2024-01-26 09:05:57,44.5597071573176,-61.48771087544597,81.06890070458408
2024-01-26 09:06:02,41.92536965214944,-61.66453479892078,82.15300481016085
2024-01-26 09:06:07,44.23354182771502,-59.79161148638811,82.17316764128314
2024-01-26 09:06:11,41.99236292229778,-58.776604851018675,82.54257822866843
2024-01-26 09:06:16,41.64529697542395,-56.83555691782696,82.67414746163138
2024-01-26 09:06:20,40.25236019675544,-57.12272316799742,81.80410981733327
2024-01-26 09:06:25,38.22820163686948,-58.92758511848104,78.84844981732863
2024-01-26 09:06:29,36.997302920198834,-56.60517890934129,78.757704745421
2024-01-26 09:06:34,36.50513061356304,-56.28832970256622,79.19654917948672
2024-01-26 09:06:39,39.208164921164396,-53.370416509797884,78.6558230563729
2024-01-26 09:06:44,39.07914983804889,-50.95148046262904,80.35278816597403
2024-01-26 09:06:49,37.58268776488579,-48.549982515552934,81.745515847845
2024-01-26 09:06:54,35.13735871539346,-46.540249316705925,80.95516375036502
2024-01-26 09:06:59,34.28228665205513,-46.88107145045591,78.84888933572195
2024-01-26 09:07:03,31.56141070316537,-46.34207963112928,76.7911811101254
2024-01-26 09:07:07,34.33604969289862,-46.52753645327576,76.02570753198009
2024-01-26 09:07:12,34.71946463927276,-48.7999014828123,77.2220937954184
2024-01-26 09:07:17,31.930411706450244,-48.49199447853222,79.79206256623478
2024-01-26 09:07:21,34.57950822993732,-46.14623298777868,81.42839084514512
2024-01-26 09:07:26,31.98482993842363,-45.96092020244578,81.80492361814726
2024-01-26 09:07:31,32.63480160562651,-46.28575862596712,84.20103272912792
2024-01-26 09:07:35,35.279437370305224,-46.0672904444171,85.45311824133991
2024-01-26 09:07:40,37.1375223002851,-47.56012638731665,88.11234546686218
2024-01-26 09:07:44,38.412579541912564,-44.70860494753741,90.45044286584013
2024-01-26 09:07:49,38.980856246521896,-44.51481425514843,88.106162678304
2024-01-26 09:07:54,41.13052966155033,-43.28626478026395,85.24303203664273
2024-01-26 09:07:59,43.837026324167944,-42.67765589067561,82.598588520846
2024-01-26 09:08:03,42.81792936100376,-42.976060364123725,83.46685367664315
2024-01-26 09:08:07,40.424573142004384,-40.57952963711363,80.81486991380515
2024-01-26 09:08:11,40.73565966229095,-40.469358828864436,78.58550227317312
2024-01-26 09:08:16,43.29339022249155,-41.70418917018456,78.95814173899566
2024-01-26 09:08:21,44.09119638820715,-44.39533338031662,79.59159009257401
2024-01-26 09:08:26,41.62464182200965,-46.162110467436584,81.96117840970855
2024-01-26 09:08:30,43.64141401856917,-44.433493710147125,82.43088288656422
2024-01-26 09:08:35,42.404850369698075,-47.408934663757464,84.37913255604226
2024-01-26 09:08:40,42.8996390791931,-47.14025703738554,83.04764224563382
2024-01-26 09:08:44,42.99609192770797,-48.28677845693528,81.63523551035836
2024-01-26 09:08:49,43.378628587194854,-48.08681667612064,79.34563531279348
2024-01-26 09:08:53,43.76204029110197,-47.679952196173616,77.0164509764476
2024-01-26 09:08:58,42.96083491723042,-50.523644175128766,78.01257937945635
2024-01-26 09:09:02,43.98366773629412,-48.1191081314827,79.4051075839607
2024-01-26 09:09:06,41.91436129462246,-50.36952297121339,82.10547737372232
2024-01-26 09:09:10,42.49617385853578,-50.84382177394752,81.88001492937377
2024-01-26 09:09:15,43.37211237353496,-52.958203072225345,80.3938870284661
2024-01-26 09:09:20,43.77355172621698,-52.55629734790006,81.68915385192433
2024-01-26 09:09:25,44.96954755355449,-51.42056135646275,84.208788355974
2024-01-26 09:09:30,46.29146989219874,-49.76440812941971,81.8555279642233
2024-01-26 09:09:34,48.01013501020806,-52.639471484203206,83.88631351997185
2024-01-26 09:09:39,45.29608542343519,-54.32653575616822,85.60190904216651
2024-01-26 09:09:43,42.71165149827605,-52.03245496776508,87.75081938497752
2024-01-26 09:09:48,41.806205274720256,-53.30227708648822,85.15930740926544
2024-01-26 09:09:53,44.5321533563104,-53.30918362374344,87.19140807672557
2024-01-26 09:09:57,45.996846950388836,-56.233716598942834,84.55132519960421
2024-01-26 09:10:02,48.404766021587996,-59.13226285733378,84.46518546981363
2024-01-26 09:10:07,45.4813150336994,-57.87576949039203,83.93917811728616
2024-01-26 09:10:12,46.94099239352652,-59.227834613083395,81.32404757096194
2024-01-26 09:10:16,46.75009078081969,-56.71617949253411,83.85064817038888
2024-01-26 09:10:21,48.4694878629621,-54.049358046413495,82.05765928490547
2024-01-26 09:10:25,48.145952556981754,-51.76981017045239,82.50604275533442
2024-01-26 09:10:30,48.02671932148343,-52.01940227699825,80.71456029807004
2024-01-26 09:10:35,46.59155343989152,-54.32176320361585,83.58768529755794
2024-01-26 09:10:39,45.91700190965812,-52.68768291740088,82.3558924793536
2024-01-26 09:10:44,44.89970215814647,-51.459106955122536,82.16933933208963
2024-01-26 09:10:48,42.90675754954989,-52.522088920927786,79.84160411132432
2024-01-26 09:10:53,43.68096254995656,-55.50005223126114,77.52682834045507
2024-01-26 09:10:57,46.24420845161993,-57.192020651167454,75.35143985359558
2024-01-26 09:11:01,44.322676663826634,-58.95208728844885,74.0740252416698
2024-01-26 09:11:06,46.97385998836228,-57.89848156628486,76.88705626732168
2024-01-26 09:11:10,47.122272509323565,-56.15703294640074,75.28538024044191
2024-01-26 09:11:15,49.94979522960065,-56.556232019852324,78.14112714932946
2024-01-26 09:11:19,52.14693962171383,-58.303949382903504,77.7640585316316
2024-01-26 09:11:24,51.79472770105013,-58.374295526128435,78.55595357454723
2024-01-26 09:11:28,51.094252375812815,-56.32639072452041,79.08158966540802
2024-01-26 09:11:32,52.174670271988006,-58.92325773281102,80.50474692232035
2024-01-26 09:11:37,51.3843156034984,-57.511089017453834,81.06280799128494
2024-01-26 09:11:42,49.87320496624722,-56.704067699142136,80.4875353069655
2024-01-26 09:11:47,48.4379235089305,-58.456677112383154,78.95840348719928
2024-01-26 09:11:52,51.319531367677214,-57.832642479110554,80.70324611798493
2024-01-26 09:11:56,50.36767501305702,-57.91504340239747,79.4090088290864
2024-01-26 09:12:00,51.28704904061192,-55.61202372846692,81.69808841788618
2024-01-26 09:12:05,49.36066930541083,-58.07650847165832,80.73208885424297
2024-01-26 09:12:09,48.47644001717151,-60.32077661195237,80.61231304727751
2024-01-26 09:12:14,50.620511318326365,-62.97674112110416,80.08043456828564
2024-01-26 09:12:19,49.79759172021127,-60.219280685299296,81.99211311716486
2024-01-26 09:12:23,46.87436647386546,-62.63675310192161,80.23734264848764
2024-01-26 09:12:28,45.096635311332655,-63.153221643531175,80.67144109221826
2024-01-26 09:12:33,47.81474864493231,-61.243958623065886,79.38622710411099
2024-01-26 09:12:38,44.85828133931819,-61.49821768630672,79.63133579063569
2024-01-26 09:12:42,47.79385286274524,-60.50040772138678,77.10215896864922
2024-01-26 09:12:46,49.822284051288264,-58.29823190813044,74.24209803371613
2024-01-26 09:12:51,52.595273627102216,-59.747458552655715,76.62840636630268
2024-01-26 09:12:55,52.11170041721974,-59.3729420832825,78.00619977955972
2024-01-26 09:13:00,54.895231800879195,-60.76856682467964,77.22611723019476
2024-01-26 09:13:04,57.11234260116324,-59.720456843497274,77.45907176835716
2024-01-26 09:13:08,59.71929060280837,-60.290984252880044,78.56745641096808
2024-01-26 09:13:12,58.07241634405196,-60.65817360275954,78.14313894150236
2024-01-26 09:13:17,57.29307562999245,-57.71321762869966,78.18035790888733
2024-01-26 09:13:22,58.81869181166393,-54.852012615730494,79.73867781408828
2024-01-26 09:13:27,61.468529225806776,-52.48790104525536,79.64730958755547
2024-01-26 09:13:31,62.916526932079435,-51.822526082006675,77.54303449542627
2024-01-26 09:13:35,60.04339379099811,-50.29131595705685,78.79835436397171
2024-01-26 09:13:39,59.13164057435166,-50.926691366312376,81.69822818285414
2024-01-26 09:13:44,58.64511777438712,-53.49405953442562,83.14835412242222
2024-01-26 09:13:49,57.682010346112044,-52.41585052901359,80.17269774320017
2024-01-26 09:13:54,57.798780434535146,-55.25735401568122,79.02889932355278
2024-01-26 09:13:58,56.989971627676965,-56.847998030980804,77.41978864319181
2024-01-26 09:14:02,55.28660163481922,-54.69503515068417,74.50149377163163
2024-01-26 09:14:07,55.55288112004758,-55.55322399559211,71.72010878691881
2024-01-26 09:14:11,53.68757446574749,-57.38877701953502,69.02821685774782
2024-01-26 09:14:16,53.09474157483725,-55.353059821444475,66.66180767890454
2024-01-26 09:14:21,55.38845434674764,-55.91921819301726,65.235982404667
2024-01-26 09:14:25,54.56906501644887,-53.815944972562775,64.82005503034637
2024-01-26 09:14:29,53.96919483324647,-54.5599708167682,65.48520533617865
2024-01-26 09:14:33,55.37682682083114,-56.98675886535737,67.26834932516444
2024-01-26 09:14:37,52.733503875169674,-58.104659335337274,67.37392478806007
2024-01-26 09:14:42,50.53540786078823,-60.50723333984294,68.86024081591587
2024-01-26 09:14:46,50.09636272757873,-60.546079649243175,69.43439899501503
2024-01-26 09:14:50,49.712278035682814,-62.981046776747775,71.9572306654309
2024-01-26 09:14:54,52.25136780848432,-60.46261882131727,73.42957861239582
2024-01-26 09:14:59,53.63296615390962,-63.00430655634211,73.40069929483181
2024-01-26 09:15:03,51.7867473885154,-64.76877214565354,74.45801352738289
2024-01-26 09:15:08,52.56556596887429,-64.33229692689434,72.97368358114342
2024-01-26 09:15:12,52.39502784669276,-65.21105702612047,70.33706351340098
2024-01-26 09:15:17,50.02911679430893,-68.0217888021538,69.43866838694628
2024-01-26 09:15:21,51.66033849179531,-70.86450454263003,66.77999824670027
2024-01-26 09:15:26,50.91760814619455,-71.41986456223171,64.53994438654543
2024-01-26 09:15:31,52.72968045473914,-70.3833474157857,61.857559009116414
2024-01-26 09:15:35,55.00558756430773,-72.6079678084965,61.195462946500825
2024-01-26 09:15:39,56.99642557426822,-70.85144271595709,63.583571269252914
2024-01-26 09:15:43,59.92990270486073,-71.66078630026405,62.75432233127316
2024-01-26 09:15:48,62.86431095224063,-73.67109047656204,64.3781990145281
2024-01-26 09:15:53,61.54520079041313,-75.4919841581562,64.95948873782008
2024-01-26 09:15:58,63.25795718357597,-76.29566362491771,63.40854039432831
2024-01-26 09:16:03,64.4757651266847,-75.40351348937929,66.33350078004717
2024-01-26 09:16:07,65.38605273229156,-76.99435393470918,68.36016040005549
2024-01-26 09:16:12,65.71632172966461,-77.12182257754304,67.9535773154336
2024-01-26 09:16:16,66.28193002984912,-75.2534913177254,67.1959309729641
2024-01-26 09:16:21,66.64773138923279,-74.63311526365108,70.00687301133496
2024-01-26 09:16:25,67.97197186864672,-77.38327291197054,72.73516637485095
2024-01-26 09:16:29,70.79360939592394,-74.85906250498138,72.5831444986861
2024-01-26 09:16:34,69.55197167339001,-73.56405038613315,75.22301977080463
2024-01-26 09:16:38,68.66266986127981,-72.02157964670302,75.48762349885811
2024-01-26 09:16:43,68.48184683138625,-71.60314663856069,75.69673251193689
2024-01-26 09:16:48,70.6067504114788,-74.1530532604124,75.87334587487113
2024-01-26 09:16:53,69.7193816283045,-73.67051455579144,74.64049177495346
2024-01-26 09:16:58,68.21405425235183,-70.95454406970761,74.80029135269636
2024-01-26 09:17:02,69.32481388820923,-68.8869110329024,77.01311719443
2024-01-26 09:17:07,70.99288090848098,-68.04407585169696,76.94317860279028
2024-01-26 09:17:11,70.23779895641003,-70.33484093482961,79.49862584647207
2024-01-26 09:17:15,69.11628906185894,-69.5714801378455,81.84830185763138
2024-01-26 09:17:20,68.39670522932526,-70.6598487480659,81.87173358975198
2024-01-26 09:17:25,68.33584253739392,-71.54794972865835,80.91964734645154
2024-01-26 09:17:30,67.34459787109317,-73.30149289780697,80.51528918146101
2024-01-26 09:17:35,67.46401215903555,-73.40203729060774,79.9365635601063
2024-01-26 09:17:40,68.0590334139238,-73.21628675400075,81.20266075975117
2024-01-26 09:17:44,69.3514949713096,-72.00395204272363,78.2188080011011
2024-01-26 09:17:49,69.77586056783133,-74.45910819813385,78.13848978352159
2024-01-26 09:17:54,70.53481233110729,-73.7845280863662,81.06334806864918
2024-01-26 09:17:59,69.08572229050621,-71.2835998414614,80.4591219600525
2024-01-26 09:18:04,70.38741590233226,-72.61278861968815,77.62746337390153
2024-01-26 09:18:08,69.73078541883648,-71.6767753240007,74.64469059452315
2024-01-26 09:18:12,71.518979753497,-72.47773676958597,71.85000700283817
2024-01-26 09:18:16,70.16012770581176,-69.60748980986467,68.96980745868699
2024-01-26 09:18:20,67.32330644659599,-71.68613880835619,66.58967451873869
2024-01-26 09:18:24,66.6053392068369,-69.17287996784795,68.5066050368083
2024-01-26 09:18:28,65.15690727348802,-70.77948075526648,70.59401977268553
2024-01-26 09:18:33,62.90819587423378,-70.76621408993549,71.36879961985863
2024-01-26 09:18:37,63.27893874150752,-69.991234700813,70.80485647101943
2024-01-26 09:18:42,63.686506935059754,-71.3275267077886,73.69441274288428
2024-01-26 09:18:47,65.65388222606155,-68.9442467667491,72.51137947540687
2024-01-26 09:18:52,63.42808505095604,-70.75506403539805,70.46648714901119
2024-01-26 09:18:57,64.12319067697966,-72.83130409029361,71.17920318987598
2024-01-26 09:19:01,64.90889115627182,-75.32018101808157,72.17792471429577
2024-01-26 09:19:06,66.61574204501994,-77.22360363426802,71.16286691401928
2024-01-26 09:19:11,64.7660121144602,-78.81985745684702,71.42502167584306
2024-01-26 09:19:15,62.267522771511736,-79.2104744350211,70.80017208369117
2024-01-26 09:19:20,60.25543048561041,-77.83076390988435,70.91479021419563
2024-01-26 09:19:24,60.77583063251574,-78.21668061051821,69.31635098434886
2024-01-26 09:19:29,61.26492566377611,-79.6359957559477,72.19634715449484
2024-01-26 09:19:33,62.55453425056041,-78.95480754456676,70.43237732551027
2024-01-26 09:19:38,60.49743045634304,-76.03568355452144,71.50655049655239
2024-01-26 09:19:42,58.83042906016825,-78.62814996377445,74.28601142009533
2024-01-26 09:19:47,60.254549299490364,-79.91722893495175,72.89005985238305
2024-01-26 09:19:51,61.44342625573137,-78.1779854177751,71.36542200423789
2024-01-26 09:19:55,62.834218639149356,-75.93441669426026,74.33437406080135
2024-01-26 09:20:00,63.09151929583632,-78.46278805017633,75.44244534414652
2024-01-26 09:20:05,65.01998091955676,-76.58475978850791,74.00245846926745
2024-01-26 09:20:10,62.6139249345115,-75.78059256212184,76.17393287258054
2024-01-26 09:20:15,60.55180520317612,-77.1017822662057,78.39334876676995
2024-01-26 09:20:20,62.843578213020464,-75.56658429124938,78.2826691443909
2024-01-26 09:20:24,62.991865232600105,-72.99678752214078,81.25918936471078
2024-01-26 09:20:28,63.174537624728075,-71.57000710161655,82.59493681568233
2024-01-26 09:20:32,60.206125733564456,-69.49525052631608,82.9718057315283
2024-01-26 09:20:36,62.568274334415534,-72.01789846477662,83.74466941425993
2024-01-26 09:20:40,65.33506008826181,-69.81280828599976,82.88630472287387
2024-01-26 09:20:44,62.69682858472251,-67.07136385878019,80.24230342424055
2024-01-26 09:20:49,63.13906341741978,-67.13934006124937,78.68363729472637
2024-01-26 09:20:54,65.17624764841814,-64.60150376252335,78.74194949124191
2024-01-26 09:20:58,64.69031504074061,-65.14452238551448,80.33238153663059
2024-01-26 09:21:03,66.9471743531922,-67.76175718291593,81.2726587848556
2024-01-26 09:21:08,68.43338496969207,-65.4217413485348,79.57323665235853
2024-01-26 09:21:12,70.99609152680895,-63.29496900398337,77.16355215593606
2024-01-26 09:21:16,73.9960519468894,-62.780146449040785,75.72660539123851
2024-01-26 09:21:20,74.98012103575836,-60.88896132720322,72.86191008668976
2024-01-26 09:21:25,74.2829971126254,-61.22661811245058,70.75551982862221
2024-01-26 09:21:30,76.72581727279982,-62.82207595251526,72.23991283735113
2024-01-26 09:21:35,78.03796909152763,-62.53903469350906,74.49777604542454
2024-01-26 09:21:39,80.81291153952517,-60.16637013999185,75.54737535746433
2024-01-26 09:21:43,80.82760162804293,-58.11242794875126,74.60256529405464
2024-01-26 09:21:48,80.82824536470002,-59.92912268655854,74.71665487647763
2024-01-26 09:21:53,82.68316386877194,-58.799561283705835,73.12147072341848
2024-01-26 09:21:57,81.52852333152335,-61.641204128077575,72.18044887835191
2024-01-26 09:22:02,82.96087684254954,-60.18579529922234,75.03413092189392
2024-01-26 09:22:06,83.16251632204816,-59.57511619219819,73.31782233635117
2024-01-26 09:22:11,80.78355400920398,-57.66856408464464,74.08067035274694
2024-01-26 09:22:16,80.89088905929013,-60.473446662810616,74.33435390114415
2024-01-26 09:22:21,79.92827888465015,-59.72863977654015,75.8644749252448
2024-01-26 09:22:25,81.56893944801345,-58.06872538364219,76.65688934002175
2024-01-26 09:22:30,79.988053827443,-58.48619994527345,77.94272128573806
2024-01-26 09:22:34,81.59789681843232,-60.728264306342744,77.62413180546503
2024-01-26 09:22:39,79.94152163117178,-63.30523360853372,78.05122439205753
2024-01-26 09:22:44,80.37767517963424,-63.116856200120374,79.32688649193598
2024-01-26 09:22:48,82.10093301637687,-63.18743341276105,80.70265852612445
2024-01-26 09:22:52,80.93128545456919,-60.27703315279708,80.35973292728968
2024-01-26 09:22:57,82.57981325113032,-58.04856020436772,79.59435472449721
2024-01-26 09:23:01,83.0547828373754,-57.71567801779447,81.06296663011288
2024-01-26 09:23:05,80.30489408502541,-59.71714919590399,83.71194457802548
2024-01-26 09:23:10,77.71941945579404,-58.274277785108865,82.70132889912465
2024-01-26 09:23:14,74.72553949867674,-57.407446358917035,80.00340344236878
2024-01-26 09:23:18,77.22057106028694,-58.70489590747605,78.18363248781263
2024-01-26 09:23:22,76.95698880451862,-60.153108900550386,80.73361909354225
2024-01-26 09:23:27,78.66748369333472,-59.62723020085277,81.15762824646498
2024-01-26 09:23:32,78.20484653035109,-60.51819497078637,82.50545193553337
2024-01-26 09:23:37,76.37087989806673,-58.57251988619727,85.14124037063146
2024-01-26 09:23:42,75.52652841717092,-60.422148920035724,86.9176267182179
2024-01-26 09:23:47,73.973362650452,-61.74220739373755,84.86064452666048
2024-01-26 09:23:52,71.23310488231787,-64.73448484969302,82.47253288754928
2024-01-26 09:23:56,71.79316812715685,-65.592279359826,80.60516501186243
2024-01-26 09:24:01,72.69601741418376,-65.6714037929113,79.71617442143045
2024-01-26 09:24:05,74.172612620866,-64.8896841595847,80.94022154488353
2024-01-26 09:24:10,75.88245480132468,-64.30568589239687,81.67049772568393
2024-01-26 09:24:15,73.67842568963042,-65.21008381304097,79.94376253239618
2024-01-26 09:24:19,71.91330881084161,-63.2472062859629,80.14455999509465
2024-01-26 09:24:24,73.97479518015157,-61.12126245146819,79.07073371875168
2024-01-26 09:24:29,74.46959223404279,-59.203651676686555,77.7419959182299
2024-01-26 09:24:34,73.91457348084829,-60.771202785774314,80.134108499174
2024-01-26 09:24:38,75.3194758441446,-62.29789592516874,79.54376261164494
2024-01-26 09:24:43,72.35054245335449,-64.62087150856324,77.26940048371023
2024-01-26 09:24:47,69.90105291652515,-63.62793900874998,76.26434849940391
2024-01-26 09:24:51,71.95884463751871,-61.81671018566323,74.47848101935362
2024-01-26 09:24:56,74.79766770597065,-62.21576785438948,73.07953002938416
2024-01-26 09:25:00,72.11519913457879,-62.01704079808347,74.01325520178862
2024-01-26 09:25:05,70.56466006551544,-60.16960828375983,75.2896716042774
2024-01-26 09:25:10,69.49982510143519,-57.56874740613403,75.9379258613725
2024-01-26 09:25:14,69.15190903894309,-57.2536700969256,78.49998674243952
2024-01-26 09:25:19,70.21106504325347,-59.53364540710298,78.92779050607213
2024-01-26 09:25:23,70.05724804375686,-60.066466825054974,79.90601583806134
2024-01-26 09:25:27,72.69998416148002,-59.34963530184989,80.60049731979431
2024-01-26 09:25:32,74.27437718096232,-57.793016047492806,80.37513101191847
2024-01-26 09:25:37,72.77313984061473,-58.0310250830699,82.50269304165134
2024-01-26 09:25:42,73.87264976827514,-57.89285209406244,79.5505601438614
2024-01-26 09:25:47,71.16809649079023,-55.36371739099525,80.66581573499795
2024-01-26 09:25:51,70.71477608529992,-53.92658189836337,82.2777073866829
2024-01-26 09:25:56,72.23837513933657,-53.30745427212175,81.86667123021708
2024-01-26 09:26:00,74.22005126055764,-52.3605056725523,80.89165782707387
2024-01-26 09:26:05,73.40781253078059,-49.828436287148826,83.26245581370836
2024-01-26 09:26:10,75.35025963704986,-48.29752121214898,86.06359224269913
2024-01-26 09:26:14,75.82406815438021,-49.50448868581281,84.9967125494086
2024-01-26 09:26:18,77.28615087797958,-51.669928788246985,83.39181196837514
2024-01-26 09:26:23,76.42949513740493,-51.300674541001165,81.6378174080957
2024-01-26 09:26:28,76.19415176142161,-51.51144070680854,80.59383922530648
2024-01-26 09:26:32,78.38062784487127,-50.08136743932651,77.70543646947839
2024-01-26 09:26:36,78.59798575415405,-50.35581624800537,76.50526985695909
2024-01-26 09:26:41,78.98969186922787,-49.96410222517822,79.04955765018943
2024-01-26 09:26:46,79.66561178492769,-51.92607081207809,77.53868935541242
2024-01-26 09:26:51,79.55095653983918,-50.325744059214635,77.0372860356631
2024-01-26 09:26:56,79.71333153422177,-52.796444825335016,76.4745572982981
2024-01-26 09:27:00,81.37470810599957,-51.33984357376192,76.20688341658376
2024-01-26 09:27:05,82.75207123605966,-50.59668860239151,78.0216788405186
2024-01-26 09:27:10,81.30261278800378,-52.39490964770806,76.33592867533216
2024-01-26 09:27:15,82.4055932382544,-51.42754468954518,73.88560286604199
2024-01-26 09:27:20,79.89126557519306,-49.91941727687389,73.09439852329452
2024-01-26 09:27:24,79.94398842732899,-48.01843982205625,70.23079788241209
2024-01-26 09:27:28,79.63914822580954,-46.9867105283747,69.61725510038363
2024-01-26 09:27:33,77.94319043302605,-46.327325436405346,69.6881312200584
2024-01-26 09:27:37,79.66071408482057,-47.696315270968505,67.85985263759771
2024-01-26 09:27:41,78.58615533815234,-47.83334749316702,66.59379306858659
2024-01-26 09:27:46,79.34326741994087,-50.356419740115854,67.78724342719136
2024-01-26 09:27:50,81.41080997334223,-50.95081909864564,68.82622711909715
2024-01-26 09:27:55,79.36325362855948,-52.937907471310496,70.24115707795448
2024-01-26 09:27:59,80.26441671510625,-51.66468886836582,69.98131591697846
2024-01-26 09:28:04,78.03883759915469,-50.72515183100782,71.81851891475709
2024-01-26 09:28:09,78.59278630866969,-49.07725722106825,68.9006059087038
2024-01-26 09:28:13,76.61354188802441,-49.32078033695768,69.74974190814798
2024-01-26 09:28:17,78.33949430551257,-48.58637743513797,66.870773917551
2024-01-26 09:28:22,78.30789630272943,-46.29581645264206,66.51962849626581
2024-01-26 09:28:26,79.2645169908944,-47.631467567609405,65.08093321223865
2024-01-26 09:28:31,79.56347972884771,-49.879407900941565,63.71382387122577
2024-01-26 09:28:35,78.37988929786265,-49.78658739001915,65.94397387850015
2024-01-26 09:28:40,77.55172206194374,-50.00502239656622,64.94383623474224
2024-01-26 09:28:44,75.81781700646283,-52.619881348457056,62.99593216561507
2024-01-26 09:28:49,73.92709058228353,-54.22541879829848,61.6527624477567
2024-01-26 09:28:53,71.7416502350415,-52.50181372567716,59.96304351367371
2024-01-26 09:28:58,73.81336084440697,-52.763895788375926,58.92102509540744
2024-01-26 09:29:02,75.09866331943694,-53.15048174741546,60.03340619545985
2024-01-26 09:29:06,75.45401032879037,-55.42821350662019,57.88920204115927
2024-01-26 09:29:10,77.88838698874072,-57.696982840314334,55.8953704377653
2024-01-26 09:29:14,75.62255964079289,-58.74271004699285,53.963768578578254
2024-01-26 09:29:18,75.69509422930706,-60.878325389440086,51.4588447372449
2024-01-26 09:29:22,76.27854501789639,-62.93306597722158,54.07993749310379
2024-01-26 09:29:26,75.64662802357853,-63.29539831962516,55.57629179630561
2024-01-26 09:29:31,75.35045022232649,-65.02563838498212,55.581019889244615
2024-01-26 09:29:36,73.7761628615095,-64.4444256606742,53.228963471349
2024-01-26 09:29:40,76.42902017721583,-66.40320557348005,51.039079423825555
2024-01-26 09:29:44,76.66729117672615,-65.15080866615246,53.69144774799456
2024-01-26 09:29:48,78.06365371597806,-67.61128264148569,54.20063108213421
2024-01-26 09:29:53,75.09614758216101,-66.1340120956764,56.26098802777733
2024-01-26 09:29:57,77.541512033054,-66.36718526751133,58.67545270714241
2024-01-26 09:30:01,77.60041269815069,-68.93049827779618,56.496593416098726
2024-01-26 09:30:05,76.49245218039083,-68.38156996726536,57.99978105756813
2024-01-26 09:30:10,78.08941413002111,-69.44797374071929,57.09236156466798
2024-01-26 09:30:15,77.91069541139242,-69.0541850924353,57.72067876467387
2024-01-26 09:30:20,76.73989055405826,-68.52436788926573,57.44415392888327
2024-01-26 09:30:24,75.72159268705404,-66.91723776933202,59.655941220025916
2024-01-26 09:30:29,77.78262790532555,-64.38957777068504,58.917673278455034
2024-01-26 09:30:34,76.83391221606719,-62.816790795952635,56.143068005743466
2024-01-26 09:30:39,78.46045485513405,-62.33183477066736,54.461097925038
2024-01-26 09:30:43,78.56265629156414,-59.66298861522431,54.55358981261891
2024-01-26 09:30:48,79.45541285763471,-59.4989736975609,53.92323122566347
2024-01-26 09:30:52,81.04206950463133,-61.69767770507658,51.32770664754818
2024-01-26 09:30:57,82.83451162954503,-58.73572687914252,52.604406569863485
2024-01-26 09:31:02,82.14056864202485,-55.99884908021478,55.168755183728024
2024-01-26 09:31:07,82.80041739577227,-53.27377412415048,57.62243869266469
2024-01-26 09:31:12,81.45362476870244,-52.04032777092729,59.12064169500188
2024-01-26 09:31:16,80.76176531643424,-51.51248594276069,61.55224012191623
2024-01-26 09:31:21,80.38377455326695,-49.290286801665474,61.41419437136632
2024-01-26 09:31:25,81.80560675550421,-52.04381492823937,61.36082164265119
2024-01-26 09:31:29,80.51959837451781,-51.17552857623432,63.70137840609051
2024-01-26 09:31:34,83.40966223399673,-52.516778139744304,64.32882236948782
2024-01-26 09:31:38,84.01330803191276,-52.48152156278531,62.292868653319644
2024-01-26 09:31:42,84.96267379527902,-55.46258453434379,60.035360605805
2024-01-26 09:31:46,84.18672188898996,-58.46006077427984,62.32004963824136
2024-01-26 09:31:51,85.13947244803532,-57.05904338167026,63.8532149526103
2024-01-26 09:31:55,83.39683545195678,-54.58648983653518,64.80185725478167
2024-01-26 09:32:00,84.41088827902948,-56.520706330481296,67.75194825176811
2024-01-26 09:32:05,87.03595232483161,-58.09632520807883,70.60129295020444
2024-01-26 09:32:09,88.46120885610154,-57.05897394853567,73.37755358883173
2024-01-26 09:32:13,87.60752630590538,-55.378719003622976,72.06960361032209
2024-01-26 09:32:17,89.9103346613437,-55.86069182174995,74.58429061383346
2024-01-26 09:32:22,91.97471407892272,-55.381381136453186,76.99863215748366
2024-01-26 09:32:27,90.66304472891933,-55.151834598571526,75.93958223134511
2024-01-26 09:32:31,91.99445238134112,-56.30417260471194,78.33094604700867
2024-01-26 09:32:36,93.89635793339792,-54.87687018534327,79.15403176517329
2024-01-26 09:32:41,94.69504077655368,-53.32459256547177,79.47041101635344
2024-01-26 09:32:45,97.47265172370014,-52.38216421546163,80.29527341213841
2024-01-26 09:32:50,98.76157092110036,-49.75588924946783,79.20105753270875
2024-01-26 09:32:55,96.0264129985188,-50.88066783014408,77.14846815334039
2024-01-26 09:32:59,94.11841523471358,-49.310515825547654,76.1353345678143
2024-01-26 09:33:03,93.88172309144096,-50.69711047480839,76.96756500909852
2024-01-26 09:33:07,93.59326783833028,-53.67243955276175,76.49444352344078
2024-01-26 09:33:11,90.70582729446268,-53.34008742593456,75.0370339763074
2024-01-26 09:33:16,89.35067625203182,-51.104024098386816,73.93243114802561
2024-01-26 09:33:21,86.57324018854256,-53.87204066767012,71.22129315109727
2024-01-26 09:33:25,85.53489618626854,-55.824439678681344,70.39186137407816
2024-01-26 09:33:30,85.11006365747305,-55.34953891245493,73.07205431945242
2024-01-26 09:33:35,86.12505954168462,-57.45344238295553,70.31094513174703
2024-01-26 09:33:40,86.74467263874233,-54.96518823515252,70.2813640756986
2024-01-26 09:33:45,83.9453742393537,-57.27454870321766,67.29533713694602
2024-01-26 09:33:50,83.50441305671329,-59.590378109563,69.29433329148253
2024-01-26 09:33:55,81.13784363271682,-58.748185037859706,68.70554178805396
2024-01-26 09:33:59,80.29833208520381,-56.64866640470566,70.06924427775255
2024-01-26 09:34:03,80.26257339700526,-56.821999252358694,70.16281297588384
2024-01-26 09:34:08,81.80434417824556,-54.02153995017055,70.89763487741521
2024-01-26 09:34:13,82.09745556724151,-56.55312020970577,72.61794184288267
2024-01-26 09:34:18,80.69685669925212,-57.79439287664891,72.05887792831645
2024-01-26 09:34:22,79.25694976035808,-59.66684681425263,73.99258108207549
2024-01-26 09:34:27,78.80864338163518,-60.07173115565006,72.33092922913596
2024-01-26 09:34:32,79.08026146508087,-61.02248594731752,71.05761541746065
2024-01-26 09:34:36,77.39382032383217,-60.302018892846064,71.36699822887101
2024-01-26 09:34:41,74.72768671430218,-62.14941249169431,73.79631473339118
2024-01-26 09:34:46,76.13730264116353,-63.28749122852794,74.24861034340921
2024-01-26 09:34:50,77.57783014070476,-63.052542028496866,76.62004165947766
2024-01-26 09:34:54,74.98215980931757,-60.29300761298932,74.67353955966443
2024-01-26 09:34:58,74.59820906188932,-62.49515308939686,72.52983425874746
2024-01-26 09:35:02,77.14103341767387,-64.99459964622008,75.52051077916914
2024-01-26 09:35:07,75.54241913633716,-66.02858865270025,76.3464559411555
2024-01-26 09:35:11,77.90645587766562,-68.18882041358044,76.98520344117155
2024-01-26 09:35:15,76.02912053444328,-66.82835720235249,78.3116980880475
2024-01-26 09:35:19,76.02895833752703,-68.16330635496328,76.70923777536153
2024-01-26 09:35:23,78.92586431104208,-65.98538186392224,74.58557090362254
2024-01-26 09:35:28,77.31459397721765,-67.02546460177739,73.20651753350518
2024-01-26 09:35:33,78.64647382592952,-67.61964330812452,74.76039574741381
2024-01-26 09:35:37,78.42177981597368,-65.78075922318251,74.02144517849455
2024-01-26 09:35:41,76.17386567672746,-66.0913707756359,73.35363340313957
2024-01-26 09:35:45,76.73631296048123,-65.81273319724323,75.23654886274974
2024-01-26 09:35:49,78.43086801429754,-67.76467811751911,74.6318995119334
2024-01-26 09:35:54,78.00291189235557,-66.42266010050895,74.54980799725269
2024-01-26 09:35:59,75.99583706008859,-64.17258999271358,73.70648005002764
2024-01-26 09:36:03,78.5038594943081,-62.27717798874095,76.58911610407714
2024-01-26 09:36:08,76.29448655031916,-64.00527742905156,75.36125745224373
2024-01-26 09:36:12,75.61226675639521,-63.895911374944596,74.56552185347
2024-01-26 09:36:17,72.73478261394993,-61.45861678845522,73.03371049883461
2024-01-26 09:36:22,70.64385705272423,-60.00535279910096,71.01360597719622
2024-01-26 09:36:26,69.20150319376614,-58.98855792621554,71.42412880735945
2024-01-26 09:36:30,70.01145438870792,-61.926557269659135,68.70098829092065
2024-01-26 09:36:34,68.2172505619895,-61.574999335780134,67.2004554985358
2024-01-26 09:36:38,65.54759335877453,-62.38458922361938,65.60944641722226
2024-01-26 09:36:42,68.40771802647065,-60.12464788801326,65.58397680908026
2024-01-26 09:36:47,71.21785986261156,-63.02004339658862,66.35258708258523
2024-01-26 09:36:51,70.49242146719888,-61.971106036463446,68.54900278928169
2024-01-26 09:36:56,72.00089940945452,-60.1516974984557,71.44137880270219
2024-01-26 09:37:01,74.84131357282,-58.33171921162072,69.13126506619133
2024-01-26 09:37:06,73.87704012878858,-60.4117912162312,67.58480217499535
2024-01-26 09:37:10,74.313738634032,-57.86556523047131,65.14868050987333
2024-01-26 09:37:15,72.70019779724713,-60.7987871929664,65.30727646579592
2024-01-26 09:37:19,71.96597999452143,-62.992436887116405,64.45766890456353
2024-01-26 09:37:24,71.4909276715618,-60.5346570681232,62.30620965953642
2024-01-26 09:37:28,72.37874488430495,-62.622419191090074,61.84916273439278
2024-01-26 09:37:32,71.88291204979049,-64.49501096205253,63.206414972622156
2024-01-26 09:37:36,73.48501210004584,-65.94625969158835,62.34926422050006
2024-01-26 09:37:40,75.47289282300535,-64.68868756446764,61.665925165198885
2024-01-26 09:37:45,76.33713046436874,-61.771853584232105,60.379816704710535
2024-01-26 09:37:50,77.70079057088832,-61.03583816518201,58.802782642418755
2024-01-26 09:37:55,80.3836887342048,-61.944900120404014,59.58264301082208
2024-01-26 09:37:59,78.56673792119886,-59.68009274399734,61.65009941141868
2024-01-26 09:38:04,76.40291107349334,-59.06708200456333,62.06155650729947
2024-01-26 09:38:08,74.72209321966862,-59.46384982095026,60.78051242164398
2024-01-26 09:38:12,74.47578686805024,-59.71130561605427,58.925711364465556
2024-01-26 09:38:17,74.48904735486109,-58.216981935773916,60.51806138791702
2024-01-26 09:38:22,75.66850406162146,-55.92135172829786,61.744285101811954
2024-01-26 09:38:27,77.19602019717875,-57.899601353763806,63.8430479756759
2024-01-26 09:38:31,76.84130104985879,-56.49637843070721,65.89428364846778
2024-01-26 09:38:35,79.01821203906086,-54.40079737696477,66.68279661126626
2024-01-26 09:38:39,77.32093676699893,-52.15547698748688,64.64245428194614
2024-01-26 09:38:43,74.48888196402343,-52.05122433564645,63.17296379709994
2024-01-26 09:38:47,72.24468503800878,-52.24889583547719,65.88385623064391
2024-01-26 09:38:51,72.46472804841827,-50.88116775948029,68.66520417864211
2024-01-26 09:38:56,74.02146376724632,-50.63887606339603,70.5124301804077
2024-01-26 09:39:00,75.21891881495121,-51.504071843421784,72.007290830798
2024-01-26 09:39:05,74.21127586794566,-53.61716956023339,69.62502237560426
2024-01-26 09:39:10,73.07455552514004,-53.365470150022006,68.26868235993543
2024-01-26 09:39:14,75.29252923465114,-51.99069384707697,68.34984293911793
2024-01-26 09:39:19,75.24647824946229,-51.05922970250153,69.22885373385822
2024-01-26 09:39:23,74.00136108462117,-51.23855705650968,71.44779925159631
2024-01-26 09:39:27,71.20297273322929,-49.74005815100696,70.48969497144809
2024-01-26 09:39:32,70.15631627711909,-48.56480751596625,69.64260445335329
2024-01-26 09:39:37,70.3059012586539,-50.31803611755061,69.3391469785018
2024-01-26 09:39:42,70.24378546236,-48.07467687830595,66.41136808435114
2024-01-26 09:39:46,68.18315500977356,-46.86070801243784,65.69442932862927
2024-01-26 09:39:51,70.93681240927592,-44.884889754202916,63.431143681980885
2024-01-26 09:39:55,73.37093007675766,-46.21058659212843,63.00515809117475
2024-01-26 09:40:00,71.63971476195275,-44.64280553669722,62.56812082155156
2024-01-26 09:40:04,69.81827673124344,-46.19485760274209,60.62399260586583
2024-01-26 09:40:09,70.3945273358917,-48.65776363750487,58.03388377964845
2024-01-26 09:40:14,68.63704386960768,-49.22755747715376,60.314648454914
2024-01-26 09:40:19,67.47335055237085,-51.49046111690922,63.01733260757524
2024-01-26 09:40:23,70.12232452490537,-48.95604183763311,62.73269344764941
2024-01-26 09:40:28,72.6128378379129,-47.20075870967058,62.41334008702911
2024-01-26 09:40:33,71.5895916726116,-48.17608048924202,63.07603794156017
2024-01-26 09:40:38,72.91590119656311,-48.58508892727905,62.675776628598754
2024-01-26 09:40:42,70.94900502028328,-48.47789322828124,62.88353753156096
2024-01-26 09:40:46,72.60736967587151,-46.2646653401058,61.302876382041816
2024-01-26 09:40:51,75.39396618582666,-45.71408660615665,63.095560156390704
2024-01-26 09:40:56,77.26997769107201,-44.14742103324722,65.52677415954622
2024-01-26 09:41:01,78.99375701750748,-45.94142544075885,63.54252728715255
2024-01-26 09:41:05,79.92625438730869,-45.577905630105455,61.82357481223718
2024-01-26 09:41:10,78.80462139230046,-45.882655866360885,62.78215861584732
2024-01-26 09:41:15,77.14217400006827,-45.84238878930938,64.42034335249399
2024-01-26 09:41:20,75.68291282487016,-45.0664281269097,64.52952021701341
2024-01-26 09:41:24,74.31092101088765,-47.36372637421686,63.20456881052151
2024-01-26 09:41:29,73.18513038206102,-48.98804097957035,64.30117225096322
2024-01-26 09:41:34,76.04451596648435,-48.02477996959145,62.9210622358227
2024-01-26 09:41:38,73.72469170202187,-48.92695074985965,62.929657890480144
2024-01-26 09:41:42,75.8433414718016,-47.19600901378343,65.676856154548
2024-01-26 09:41:46,74.48167366204731,-45.1862460472331,67.87243404775738
2024-01-26 09:41:50,74.62422658608942,-47.14844485485052,67.66166521596867
2024-01-26 09:41:55,75.322797738458,-46.438853374516775,69.71897930915263
2024-01-26 09:41:59,77.70188722367037,-47.83344040311438,69.55519019796104
2024-01-26 09:42:03,80.16766392387181,-46.32666137123793,71.16886088796667
2024-01-26 09:42:07,82.83588754311887,-46.08198514649186,68.40039100468626
2024-01-26 09:42:12,84.26587390418739,-47.412121634608866,68.06860016846463
2024-01-26 09:42:16,81.67375119253575,-46.969232479181684,66.27075676990793
2024-01-26 09:42:21,79.74897625954007,-45.12893711760699,64.20212110684324
2024-01-26 09:42:25,79.48169566746061,-44.26453032832781,64.41554906220244
2024-01-26 09:42:29,76.61218255804833,-46.079760750432456,61.979521791979764
2024-01-26 09:42:34,74.38882732232634,-44.318693942720024,61.05401796285986
2024-01-26 09:42:38,77.23036979412731,-45.74440405964654,61.90265915803684
2024-01-26 09:42:43,76.76582521012546,-47.661622684782536,63.41402782232166
2024-01-26 09:42:47,76.68207771201557,-45.81527134800903,60.452099283106705
2024-01-26 09:42:51,79.54064502148725,-44.359110761035744,59.214743634833454
2024-01-26 09:42:55,79.43349278527778,-47.0832966079862,59.035681417004014
2024-01-26 09:43:00,77.32291546761512,-48.10942615439974,57.604931334855856
2024-01-26 09:43:04,75.64430988972852,-48.99924143978766,58.3986256298654
2024-01-26 09:43:08,77.4939414270418,-47.686817363052825,58.22833961868561
2024-01-26 09:43:13,76.489917256363,-49.00123423566985,60.2671922636031
2024-01-26 09:43:17,75.81390070422295,-47.04677342888716,57.9949435213353
2024-01-26 09:43:21,77.69726528834123,-47.730906861508025,56.51071351426752
2024-01-26 09:43:26,76.45079582483443,-46.91354789578513,59.13360816651854
2024-01-26 09:43:31,78.13615193533496,-47.21346416861572,61.0273760265959
2024-01-26 09:43:36,79.26183265861545,-46.13169192401739,63.00237614461585
2024-01-26 09:43:41,77.03766066513255,-46.247390226844146,64.30904277336904
2024-01-26 09:43:45,74.62295229168834,-48.91139530579349,63.13856222392599
2024-01-26 09:43:49,71.88177446323573,-49.69835599134963,65.15373444757884
2024-01-26 09:43:54,69.90855522788861,-48.32156661916128,64.8413454688868
2024-01-26 09:43:58,67.41804596179169,-51.06186680433345,63.35812275017909
2024-01-26 09:44:02,68.44566262407902,-48.945492688127835,62.32065528626693
2024-01-26 09:44:06,66.10755023596573,-51.21463696919186,63.78179542435613
2024-01-26 09:44:10,63.772531006629805,-53.07574184780462,60.972553430124265
2024-01-26 09:44:14,65.19440597056436,-54.340227652596816,63.322546358750984
2024-01-26 09:44:18,63.185865363371576,-55.53523666080511,61.62339160062582
2024-01-26 09:44:22,64.5200541350437,-55.70294400104426,60.48533367312619
2024-01-26 09:44:26,63.896599065483926,-53.66417120818525,58.23648659635087
2024-01-26 09:44:31,60.92040380484685,-51.00888203104034,58.574392385621515
2024-01-26 09:44:35,58.798369914432534,-48.502719801261755,60.774919461614836
2024-01-26 09:44:39,61.008703460219294,-48.73896235140616,57.99267061066466
2024-01-26 09:44:44,60.36151631078718,-47.74703636758506,56.8633223985704
2024-01-26 09:44:48,58.40176166330924,-46.907110907764384,55.9101445788932
2024-01-26 09:44:52,57.455297107054065,-48.43411382593637,58.74023730879738
2024-01-26 09:44:57,54.53431635943512,-48.71914274239824,59.95151556434909
2024-01-26 09:45:01,52.2136472150945,-49.05602762868195,61.26469386978158
2024-01-26 09:45:05,53.396341996698474,-48.28193536640861,62.23203331832815
2024-01-26 09:45:09,50.62722011417917,-47.100028442083556,62.29177967553221
2024-01-26 09:45:13,50.131363388285955,-48.44019269780686,59.53880102834293
2024-01-26 09:45:18,52.36779752435313,-48.73100981761418,59.062938657953495
2024-01-26 09:45:22,52.318160180846164,-46.68812198383606,56.212602007658134
2024-01-26 09:45:27,51.67175521102343,-48.53115886482195,56.220856571880994
2024-01-26 09:45:32,50.79841055379854,-46.58487732436861,55.37519261133605
2024-01-26 09:45:36,51.735814618705035,-43.86964205280191,55.21936775027551
2024-01-26 09:45:41,48.8494142196314,-41.71316375978954,52.59728459892353
2024-01-26 09:45:46,48.79520633935953,-38.91637439964151,52.879104262896995
2024-01-26 09:45:51,49.730954799849656,-40.24801428620442,52.7963442696475
2024-01-26 09:45:55,49.8287600896499,-42.780483578368724,54.0071731124945
2024-01-26 09:45:59,49.990079225518976,-43.74752516057755,51.74675903264618
2024-01-26 09:46:04,50.286539128915244,-41.64213091710798,54.286868672899196
2024-01-26 09:46:09,48.53682462850748,-42.97948875534181,53.146107444378835
2024-01-26 09:46:13,50.258011488733324,-44.08045473739174,55.292373420554114
2024-01-26 09:46:18,50.351886380074184,-46.85480421968894,53.50888441894749
2024-01-26 09:46:23,51.52365891937197,-46.44441385840757,55.345549153845404
2024-01-26 09:46:27,51.60512079084521,-44.5401209296333,57.115976230578895
2024-01-26 09:46:31,53.64220297866139,-42.088428081304755,57.235242660241646
2024-01-26 09:46:35,51.16117763487613,-42.099481492837214,59.474636013974276
2024-01-26 09:46:39,52.6111337428715,-43.960155616333985,58.677620971991175
2024-01-26 09:46:44,53.48845300304272,-44.67500974901168,57.02784664907762
2024-01-26 09:46:48,52.557135452171444,-43.50782175154751,54.508876382472494
2024-01-26 09:46:52,54.45038689430213,-44.93944296102286,56.37777906680391
2024-01-26 09:46:57,56.81040164112473,-44.52562081323145,59.279139946281575
2024-01-26 09:47:02,55.155262438316406,-42.90752182023739,58.70694307644036
2024-01-26 09:47:07,57.0977333407985,-41.11008459246458,58.789328103761896
2024-01-26 09:47:12,58.80087923885443,-41.134292598952435,58.813682412968255
2024-01-26 09:47:17,56.34660798113164,-42.571865103591286,60.15970229105888
2024-01-26 09:47:21,58.33794746026194,-45.34667981881711,62.37215282506162
2024-01-26 09:47:26,59.09870639072193,-47.543808353582996,62.71408925947084
2024-01-26 09:47:31,60.98519607286936,-50.16785836724106,65.34338706905321
2024-01-26 09:47:35,60.613068033540884,-48.85985620762206,63.78391511110992
2024-01-26 09:47:40,62.68175179492373,-49.98181979532707,63.71859042403658
2024-01-26 09:47:45,60.482509794728145,-51.253945051472705,61.372518634816004
2024-01-26 09:47:49,61.05731239577959,-51.074724803428914,62.10306328278352
2024-01-26 09:47:53,59.748078974240876,-53.831394070246255,64.05117288745711
2024-01-26 09:47:58,61.97555630827452,-54.66697525403013,65.13041315634275
2024-01-26 09:48:02,64.15222209670989,-51.99612534221297,67.14302870074002
2024-01-26 09:48:07,65.56100971196788,-54.80673119276385,68.59987961075441
2024-01-26 09:48:12,66.57457706244402,-54.50585419643592,68.34358452603459
2024-01-26 09:48:16,69.52790650638366,-56.72297437042803,65.51630577011474
2024-01-26 09:48:20,70.11606209328396,-59.438242110403934,66.89454212254893
2024-01-26 09:48:24,72.72115263875764,-61.02697940774228,64.28865538235371
2024-01-26 09:48:28,70.3789935159798,-60.61887838393874,66.563951614243
2024-01-26 09:48:32,68.89820863102746,-59.53969699886334,67.93324616952866
2024-01-26 09:48:37,68.41434160215938,-59.75928439513253,69.53341753761802
2024-01-26 09:48:42,66.20354742907388,-58.08704321487854,70.27305906544726
2024-01-26 09:48:47,66.27046154200914,-59.28767488763354,71.38326379494507
2024-01-26 09:48:52,65.88148530257004,-58.38923712885829,74.23381127304168
2024-01-26 09:48:56,66.96603222406388,-60.76219877175368,74.4853578333309
2024-01-26 09:49:01,64.59966666960604,-58.20018828254212,74.98419463078218
2024-01-26 09:49:05,67.27583740276579,-57.273006094389494,74.8935397448915
2024-01-26 09:49:09,66.33774876417682,-54.922653928816125,74.58274405041101
2024-01-26 09:49:14,63.770285800692136,-57.26109424383683,74.93641131779795
2024-01-26 09:49:19,61.246849948725114,-56.77463211039413,76.48240251017764
2024-01-26 09:49:24,62.685653899135204,-57.568040018741385,75.68374329160615
2024-01-26 09:49:29,64.83848113430838,-57.323645182878906,73.88106129360918
2024-01-26 09:49:33,64.32660010581257,-54.525141859957294,73.62357606076209
2024-01-26 09:49:38,62.41808759830367,-55.01810234834392,71.78092723039137
2024-01-26 09:49:42,61.36717733908537,-56.665122454818174,72.7516653594637
2024-01-26 09:49:47,59.04927069117991,-56.845690710367734,70.87489729702327
2024-01-26 09:49:51,56.92993445892187,-59.02241364415367,71.09895465241365
2024-01-26 09:49:55,54.26572807526215,-56.77129983837253,72.3327388256735
2024-01-26 09:50:00,52.35800518535939,-53.975460269767495,70.70070301954657
2024-01-26 09:50:04,51.29456106590142,-54.25148220480209,70.89815255073985
2024-01-26 09:50:09,50.32402169487958,-55.66872107759661,73.46305382905628
2024-01-26 09:50:14,51.981889163182196,-54.288447815949674,72.03152509650133
2024-01-26 09:50:19,54.312878972617256,-54.27073724497793,73.11966197522302
2024-01-26 09:50:24,51.71163842008282,-53.44211228444135,70.29335532476125
2024-01-26 09:50:29,49.34642805381356,-54.75540251068261,70.36324355952065
2024-01-26 09:50:34,51.101765757480734,-52.040931836194304,72.9923724764477
2024-01-26 09:50:39,49.62405433179457,-49.49930900312633,71.52324051400188
2024-01-26 09:50:44,49.83732549269672,-50.38324774109232,72.54418248559904
2024-01-26 09:50:48,47.464098742751695,-48.93261182411061,71.26738946963185
2024-01-26 09:50:53,47.29310001889803,-51.72911209584985,73.41887735107571
2024-01-26 09:50:58,45.967165388481796,-50.4254796861084,75.04389060342875
2024-01-26 09:51:02,47.56186508180291,-53.178289233634366,73.76936548497817
2024-01-26 09:51:06,50.18552444510561,-54.50130230507087,71.10268998513428
2024-01-26 09:51:11,47.245637135005296,-57.010872177233836,72.7925319990212
2024-01-26 09:51:15,46.518365697280736,-59.640225636439396,72.48960364831223
2024-01-26 09:51:20,46.30897843203148,-57.52832730905865,69.81286264555183
2024-01-26 09:51:24,48.32514888243584,-58.69351910759845,66.83213090713762
2024-01-26 09:51:29,48.618322388502875,-57.69032285939329,64.79392855252516
2024-01-26 09:51:33,48.942638175554286,-58.85100263089943,64.92901529423423
2024-01-26 09:51:38,48.08331939171827,-57.588158244728525,61.93233701244161
2024-01-26 09:51:43,47.693261829271044,-58.598560007851574,63.901342187960196
2024-01-26 09:51:47,45.25935136748116,-58.844789424943045,65.60190939296345
2024-01-26 09:51:52,47.069557974210575,-57.02003537451928,65.64571438004603
2024-01-26 09:51:57,48.868576216375956,-55.110401541452106,65.61910771471933
2024-01-26 09:52:02,47.91715900789816,-56.573314701164136,66.43874183684167
2024-01-26 09:52:06,49.00473058114576,-58.309766552030055,68.97990021824907
2024-01-26 09:52:11,50.13099990744947,-57.67534917961085,71.51060495938208
2024-01-26 09:52:15,48.8218594417744,-59.67838965012098,73.14445308695944
2024-01-26 09:52:20,50.50922060530406,-60.668388110043026,74.2849969317434
2024-01-26 09:52:25,50.159751104710296,-58.06604987169876,74.41600557357837
2024-01-26 09:52:29,48.98185333749439,-58.45671244433531,74.7639144542749
2024-01-26 09:52:33,49.50115142662112,-56.03761017648357,76.75312357253311
2024-01-26 09:52:37,52.31942961236252,-53.678144191340834,77.610573729859
2024-01-26 09:52:42,52.5326823346488,-51.440256620453155,75.44509422406463
2024-01-26 09:52:46,55.316765952048854,-48.51451627922022,76.80640857413513
2024-01-26 09:52:50,58.11024824143472,-50.01461788729529,77.25233909377332
2024-01-26 09:52:55,59.73866966245043,-51.99666634677678,78.78910279441251
2024-01-26 09:53:00,60.55292169047789,-51.428441441001475,80.89719531141728
2024-01-26 09:53:04,62.7251817640644,-49.262057378952115,83.57287678729769
2024-01-26 09:53:09,63.68223577407221,-49.971229678590134,81.50666357624422
2024-01-26 09:53:13,63.79189336772565,-52.368764501154814,79.47192452671315
2024-01-26 09:53:17,66.31864615148488,-51.49265375717889,76.83644412883203
2024-01-26 09:53:21,66.38247940865503,-53.62924553393417,76.99314667774014
2024-01-26 09:53:25,67.59936882266668,-56.19650756825494,76.44175615982265
2024-01-26 09:53:29,70.42747433859303,-55.47932818845363,77.87116942131881
2024-01-26 09:53:34,68.3595070612579,-56.73620185086135,75.54956510258495
2024-01-26 09:53:39,67.61253706259457,-56.40522403011552,76.72609143275542
2024-01-26 09:53:43,67.47235601925824,-53.83803338414417,77.40664659495731
2024-01-26 09:53:48,65.250567596465,-53.37847248611321,78.59493427358974
2024-01-26 09:53:52,65.72632605531636,-54.126468511338004,76.12115190804926
2024-01-26 09:53:56,62.915901212539595,-52.47769328320089,78.73662319803691
2024-01-26 09:54:00,60.66889979357388,-51.35963612221067,75.9939499769521
2024-01-26 09:54:05,60.80491978115354,-51.78382828902102,76.29628101841215
2024-01-26 09:54:09,58.663189834939175,-49.342845181519195,73.3283421200031
2024-01-26 09:54:13,56.09498699526435,-51.205322634458504,70.87593828887475
2024-01-26 09:54:17,58.790768120729,-53.98551973673454,71.06759710825187
2024-01-26 09:54:22,59.14172348206377,-51.78484938447059,73.03380487653608
2024-01-26 09:54:26,56.82044103201185,-52.093279463344295,74.95039012251242
2024-01-26 09:54:31,55.83940178039043,-53.77212569850755,77.16967309855849
2024-01-26 09:54:36,54.26266939218942,-56.06976005174005,78.79139412806221
2024-01-26 09:54:40,56.29764799035857,-55.54203908154046,77.42944468076547
2024-01-26 09:54:45,55.23078353126468,-54.408017338034846,79.85968283385164
2024-01-26 09:54:49,53.10465017735425,-54.28043824723693,79.38687021538266
2024-01-26 09:54:54,53.15230344269153,-52.22156072081316,77.59992271769241
2024-01-26 09:54:58,53.478791075729625,-52.22607620358947,79.88963850494963
2024-01-26 09:55:03,55.49275132016486,-53.426922834406,77.4010022177844
2024-01-26 09:55:07,52.915897230772295,-50.77132344017224,75.24570751374864
2024-01-26 09:55:12,51.13874665840819,-48.253454730438776,73.43792705535209
2024-01-26 09:55:17,49.429010369712294,-47.81034253358158,72.97598152152824
2024-01-26 09:55:22,51.984454255136036,-47.43708638488462,72.27115237362217
2024-01-26 09:55:27,50.254263685663965,-45.47373741279114,71.99998348416393
2024-01-26 09:55:32,47.694259783179284,-42.83717820182012,70.2734256284453
2024-01-26 09:55:37,45.802270329267316,-44.01599126408441,67.74418703599142
2024-01-26 09:55:41,48.13037981522419,-45.269009364221645,69.40288348314823
2024-01-26 09:55:45,49.97350252302395,-43.274135998553795,71.3374770354186
2024-01-26 09:55:49,52.67797717659616,-43.02731855893605,72.83606854624645
2024-01-26 09:55:54,51.32967598303536,-44.94927050231762,70.27798810551432
2024-01-26 09:55:59,51.320626202850285,-43.94978816794021,70.61172368237465
2024-01-26 09:56:04,49.186882931402465,-42.820822587093474,68.51463509055966
2024-01-26 09:56:08,47.99881356973739,-41.56987377712036,71.22644103903792
2024-01-26 09:56:13,48.49875635526271,-43.839386365068826,73.86242794249776
2024-01-26 09:56:17,51.26484715119412,-44.932817993091774,71.8918064438186
2024-01-26 09:56:21,50.23043600326752,-44.97610336001735,74.02134058998001
2024-01-26 09:56:26,52.55859723190768,-46.36959291035174,74.51237836188234
2024-01-26 09:56:31,54.717207987151305,-47.79470815719986,76.5445952547372
2024-01-26 09:56:35,52.76703131980517,-47.05707010404226,76.16451270829472
2024-01-26 09:56:39,51.86951789415526,-45.13987160176252,78.89491010079732
2024-01-26 09:56:44,54.0202505069859,-43.37575654606659,78.62039638776454
2024-01-26 09:56:48,52.715141605243666,-42.08923505612752,80.94993137247002
2024-01-26 09:56:53,51.0962434465694,-40.66318397176071,81.65759895099912
2024-01-26 09:56:58,51.31304242701807,-37.826431509669256,82.29136321542185
2024-01-26 09:57:02,50.07346351586714,-37.735116263074396,85.05996201002328
2024-01-26 09:57:07,50.53555108780425,-36.02062487088473,82.64160393819681
2024-01-26 09:57:11,53.067395072105064,-34.867366858287994,82.60095556721666
2024-01-26 09:57:16,52.703512062982995,-34.93552650049931,80.95356169329986
2024-01-26 09:57:20,52.23622320421749,-33.095953683533736,82.28977379518847
2024-01-26 09:57:25,49.970646634994004,-35.43413558591859,81.30348324066014
2024-01-26 09:57:29,48.338088707411146,-38.324039490303775,81.52940314002132
2024-01-26 09:57:33,49.61241021681676,-35.67350588108504,79.61178905700079
2024-01-26 09:57:37,48.35592254576455,-34.75080877595413,78.72287431544804
2024-01-26 09:57:41,46.020969770924935,-35.00678438361753,80.61053500586047
2024-01-26 09:57:46,45.203462340609434,-33.05151156460433,81.98016086231723
2024-01-26 09:57:51,43.04816654420552,-34.6704758467621,83.20807671236113
2024-01-26 09:57:56,44.36224468154741,-35.507996765414156,82.17893850198045
2024-01-26 09:58:00,42.603654278485806,-38.29042495055117,82.52763058986444
2024-01-26 09:58:04,43.30161465834504,-38.6464044758781,81.60364129624165
2024-01-26 09:58:08,45.11034207894817,-39.39796224352167,84.01796722859774
2024-01-26 09:58:12,46.180700952333765,-39.34972812968766,85.67983434545485
2024-01-26 09:58:17,49.000021001403354,-39.931444579354896,83.54310447846844
2024-01-26 09:58:22,51.35315860556825,-40.31722506033526,81.39731686218768
2024-01-26 09:58:27,53.165654521422475,-42.5031671293401,78.66004060180634
2024-01-26 09:58:31,52.316866268327615,-41.60342255452974,76.65225244236399
2024-01-26 09:58:36,52.621195597510905,-39.972737462057175,79.16098829228123
2024-01-26 09:58:41,53.33141980267613,-37.78485747412159,80.29543123124986
2024-01-26 09:58:45,55.98205286724052,-37.88672012254775,83.24501265300427
2024-01-26 09:58:50,53.84348998281503,-38.375577693777906,84.11227619752209
2024-01-26 09:58:54,56.44141132643583,-40.677345785697405,82.48706433648393
2024-01-26 09:58:58,54.02739888349025,-40.07226282426472,80.33709010932675
2024-01-26 09:59:02,55.27271165051528,-43.06847801490484,80.5190286836012
2024-01-26 09:59:07,58.18504840115702,-43.74200334632199,81.69941377169178
2024-01-26 09:59:11,60.05049980718787,-46.31928894591371,79.18142868622814
2024-01-26 09:59:16,60.010946047687185,-43.652955012775735,79.70647043293876
2024-01-26 09:59:21,57.88751042360788,-44.364278853341595,78.90294182694072
2024-01-26 09:59:25,56.36323215089129,-42.85301307017145,79.99272308512053
2024-01-26 09:59:30,57.1741736954084,-41.032740480210364,81.18753642311042
2024-01-26 09:59:34,58.29311272026947,-39.57865872768647,81.79235569930091
2024-01-26 09:59:39,57.38625510220805,-39.56936780018757,80.85035757014336
2024-01-26 09:59:44,57.53358905662394,-42.162249388504975,78.67917946133299
2024-01-26 09:59:48,59.15675014761881,-40.688129375244735,77.98085880141738
2024-01-26 09:59:53,59.24566119463947,-43.386500807664184,75.4606669842194
2024-01-26 09:59:58,61.93479954351703,-45.3396519476335,77.62326635573966
2024-01-26 10:00:02,60.36376814474392,-45.5584027113831,75.81521889052026
2024-01-26 10:00:06,59.14799873289858,-42.58068885617308,76.76131031986358
2024-01-26 10:00:10,56.353358110321494,-41.58029399761462,79.67035499887602
2024-01-26 10:00:15,54.698597795354544,-38.58196198470033,80.49274684582392
2024-01-26 10:00:20,56.71307158046021,-38.52693517063656,82.27931898561907
2024-01-26 10:00:25,55.990123843435526,-36.61110354878123,81.15083116689894
2024-01-26 10:00:29,58.67524279121338,-37.138030809876724,78.64659147613544
2024-01-26 10:00:34,56.64620342097056,-37.294057282050396,80.21341634065828
2024-01-26 10:00:38,59.645024232349144,-36.601679629791974,82.71665724155395
2024-01-26 10:00:42,57.45408562502647,-36.134226701567414,84.34762568060825
2024-01-26 10:00:47,57.6275230945728,-33.56476759635112,85.3186928673436
2024-01-26 10:00:51,58.01929722364391,-34.162412962109194,85.83969752584197
2024-01-26 10:00:55,56.37637015576599,-35.44034413163899,86.45849769528212
2024-01-26 10:01:00,56.44901486798223,-33.38907113716398,86.95777188441319
2024-01-26 10:01:04,55.47464514307265,-32.01567681693913,86.58837323221768
2024-01-26 10:01:09,55.894478233055416,-34.19817922676981,87.14082614128047
2024-01-26 10:01:13,57.06577444136968,-32.97633405508623,89.19069821409244
2024-01-26 10:01:17,57.438021814888316,-34.44120331486769,91.95281633503093
2024-01-26 10:01:22,58.35613355921525,-37.34806554857434,92.88036448035317
2024-01-26 10:01:27,57.35743798185005,-35.4459306749073,95.39460507817344
2024-01-26 10:01:31,55.56720534638727,-35.259042027401456,94.99385162161785
2024-01-26 10:01:36,55.86370357255934,-33.52746606993206,93.66534290353448
2024-01-26 10:01:40,55.84938542184758,-35.38856513684719,93.19634699199608
2024-01-26 10:01:44,57.04522346303992,-33.01210462992277,90.75902416967097
2024-01-26 10:01:48,57.99711147451233,-32.86634418925152,91.87396494238031
2024-01-26 10:01:52,58.93495433285016,-33.11538441156716,94.07517930117325
2024-01-26 10:01:57,60.95178127257813,-32.95285900711632,93.22818848414686
2024-01-26 10:02:01,59.72988463012091,-34.8151975554789,93.67903171832357
2024-01-26 10:02:06,61.490468416213744,-33.14712895241151,96.3797631958857
2024-01-26 10:02:10,63.35504544132739,-35.37515385873311,94.48344328541145
2024-01-26 10:02:15,63.29031514347977,-38.22474996092186,94.5685152437125
2024-01-26 10:02:19,63.88620838051226,-39.17910853073932,93.55816000228403
2024-01-26 10:02:24,64.41293640432674,-39.99056104983996,93.5922251160499
2024-01-26 10:02:28,63.1604502581461,-39.82931188957606,94.8669784779741
2024-01-26 10:02:32,64.6599067827305,-40.262584580058615,94.13097223356576
2024-01-26 10:02:37,65.08526896282993,-38.38275538886352,93.50881041571908
2024-01-26 10:02:42,62.800394293081666,-37.275564118735915,91.4685059960155
2024-01-26 10:02:46,60.89895108912512,-35.37659111846476,94.23425782175116
2024-01-26 10:02:51,60.988957110657054,-34.80979142735542,92.58292898668003
2024-01-26 10:02:55,58.24267479696917,-37.397019928499866,95.18654882261919
2024-01-26 10:02:59,60.123231521526456,-38.92113934591493,97.87349137187836
2024-01-26 10:03:04,59.39337277637452,-37.567897498713556,99.57339525596588
2024-01-26 10:03:08,61.097521681454396,-35.97041705626679,102.38185039803813
2024-01-26 10:03:13,63.26166844011888,-37.340619231100035,99.67072050767092
2024-01-26 10:03:18,64.19857948702861,-34.508197022419864,102.50601603580783
2024-01-26 10:03:22,65.89393893427219,-32.979827996209565,104.30893889100251
2024-01-26 10:03:26,63.43250758817804,-33.372129514918406,104.72672103339862
2024-01-26 10:03:31,63.885068296257344,-32.87666468444067,106.91505442949976
2024-01-26 10:03:36,66.50327905160252,-30.646290136397354,109.70445072552631
2024-01-26 10:03:41,68.90422855483926,-31.12563719240947,110.34657939372792
2024-01-26 10:03:46,66.53091418179321,-32.84777771267842,108.84258391358048
2024-01-26 10:03:50,63.53358130734304,-33.61257891804314,110.28827699484211
2024-01-26 10:03:54,61.146756973525385,-31.12037067987346,110.41127500089083
2024-01-26 10:03:58,59.028012066391206,-33.88672059738697,112.32621152200247
2024-01-26 10:04:03,57.96480391870864,-34.032649199074804,110.76527117608481
2024-01-26 10:04:08,60.71191989914037,-33.73911900187559,110.4477768271436
2024-01-26 10:04:13,63.44850705716445,-33.83566290802841,109.45903465867687
2024-01-26 10:04:17,64.57839743153933,-34.02518466777821,107.47566175833109
2024-01-26 10:04:22,64.54397786137156,-36.17931210205858,107.23875457878138
2024-01-26 10:04:26,66.19149667070988,-33.691633089549455,107.43208151021665
2024-01-26 10:04:31,67.69041742705751,-34.42408350479481,107.81880598840225
2024-01-26 10:04:36,68.8221618175819,-35.62560045835883,106.3979291847502
2024-01-26 10:04:41,70.98530878869516,-33.015853485417836,109.24639586643328
2024-01-26 10:04:45,71.59803137188625,-34.07981503714025,106.97047531402224
2024-01-26 10:04:50,74.17742493939251,-35.730623108783334,106.01944361836702
2024-01-26 10:04:54,73.06570746776697,-34.706169480049056,106.93987955051207
2024-01-26 10:04:59,74.10536606113749,-36.73598144082165,105.32408672672298
2024-01-26 10:05:03,76.38024327830666,-38.570129556580554,104.14943783944773
2024-01-26 10:05:08,76.26288584387528,-40.247128117350094,102.48638529391084
2024-01-26 10:05:13,75.66613495114372,-39.15513900589678,102.89917546204455
2024-01-26 10:05:18,75.66968175067342,-36.43276142141272,102.81602476804409
2024-01-26 10:05:22,78.23874130536876,-38.760045700265266,104.28842511269505
2024-01-26 10:05:26,75.89860734484338,-36.61136820738322,103.32620044406288
2024-01-26 10:05:31,77.03316401407065,-37.71229726239462,103.6840026867765
2024-01-26 10:05:36,75.3260130131418,-35.40148239455496,101.91558076728008
2024-01-26 10:05:41,73.64213292842139,-34.651077138178046,103.81165260436597
2024-01-26 10:05:46,73.15952234513604,-34.83890745787787,102.74303056914242
2024-01-26 10:05:50,74.34421207441895,-32.292362825009775,100.04739433161951
2024-01-26 10:05:54,74.40018839741724,-31.487053956686303,99.8668667275142
2024-01-26 10:05:59,75.15999449132373,-32.252066054442416,101.54428817142161
2024-01-26 10:06:04,72.43395450769532,-34.042226362950366,99.14791253283616
2024-01-26 10:06:08,70.11510134736183,-33.274308128772844,101.77360998110179
2024-01-26 10:06:12,72.07897330906178,-34.59907321464869,100.49840567651502
2024-01-26 10:06:17,70.10852087866472,-33.379233402378716,98.3587567290788
2024-01-26 10:06:21,72.3735187496414,-30.596118795848525,96.63185550341534
2024-01-26 10:06:26,71.46814447024391,-28.74693567176985,96.12783497384288
2024-01-26 10:06:30,72.03882469411798,-26.211938842717878,97.39605437369015
2024-01-26 10:06:34,74.41862628201568,-24.00528423264735,96.53610822315063
2024-01-26 10:06:39,75.3872049552605,-25.12872101464195,99.32858865976823
2024-01-26 10:06:44,72.62405124305414,-23.897913378810127,96.87432204028592
2024-01-26 10:06:49,70.93889431228207,-26.5129017391406,95.26403413351785
2024-01-26 10:06:54,71.83878776589698,-25.328197108203206,97.6440505972614
2024-01-26 10:06:59,69.11920837412991,-25.07053256302976,96.51412251792344
2024-01-26 10:07:04,71.0709130422654,-26.41851052397581,96.3350866251008
2024-01-26 10:07:09,71.84506005399848,-24.137045110797224,99.212487795888
2024-01-26 10:07:13,72.56392912669573,-22.285987553268797,97.85369555234811
2024-01-26 10:07:18,73.17787547558794,-19.783625887824577,99.78313664974429
2024-01-26 10:07:22,75.7458741287825,-22.275798151848136,96.99516604817408
2024-01-26 10:07:26,73.77891836300407,-22.714104715073546,97.05757464810735
2024-01-26 10:07:31,72.85868451201397,-23.89716131250861,99.78176775443647
2024-01-26 10:07:36,72.39454091268614,-22.09705284748818,97.01116034895787
2024-01-26 10:07:41,74.17016728768415,-21.647894799026414,99.07718745320705
2024-01-26 10:07:46,77.10153051899881,-23.521060976465087,99.83875986401449
2024-01-26 10:07:50,79.69992335407773,-20.562690815753733,97.6052725855069
2024-01-26 10:07:55,80.2564182337421,-19.572276339713014,97.42490921210569
2024-01-26 10:08:00,80.32909587957498,-17.263799526566054,97.84780100212703
2024-01-26 10:08:04,83.14219402207942,-17.320607732094558,99.04800421392001
2024-01-26 10:08:08,80.99179696582645,-16.9895572070617,100.66007955837534
2024-01-26 10:08:13,82.34139860195384,-17.919760844335055,100.47713900419727
2024-01-26 10:08:18,81.9105104804549,-16.559975866444294,102.75931642250096
2024-01-26 10:08:22,80.23179624278953,-17.787714078204683,101.8161054776962
2024-01-26 10:08:26,78.58022705385726,-20.77878623427194,103.03185935167181
2024-01-26 10:08:30,80.83272695460454,-18.34363395766715,100.1555561246433
2024-01-26 10:08:34,79.94399555310707,-16.8683524881168,100.47368974055567
2024-01-26 10:08:39,77.41783987750348,-17.658959855342328,98.56053891994834
2024-01-26 10:08:43,79.7504132315353,-17.30170955963967,97.12273996110362
2024-01-26 10:08:48,80.65168573448783,-18.9675019382262,98.73705974015363
2024-01-26 10:08:52,80.12734219310099,-18.968016598516364,97.32489784606496
2024-01-26 10:08:57,80.20259311273047,-19.07051183610784,96.9672164138336
2024-01-26 10:09:01,77.69733955523024,-20.79237778797049,95.53155722422426
2024-01-26 10:09:06,78.14783201141442,-19.362859814557073,93.94695819744604
2024-01-26 10:09:10,77.37328724531858,-17.40241207909982,96.67857086305156
2024-01-26 10:09:14,79.34515003132628,-16.473319978615685,94.68030946989377
2024-01-26 10:09:19,80.29300256197746,-13.540959981246164,94.66771705799715
2024-01-26 10:09:24,81.43347664529142,-10.642776170886654,92.96532919120187
2024-01-26 10:09:29,80.2219350165704,-12.87565159140909,92.14150474233251
2024-01-26 10:09:34,81.72121059087317,-13.5128726597605,92.44734717947968
2024-01-26 10:09:39,82.64881936320911,-12.518961075756735,94.64974719781415
2024-01-26 10:09:44,84.40252942186203,-11.387503659323183,95.14800573839162
2024-01-26 10:09:48,86.80400795581527,-8.451065731202608,93.46860148055548
2024-01-26 10:09:52,88.72563022890809,-9.001008615194348,94.2041469870669
2024-01-26 10:09:57,90.87690326945587,-9.233625287325218,92.24202623455383
2024-01-26 10:10:01,88.54672460655642,-7.497034082656203,95.21558223537048
2024-01-26 10:10:06,90.06488498734251,-9.40347589451491,93.02781849301601
2024-01-26 10:10:10,87.88590277331875,-10.46169367705692,92.17508293365108
2024-01-26 10:10:14,90.67891799592869,-13.273070189201489,90.80320769172461
2024-01-26 10:10:19,90.87942274748929,-14.277000453478566,93.0112517488705
2024-01-26 10:10:24,88.64068333708656,-15.31601797307171,90.6953990073631
2024-01-26 10:10:29,86.04873722808895,-17.913034844208312,88.33542579970886
2024-01-26 10:10:34,87.90321810586181,-17.377828671436205,90.50505667793618
2024-01-26 10:10:39,89.72374359738401,-15.911120861625015,91.10717383424212
2024-01-26 10:10:43,89.47083590686636,-14.532235985110614,90.70062129101906
2024-01-26 10:10:48,88.6132309386835,-13.433187276182771,91.92392911388882
2024-01-26 10:10:52,86.55016894298053,-10.519837805338181,93.16511851104262
2024-01-26 10:10:57,84.0227320594778,-12.849314995983274,92.391330605345
2024-01-26 10:11:02,86.81959029646059,-14.081129770223177,90.36207046291645
2024-01-26 10:11:06,85.66889301042181,-11.145803648279838,87.92306733681487
2024-01-26 10:11:11,82.76118183491316,-10.261047843769713,85.18261604657299
2024-01-26 10:11:16,84.82939780783332,-12.795863395394743,85.50568995318511
2024-01-26 10:11:20,84.5198609443591,-12.899224379344162,85.35240502858119
2024-01-26 10:11:25,86.8756587810885,-10.327703173388604,82.38531926960576
2024-01-26 10:11:30,88.45688768945676,-9.615209398419623,83.09196568461826
2024-01-26 10:11:35,86.01203511458,-6.7488991695571094,80.40979836031234
2024-01-26 10:11:40,88.2177621116575,-3.799077134560952,77.7669706629871
2024-01-26 10:11:44,89.10066170379046,-5.769558825353155,80.01147923878959
2024-01-26 10:11:49,88.97914889061575,-3.2338309970976136,79.06095215081129
2024-01-26 10:11:53,86.83307951992714,-4.890010671268158,80.14842595836555
2024-01-26 10:11:58,88.71811584311425,-5.8361447291617345,78.82375119344819
2024-01-26 10:12:03,90.39606773512881,-3.4734303512679174,81.68161665574321
2024-01-26 10:12:08,87.46474902401707,-0.6720943045501757,81.40757573183426
2024-01-26 10:12:13,87.29174928936581,2.1851457382917028,78.72540117114707
2024-01-26 10:12:18,88.25901499779238,1.9907793340623225,76.70547371317625
2024-01-26 10:12:22,87.84573875611295,0.4204664168709433,78.48403020846479
2024-01-26 10:12:27,87.16581349516888,1.3447910872888844,77.42271269432891
2024-01-26 10:12:32,87.01225620992467,4.25180797374573,74.84731949371903
2024-01-26 10:12:36,88.84719730698937,3.605097207934688,74.52671689845315
2024-01-26 10:12:40,88.85964520489219,2.819380585769288,72.50821297419628
2024-01-26 10:12:44,87.32453999560639,4.829957505767672,74.38016413197161
2024-01-26 10:12:49,86.39556947611644,6.771606504255562,75.39252987193743
2024-01-26 10:12:53,85.97849082370189,6.795634555067478,74.09111959513866
2024-01-26 10:12:57,86.55068387828709,9.031904231674991,71.10798168232886
2024-01-26 10:13:01,88.42697181953295,11.282489232419225,69.77057455538905
2024-01-26 10:13:05,88.06585762605228,12.609412995439971,68.04388611592852
2024-01-26 10:13:09,90.3136213368178,13.178555911073978,66.18075168588165
2024-01-26 10:13:13,92.33003068683927,14.90622903992179,65.0766037422687
2024-01-26 10:13:17,91.52790682557142,13.822696697350235,65.34043511626167
2024-01-26 10:13:21,91.4455714245636,15.750478845963606,65.74379846320542
2024-01-26 10:13:25,92.05120890077814,17.148271450242003,68.05931475074904
2024-01-26 10:13:30,89.06542874873922,14.752641213633751,65.32543849370074
2024-01-26 10:13:34,88.63007613640593,15.803521448818024,67.74036611428585
2024-01-26 10:13:38,89.40178832801712,16.555242615387776,66.36895057614309
2024-01-26 10:13:43,88.4786844698162,17.968246774789677,68.95805183899537
2024-01-26 10:13:48,91.3975126714645,17.005715405646235,69.14688852228196
2024-01-26 10:13:53,91.35452986135856,18.285632375760464,68.5745710729776
2024-01-26 10:13:57,88.73714586067048,19.727483062213192,69.52344111618237
2024-01-26 10:14:01,90.58289935392244,17.243007673171405,69.1296192489793
2024-01-26 10:14:05,91.2127923154555,18.738830357710277,68.5827725670573
2024-01-26 10:14:09,91.12591923965779,20.12462104105782,66.93586753791702
2024-01-26 10:14:14,89.42373540677363,17.370753823482257,64.54946185390712
2024-01-26 10:14:18,89.40497579578933,15.007108208351255,65.2364530495179
2024-01-26 10:14:22,91.58743878181261,15.330773401283157,63.81185736110882
2024-01-26 10:14:27,93.09024759605104,14.027299115751994,63.57883428155854
2024-01-26 10:14:31,92.01633999132079,15.411884609538916,61.4474381010301
2024-01-26 10:14:35,93.61708356227838,13.714937133397719,58.966751700346954
2024-01-26 10:14:40,94.56888632633948,14.453956939929231,58.87719979852929
2024-01-26 10:14:45,93.19164565215439,14.755321441095901,57.14115559525191
2024-01-26 10:14:50,92.47725430636017,13.729401407896763,57.679861108165284
2024-01-26 10:14:55,94.88241381702912,14.306411759010363,57.157273495157256
2024-01-26 10:14:59,93.36077101752372,12.19815616022413,59.62328953918028
2024-01-26 10:15:04,94.23848364900492,10.626149374439223,59.913953117337755
2024-01-26 10:15:09,91.347638925349,11.9194375488483,58.338109459501226
2024-01-26 10:15:13,89.26573364424081,11.695297144665034,57.758263006940375
2024-01-26 10:15:18,91.28124126222201,14.439925809525455,59.77981983193776
2024-01-26 10:15:23,92.21120433791684,14.286557129962485,59.795924118984985
2024-01-26 10:15:28,93.98076742784156,12.548640454271,60.955550756674484
2024-01-26 10:15:33,95.8630860822241,14.199646960349178,63.07773349967327
2024-01-26 10:15:37,97.60048311152025,12.508545137070763,63.008199797709196
2024-01-26 10:15:41,98.34950911476346,10.81723818021098,64.5047289600549
2024-01-26 10:15:45,97.0203769458961,7.901839032364457,64.5821308151657
2024-01-26 10:15:50,94.44212905278121,7.235365991925422,62.49824959989847
2024-01-26 10:15:55,96.68638357556624,5.554102887463124,64.79408195809737
2024-01-26 10:16:00,96.42750510630393,8.275947181647812,63.84952626320607
2024-01-26 10:16:05,97.96824229793182,9.732212797642859,66.27235486639432
2024-01-26 10:16:10,98.6685117016241,7.878241353099147,66.55279668744454
2024-01-26 10:16:15,97.09020976047965,8.123052273209186,65.90765959695474
2024-01-26 10:16:20,99.46191800087237,10.466270128306935,64.93366067879377
2024-01-26 10:16:24,98.3857940389505,10.453306674249973,66.03996974009857
2024-01-26 10:16:28,95.440296401716,10.40476641393342,66.74389430308229
2024-01-26 10:16:33,95.9452299067824,12.224270126416714,68.79079610968402
2024-01-26 10:16:37,97.57437926053355,14.05364303465159,68.27747324762312
2024-01-26 10:16:42,100.32873357116029,13.337734150931826,67.0092320907545
2024-01-26 10:16:47,102.69697633063062,15.333549082301776,64.04616794779436
2024-01-26 10:16:52,104.86609338431576,18.117216411816006,65.3519488012731
2024-01-26 10:16:57,104.74368301358723,15.875608915214443,65.87926656914333
2024-01-26 10:17:02,103.99643976697277,15.850046127185173,67.98365723181735
2024-01-26 10:17:07,101.86970307054673,17.217690130431734,68.01350329314344
2024-01-26 10:17:11,102.91858001118337,19.58098654363357,66.27619451749236
2024-01-26 10:17:16,104.38172175688686,17.295674478680287,66.09541219008801
2024-01-26 10:17:20,105.34441051597244,17.76169578909305,63.34427199461595
2024-01-26 10:17:24,105.65075867893628,16.860719569848712,64.38258056275528
2024-01-26 10:17:28,103.09956790815883,17.479399837527335,66.16971646289497
2024-01-26 10:17:33,101.11424132787124,16.53613615990386,66.71336212554903
2024-01-26 10:17:37,98.37054310662516,15.400253908296826,69.37550285501857
2024-01-26 10:17:42,99.02204028979449,15.743119788722403,71.3312650938846
2024-01-26 10:17:47,99.92578990519283,16.88499847994997,71.83407288688856
2024-01-26 10:17:52,102.60287448481728,14.498779498442289,73.01866674752291
2024-01-26 10:17:56,103.19478612739886,14.642440567286638,70.90163573682744
2024-01-26 10:18:00,101.22002756254358,16.679190944207324,71.1513101216547
2024-01-26 10:18:04,102.84852491797439,19.28292046716894,71.67821749569704
2024-01-26 10:18:08,103.18313322658216,19.397339443031726,71.24655148334023
2024-01-26 10:18:13,104.55322098312003,18.846142491600244,71.8925509025739
2024-01-26 10:18:17,103.65974687961724,20.313924366701123,70.99546419441658
2024-01-26 10:18:21,103.58309624603294,18.21289918819947,73.50016133036837
2024-01-26 10:18:26,101.89747884954305,21.18448306541059,72.32156137418464
2024-01-26 10:18:31,100.58167933521699,21.6383789988198,70.78852586494106
2024-01-26 10:18:36,100.17029048160767,23.382100617189018,71.66644770370984
2024-01-26 10:18:41,100.89818953377254,20.520860337528912,72.79335714933393
2024-01-26 10:18:46,102.21942012024091,21.40878067154327,70.50726568985998
2024-01-26 10:18:51,103.5450327774012,22.770072423623734,73.16231089183728
2024-01-26 10:18:56,106.4717730119984,22.732479859633877,70.89429038603416
2024-01-26 10:19:01,104.77018807231302,21.24362134786934,69.10878146958247
2024-01-26 10:19:05,106.7821535492007,23.802032779506014,68.53323411091161
2024-01-26 10:19:10,107.34865549661008,21.99520612389133,66.24300303496778
2024-01-26 10:19:14,109.26662944367432,20.82469030340597,64.34845527717088
2024-01-26 10:19:19,107.39968538790964,18.839903219169898,64.81446761682254
2024-01-26 10:19:24,104.47128704117162,17.165204202171054,63.48718757104817
2024-01-26 10:19:29,104.68608558205369,15.82518028065996,61.611303652018265
2024-01-26 10:19:34,106.4194210294943,16.7115973444096,63.65263420457437
2024-01-26 10:19:38,107.30626913554093,18.534755583258775,63.725114651103084
2024-01-26 10:19:42,105.89441698493786,16.25002320414189,61.92971204807765
2024-01-26 10:19:46,105.12523161083485,17.287943017539202,62.436303804156026
2024-01-26 10:19:50,104.70525547233342,18.579405169155628,62.190188233258624
2024-01-26 10:19:54,106.04925270511916,16.650876772122103,62.7219401660098
2024-01-26 10:19:58,103.15356425464122,14.16302536701832,60.05675106519157
2024-01-26 10:20:03,105.99943002669927,11.306379594459221,59.44564255941438
2024-01-26 10:20:08,106.03218206431737,8.390293537480877,56.92443647006842
2024-01-26 10:20:13,105.52255364589143,9.448298154017593,54.764002267964976
2024-01-26 10:20:18,102.64438315027616,10.089007570953516,57.18230134331192
2024-01-26 10:20:22,103.54371394644689,10.938030669040884,59.04274891192559
2024-01-26 10:20:26,103.92878591012762,12.87416961076963,61.93226548370028
2024-01-26 10:20:30,101.39796435149644,9.993216923925301,59.784383793821014
2024-01-26 10:20:34,100.20844307518165,8.512848030673856,61.96973607896834
2024-01-26 10:20:39,101.77913948975456,9.6699484011951,64.06044990605152
2024-01-26 10:20:43,99.86412693281933,10.776687808035181,61.46301647803273
2024-01-26 10:20:48,100.90669996607292,9.777950171033346,64.08229316081122
2024-01-26 10:20:53,103.90061030124062,7.19879428589244,61.532866619918664
2024-01-26 10:20:57,102.08176606180444,5.346482063138598,62.17411663083459
2024-01-26 10:21:02,99.24864671600145,6.0045236946420495,64.02713011283943
2024-01-26 10:21:06,101.17304355181129,4.504733548686113,64.49892920929325
2024-01-26 10:21:10,100.20899180689666,7.136701952340026,62.99638900981989
2024-01-26 10:21:15,102.41211285446406,8.007975445905043,63.696230357178095
2024-01-26 10:21:20,101.74750912072417,9.045542410499417,64.95974974336397
2024-01-26 10:21:24,104.55895191289191,7.861941727905872,67.74006726060534
2024-01-26 10:21:28,102.72612250158375,9.262656238608379,67.99519710254177
2024-01-26 10:21:33,102.99920251476236,7.102311687236689,66.0357720263613
2024-01-26 10:21:37,105.43343824079588,7.849980605455981,65.74019939905601
2024-01-26 10:21:42,107.38488507760907,8.567786170534815,64.06931622841117
2024-01-26 10:21:47,109.90960092363164,8.871176797685226,65.92007378226953
2024-01-26 10:21:52,110.00153410312089,6.645613434693132,68.20437768262431
2024-01-26 10:21:57,108.55759140182451,5.012392840214897,66.11611199372027
2024-01-26 10:22:02,109.19967663787511,7.172993077036486,63.21915772157388
2024-01-26 10:22:06,106.36243224908989,5.4842750502378,61.5832087199188
2024-01-26 10:22:10,106.9562954517522,7.794296802234761,58.61625539149974
2024-01-26 10:22:15,107.4664892425033,9.312649251392376,58.0503899654975
2024-01-26 10:22:19,109.74609248987225,10.300246761556064,56.15797373044478
2024-01-26 10:22:24,110.98084594117609,11.004081237231066,56.469899905882095
2024-01-26 10:22:28,111.59320194871893,13.662505973170099,58.98822970551023
2024-01-26 10:22:33,112.56959604069796,12.2063557370523,61.338039006309714
2024-01-26 10:22:37,114.37625005808182,10.571642587571535,62.46317208629439
2024-01-26 10:22:41,113.3082494080318,12.138330791304682,63.372064310512314
2024-01-26 10:22:46,115.24341648696785,10.475780177124236,60.498217337393505
2024-01-26 10:22:51,116.83570258990623,12.18415728102864,61.233404230124336
2024-01-26 10:22:56,118.31429996113059,11.277043850171903,60.164486364675014
2024-01-26 10:23:01,120.77546607546132,10.492669296253665,59.93323293757434
2024-01-26 10:23:05,119.60938975302909,8.857483909972498,61.10656300427328
2024-01-26 10:23:09,120.21059079839424,6.185765406456039,62.8388663950946
2024-01-26 10:23:14,118.50258916206438,5.843254356744305,64.20944697638392
2024-01-26 10:23:18,120.87488391637164,6.477375344541915,64.02189683775096
2024-01-26 10:23:23,117.94528005507873,6.39894008419834,62.696064566192916
2024-01-26 10:23:27,117.50617745176177,4.9633519005239215,61.22934708441312
2024-01-26 10:23:31,120.06852583129871,6.728354145012641,60.351881795403294
2024-01-26 10:23:35,120.93835039710275,5.165420755041513,58.34404869319351
2024-01-26 10:23:39,123.82044873520304,6.887068181004771,58.73540331847729
2024-01-26 10:23:43,126.0480250916738,7.603742206679954,61.43019279948119
2024-01-26 10:23:47,124.88174665726025,5.0211782711815065,61.275833696584925
2024-01-26 10:23:51,123.59170681092574,2.3336402415082658,63.75372101093352
2024-01-26 10:23:55,124.13204314521029,0.8175383637281186,63.246225986641406
2024-01-26 10:24:00,121.87894480308124,-1.6832077371061818,62.840860166642244
2024-01-26 10:24:05,119.89810290078738,-2.37260671515596,60.042953508917485
2024-01-26 10:24:09,122.0992105546455,-4.683787097376421,62.45527437573125
2024-01-26 10:24:14,122.89349201408588,-3.2535940296435575,61.31569650135002
2024-01-26 10:24:19,125.0369632198271,-4.748374712039703,60.37189577438645
2024-01-26 10:24:24,127.96739386848233,-7.362777316194874,57.572773289214624
2024-01-26 10:24:28,127.43560258373176,-8.622180297450008,59.25531881246003
2024-01-26 10:24:32,125.73453738268697,-5.868644615606577,56.30644412808094
2024-01-26 10:24:37,127.58632907990557,-8.685501068806039,56.37070685028387
2024-01-26 10:24:41,128.3194175000267,-6.685968960177124,56.465142327575855
2024-01-26 10:24:45,129.78681574647428,-4.213247925828929,57.456565819333896
2024-01-26 10:24:50,128.5296636601353,-5.789163069889194,55.52686518635012
2024-01-26 10:24:54,130.9543439155907,-2.8794321610175553,57.34135359011577
2024-01-26 10:24:58,130.93070998469972,-3.0184116186250582,60.112823834815885
2024-01-26 10:25:03,132.91137158675488,-0.7908864381796379,62.0873113853724
2024-01-26 10:25:07,132.3607091617241,-3.1097717839119605,60.77935783700193
2024-01-26 10:25:12,132.21613838587382,-1.2656653295453548,62.73615655143132
2024-01-26 10:25:17,130.5402777350566,-3.582632753180928,63.154439456295435
2024-01-26 10:25:21,131.1799767729707,-2.858009163140092,62.159128468023624
2024-01-26 10:25:26,129.09628940697712,-5.485197214554151,61.00868663023499
2024-01-26 10:25:30,130.73588924993368,-3.142192195123319,62.866319473581015
2024-01-26 10:25:34,128.643718942334,-4.774755433319239,63.89656064361908
2024-01-26 10:25:38,130.0125940004472,-6.551542759336517,66.4140067993218
2024-01-26 10:25:43,131.82277022406262,-6.714000841349969,65.98499870829481
2024-01-26 10:25:48,129.2844378459858,-7.181049532135271,63.49328145740117
2024-01-26 10:25:53,126.95785171168853,-5.165916845284176,64.98033434290842
2024-01-26 10:25:57,127.4336916972413,-7.558117570154344,65.79451677769991
2024-01-26 10:26:02,126.1197038020824,-6.935452888095062,65.60687097985311
2024-01-26 10:26:06,127.45254362943305,-4.761368980294458,67.69502137135876
2024-01-26 10:26:10,127.45953243920326,-2.9109402225617806,64.96286293507873
2024-01-26 10:26:14,124.96028076878974,-5.643199400106544,65.1559138522478
2024-01-26 10:26:18,126.83446320264909,-7.226801136767329,67.99653411847679
2024-01-26 10:26:22,126.24450828856541,-5.153060078260138,66.07119286681235
2024-01-26 10:26:26,125.59488373015805,-4.001153703381642,67.88897869726762
2024-01-26 10:26:30,126.57164673137174,-1.2001113680251452,66.97071437287342
2024-01-26 10:26:34,126.43495914367847,0.5824443622167133,67.2265753555143
2024-01-26 10:26:39,127.76671100372582,-0.863063641293266,68.54057618857532
2024-01-26 10:26:43,128.02382523980305,-1.2493403981417992,65.88399183436267
2024-01-26 10:26:48,130.35942060045318,0.9766559273688427,63.61233041513394
2024-01-26 10:26:52,130.71005715204657,-0.22080768244892246,62.97247045042644
2024-01-26 10:26:56,132.91930291642194,-1.0996851272991757,63.541950422718514
2024-01-26 10:27:01,133.43277017171295,-2.457880367047558,66.00344111845779
2024-01-26 10:27:05,133.49442353688602,-3.9587068589387355,63.391325150369184
2024-01-26 10:27:09,132.50191045634492,-1.5753487185945065,63.84991948844744
2024-01-26 10:27:14,131.39814193691274,-0.7483662207297055,64.0140889238343
2024-01-26 10:27:19,133.05431991167427,-1.8915758265837044,63.628850575535836
2024-01-26 10:27:23,130.49590359153848,-2.751755315587519,65.51017774913066
2024-01-26 10:27:28,128.6437230041384,-4.414353641915357,67.71378004948846
2024-01-26 10:27:32,127.02296644900005,-2.4786915332441017,68.91255581157202
2024-01-26 10:27:37,128.36365762530124,-3.9933257170540974,66.6842037905864
2024-01-26 10:27:41,130.14991724057393,-5.5682525975116395,68.11123459972268
2024-01-26 10:27:46,128.1876964361924,-5.26862037191696,69.76124345802606
2024-01-26 10:27:50,126.96951240004012,-5.2252473210530095,69.7639645675742
2024-01-26 10:27:54,127.86405285536623,-4.762003528555696,68.31288618608878
2024-01-26 10:27:58,129.36251196065976,-6.405265237984079,69.76657842619166
2024-01-26 10:28:03,132.20145467328436,-6.693250791449893,69.71281465274816
2024-01-26 10:28:08,131.47442473102575,-4.625956998931215,69.41269565717118
2024-01-26 10:28:13,132.8886543434106,-3.045593256269129,66.56964436576169
2024-01-26 10:28:18,133.34503328484993,-4.977779251158506,67.84343572190407
2024-01-26 10:28:23,131.29065473518705,-4.882665269295717,66.57568137769887
2024-01-26 10:28:27,130.69801553479675,-2.7168710532222358,68.74571920791823
2024-01-26 10:28:32,129.99515029446144,-2.55169772473483,68.80624865721353
2024-01-26 10:28:36,128.95014246900752,-2.6641793901529556,68.54399470339402
2024-01-26 10:28:41,127.0445226412734,-2.3051513285000627,66.6465455173582
2024-01-26 10:28:45,125.50236842613828,-3.973072896571236,63.797637189222016
2024-01-26 10:28:50,125.71868560261493,-6.908332405687599,65.3733677211517
2024-01-26 10:28:55,124.93428633394967,-4.251183177109959,66.8711159167746
2024-01-26 10:28:59,127.3588228513442,-1.5689945413335948,69.73536747533447
2024-01-26 10:29:03,125.39421385277936,-1.8227722907694717,69.15549699198226
2024-01-26 10:29:08,128.29014057865353,-3.241068870978358,70.28469243557211
2024-01-26 10:29:12,127.23666244098055,-4.918325595850197,69.38679172162192
2024-01-26 10:29:16,127.72490070313293,-7.041297304931473,71.25517029489549
2024-01-26 10:29:20,129.68975638326404,-4.190748882366364,68.34795957362894
2024-01-26 10:29:24,132.33364946439804,-3.962081246496889,66.26448193149197
2024-01-26 10:29:29,132.7166580168611,-5.6128682303117765,68.26839845038134
2024-01-26 10:29:34,131.42177712284138,-4.1644414931312745,68.43891002174125
2024-01-26 10:29:38,133.82357207325927,-6.0772897030779855,66.59008430136724
2024-01-26 10:29:43,136.12361757492332,-3.8465067580871812,69.31480815075936
2024-01-26 10:29:48,138.84312672119216,-3.407977094812667,69.4447603850824
2024-01-26 10:29:52,141.66435268813274,-5.477228592311436,69.11681327647571
2024-01-26 10:29:56,138.83313762436075,-4.362168577343023,70.94061698621722
2024-01-26 10:30:01,138.5598138106438,-7.254352485124157,72.03729544995274
2024-01-26 10:30:05,136.01433790913666,-4.844946161035691,73.12570342735367
2024-01-26 10:30:10,137.48818613484764,-5.683322300667303,71.68609713885921
2024-01-26 10:30:15,139.1499954090179,-5.284121163080394,73.05979025918259
2024-01-26 10:30:20,136.92016261079547,-7.316669130710388,75.33644349602201
2024-01-26 10:30:25,138.55109312772476,-5.723144923330192,78.1604882267752
2024-01-26 10:30:30,136.90143631738277,-7.900017168279283,78.19940279247322
2024-01-26 10:30:34,135.15051909214745,-6.660723447429979,80.58058979672477
2024-01-26 10:30:38,132.41664541455964,-6.80867336505711,79.87675887899546
2024-01-26 10:30:43,131.81511666877293,-6.3101199027854395,81.34210961409059
2024-01-26 10:30:48,131.77259684778463,-4.87783950976059,80.36390224239864
2024-01-26 10:30:52,130.98836133575932,-6.001692858931962,81.35659199258065
2024-01-26 10:30:56,132.10736324288482,-3.727463134276854,78.97160990661678
2024-01-26 10:31:00,129.14885927908253,-6.082343269759878,78.47263768146415
2024-01-26 10:31:05,128.74633669344672,-7.300411225598854,77.34213197658605
2024-01-26 10:31:09,127.44721426096064,-6.457024216058895,79.2135714141831
2024-01-26 10:31:14,127.63770042009546,-3.5467850299599473,79.50192114875503
2024-01-26 10:31:19,124.93900123211259,-1.4178577662097647,80.02472009654187
2024-01-26 10:31:24,125.02079399111986,0.7733974753216222,77.31094041347845
2024-01-26 10:31:29,127.5161459088408,1.8394546979372723,79.09143048625778
2024-01-26 10:31:34,126.22267857172457,0.02669166516562882,77.6792608671335
2024-01-26 10:31:39,123.49662916203616,-1.1787622183544948,78.49812145466336
2024-01-26 10:31:43,123.39998598349987,0.7687314682858477,80.1466003470623
2024-01-26 10:31:48,126.10089810356226,-1.3679766189132525,79.47559522728267
2024-01-26 10:31:53,128.17500666020527,0.5592842726733247,78.6186707689675
2024-01-26 10:31:58,130.78268429302122,-0.23096379897379826,79.09406129407826
2024-01-26 10:32:02,132.26200087570066,1.2633987732197633,79.51707915916668
2024-01-26 10:32:06,132.39879329482886,3.530104099470716,82.33272149220511
2024-01-26 10:32:11,134.10741249449669,5.212972984849085,84.47569435289554
2024-01-26 10:32:16,133.7263413394924,4.960674168188859,82.49927168021931
2024-01-26 10:32:20,136.0702744335073,5.157597194803513,84.87592233802782
2024-01-26 10:32:24,138.57964187940524,6.751456745521233,86.42147442366922
2024-01-26 10:32:28,136.23231964657361,4.174703082054355,84.47255640899346
2024-01-26 10:32:32,137.1265295256272,6.314170963297311,83.80420606379198
2024-01-26 10:32:36,137.34331955339525,3.454527788455465,83.41811685875903
2024-01-26 10:32:41,134.5197545889664,0.6065330286530095,85.95699471231195
2024-01-26 10:32:46,137.51709620549767,0.9935763101733963,86.407396751233
2024-01-26 10:32:50,138.43657261978566,0.38447656426784294,84.77268579311001
2024-01-26 10:32:54,140.50565333755688,0.5615928981687888,83.6789243762684
2024-01-26 10:32:58,138.59330977878872,2.5581434623542254,84.13582760802797
2024-01-26 10:33:03,137.62666572265,-0.35323273762450746,81.5164287535806
2024-01-26 10:33:08,140.29750707840992,2.4466359519189274,81.87132270055116
2024-01-26 10:33:12,141.97053068931925,5.281292701718957,80.32068117583903
2024-01-26 10:33:17,143.29011353642053,6.832828387642202,77.66200188234242
2024-01-26 10:33:22,145.46098352799314,4.821134332529979,75.15733630521541
2024-01-26 10:33:27,145.53087529701116,2.323344960691422,72.25419418622423
2024-01-26 10:33:32,142.6199116541174,-0.4506206430421873,72.30177898058605
2024-01-26 10:33:36,144.21319624631303,-0.8683090381032876,71.06381704395532
2024-01-26 10:33:41,146.69958474774484,1.446062425469214,69.31534976894534
2024-01-26 10:33:46,145.00672115575486,0.16568309989714258,69.9697125481906
2024-01-26 10:33:51,142.87889538034253,-1.1777548170820358,69.92682092922414
2024-01-26 10:33:55,145.13637256176364,-2.566969956176728,67.4082406688305
2024-01-26 10:33:59,145.02727479518157,-5.336800964510066,69.57968760177211
2024-01-26 10:34:03,146.81782995308072,-5.904253031823694,69.69279417477698
2024-01-26 10:34:08,145.22672270043762,-6.622357111107549,68.44944362133838
2024-01-26 10:34:13,144.8561828505229,-6.80883855996244,67.0252897890914
2024-01-26 10:34:17,147.1849459953581,-6.904658778535888,69.13601914729999
2024-01-26 10:34:22,147.83854414454052,-9.874774494492378,70.97842674340164
2024-01-26 10:34:27,147.67500178623055,-12.64767248758803,70.65794384268854
2024-01-26 10:34:32,149.0681021585086,-10.051441431373863,72.19048563090368
2024-01-26 10:34:37,150.19902635208638,-11.192198674626939,73.54215152676052
2024-01-26 10:34:41,147.8212950484276,-10.150801696520787,71.25620963009764
2024-01-26 10:34:45,149.92703171810209,-9.369926242854344,72.98509322037755
2024-01-26 10:34:50,149.5259315494089,-7.894278441694145,72.25201994521032
2024-01-26 10:34:54,147.08496776452776,-7.715548015091764,73.46132676363233
2024-01-26 10:34:59,147.84859692665856,-8.627361673825742,72.46492942614324
2024-01-26 10:35:03,149.95918980446282,-5.740885367779469,71.92427165432511
2024-01-26 10:35:07,152.12363176985292,-5.191702803935846,72.2166481686964
2024-01-26 10:35:12,150.26744535534678,-7.5481556527019675,71.96263897495804
2024-01-26 10:35:16,150.75315808447525,-6.3865103316297684,72.65194015213223
2024-01-26 10:35:20,149.32601736424158,-4.16714416729985,72.4331177455638
2024-01-26 10:35:24,150.30480653400383,-1.9788832027611818,73.9506734289919
2024-01-26 10:35:28,151.2489431336374,-0.45839996521879467,72.48366096975732
2024-01-26 10:35:32,151.15840430876176,-0.06151454206170559,74.56384975679089
2024-01-26 10:35:36,150.41920361871817,-1.8349331591557951,77.24880485082281
2024-01-26 10:35:41,151.6800257194887,-3.6519712876446397,78.04332344445963
2024-01-26 10:35:46,151.88545141427068,-6.5748975183158365,80.08899040016568
2024-01-26 10:35:50,150.9463442003744,-5.404940602618854,81.1323969648641
2024-01-26 10:35:55,152.43533106938818,-4.553427236562219,81.62795003702522
2024-01-26 10:36:00,149.47877138826072,-6.789970230960645,78.74941711702814
2024-01-26 10:36:05,152.3509567321986,-9.487446317787711,75.96735272921852
2024-01-26 10:36:09,154.88062059589785,-8.727799223433648,74.98051279737119
2024-01-26 10:36:13,157.48128287651457,-5.975763387105434,74.32189525116169
2024-01-26 10:36:18,155.81768600760844,-6.759183039819266,74.13666591895843
2024-01-26 10:36:22,155.9374489887134,-7.39511116114469,73.33264011471633
2024-01-26 10:36:26,155.49593448685127,-6.170081462841973,74.9265335223875
2024-01-26 10:36:31,153.13978251172088,-5.860209263522373,71.94465991257549
2024-01-26 10:36:35,151.82880370956553,-5.81890859499301,72.3925258253603
2024-01-26 10:36:40,151.5759797803073,-6.128562275097398,75.22228790238161
2024-01-26 10:36:44,150.45511029619,-7.354615768262894,72.91331672601203
2024-01-26 10:36:48,153.06006850299983,-9.933526662370081,71.69315198143646
2024-01-26 10:36:52,156.0555139359194,-7.553125651631664,69.0025194724064
2024-01-26 10:36:57,157.48371492067696,-6.1676355441884665,69.6026248794241
2024-01-26 10:37:02,158.31964934586526,-6.875062378490219,71.60204493214647
2024-01-26 10:37:07,161.25750549007347,-7.797089817818231,74.44316739108879
2024-01-26 10:37:12,160.23445910607717,-6.558012319756105,77.1995752536779
2024-01-26 10:37:16,160.82700124388018,-6.911451360612047,77.8905441556374
2024-01-26 10:37:21,158.47839012856207,-7.127018905816094,75.62738115512991
2024-01-26 10:37:25,159.96927968071958,-6.8235252735376015,77.65463940438983
2024-01-26 10:37:29,160.38105058441252,-8.069658236498663,75.16177342760511
2024-01-26 10:37:34,162.7119172143112,-6.288301771967322,77.31279494710911
2024-01-26 10:37:39,162.12822298917214,-8.86129529838143,80.03108739885512
2024-01-26 10:37:44,162.97232186707478,-6.4808459493877875,80.75059070466929
2024-01-26 10:37:48,164.1492254033468,-9.079024811412648,79.3429872793446
2024-01-26 10:37:52,162.13147920417651,-7.0352503537327395,80.36088250684031
2024-01-26 10:37:57,162.73874968797912,-6.022210056253557,79.8481607312435
2024-01-26 10:38:02,162.80858794599416,-8.377699861431338,77.59330390335127
2024-01-26 10:38:06,160.9720312644477,-5.522422950816402,75.79740825675219
2024-01-26 10:38:10,162.3600664540672,-6.2761560621471055,73.884922030974
2024-01-26 10:38:14,160.29758884027936,-7.58986056474883,74.00125408132813
2024-01-26 10:38:19,161.38734528468976,-8.14513906375506,75.08031171927428
2024-01-26 10:38:23,158.4189994172025,-6.9093421075549895,76.15554945649734
2024-01-26 10:38:28,161.32804095257683,-4.932462415179408,75.63363921783875
2024-01-26 10:38:33,160.38162126961134,-5.61282271708189,74.5195295190752
2024-01-26 10:38:38,158.22958954655235,-6.5594822113937115,73.67789237574812
2024-01-26 10:38:43,156.37251376517764,-3.7708966507611894,75.9344232733079
2024-01-26 10:38:48,157.8557558048034,-5.581534144651667,73.78106051686899
2024-01-26 10:38:53,160.12907601959535,-3.265465652705161,72.24645656384045
2024-01-26 10:38:57,157.1948345201071,-1.9870457973046465,72.59408827601298
2024-01-26 10:39:02,159.82059766991858,-4.367494529713317,70.72154417429991
2024-01-26 10:39:06,162.3832592881238,-4.916519276703337,72.96104477319803
2024-01-26 10:39:10,163.07739732758088,-6.163265308720733,73.12144161797767
2024-01-26 10:39:14,165.1576595508813,-7.35723606273243,75.59815209448203
2024-01-26 10:39:18,167.23274782734978,-5.006336987347232,76.34390612039121
2024-01-26 10:39:22,166.9940815931733,-5.706924572785396,77.96451160144599
2024-01-26 10:39:26,169.32524799507587,-5.509577931494765,80.06898239535427
2024-01-26 10:39:30,172.09045240883893,-3.7916489629231798,77.50022972220134
2024-01-26 10:39:35,169.55654688294607,-6.602263284868059,74.54416686717832
2024-01-26 10:39:39,168.76417421171737,-9.316874497801418,73.48356094736236
2024-01-26 10:39:44,167.44673540713507,-8.784161838903914,72.55492978530964
2024-01-26 10:39:49,169.50276791808767,-5.980119963811024,73.26185591647582
2024-01-26 10:39:54,171.65409557553775,-7.717741094234511,74.7693228663094
2024-01-26 10:39:59,171.0761148967083,-7.440130242429397,71.81034222957511
2024-01-26 10:40:04,168.2725190455446,-6.727233974364164,73.53132780070659
2024-01-26 10:40:08,167.7361864513887,-4.847753488583302,75.04160366998687
2024-01-26 10:40:13,167.42200008865842,-5.075099706418314,74.58904464434046
2024-01-26 10:40:17,166.00686093359923,-2.6084795454516385,73.86454782420653
2024-01-26 10:40:21,166.9101888285549,0.013304444675300786,75.61084433116723
2024-01-26 10:40:26,168.65875227775183,1.9077187498913126,73.39743057607768
2024-01-26 10:40:30,171.0423480879808,0.3565535488641567,75.08142051649331
2024-01-26 10:40:35,168.59459116075934,-1.0230962542743824,73.4864920131057
2024-01-26 10:40:40,168.34379887644153,-1.7150543047765978,75.61176390366889
2024-01-26 10:40:45,166.491231063811,-3.5173481617090445,73.34876321401424
2024-01-26 10:40:50,167.40720733561645,-5.880464099485785,70.43892705957049
2024-01-26 10:40:54,164.98137598549013,-4.995261879377314,67.54576827281458
2024-01-26 10:40:59,166.34153066933982,-5.3310514413634404,65.4824090669592
2024-01-26 10:41:03,163.86282726563786,-6.05626252299231,67.43130750064232
2024-01-26 10:41:07,162.1797277868978,-8.776230970393701,65.16773695118587
2024-01-26 10:41:12,163.80796316227517,-11.27534786139881,67.42732855282837
2024-01-26 10:41:16,165.75228207676884,-13.419591052017157,67.55183330346972
2024-01-26 10:41:20,165.01120265338557,-11.368155742854794,67.02781688346826
2024-01-26 10:41:24,165.01788775994507,-10.864953838194014,68.48277856726546
2024-01-26 10:41:28,167.77109074387826,-13.365445167109288,66.5232162692888
2024-01-26 10:41:32,168.46477424972542,-11.452232051415331,68.43450992130937
2024-01-26 10:41:36,167.0635774897467,-14.193424210383194,66.44957156355953
2024-01-26 10:41:41,167.30426179007543,-16.760507014017488,68.18026109846105
2024-01-26 10:41:45,164.41010772902945,-17.381926517174808,65.5187266795711
2024-01-26 10:41:49,164.68473563031242,-16.40953002583712,64.48480962085435
2024-01-26 10:41:53,166.84399325829847,-17.848090298821198,63.429583733989915
2024-01-26 10:41:58,168.7563535129873,-19.107282824371605,63.62944900053358
2024-01-26 10:42:02,171.26213035603263,-17.768525621734,60.962541768686464
2024-01-26 10:42:06,172.45930109561004,-17.284540047400036,58.26001528472955
2024-01-26 10:42:11,173.79353812956757,-17.79738246502946,59.483499644113856
2024-01-26 10:42:15,173.69812171682338,-16.181825194623386,61.807043525369
2024-01-26 10:42:19,175.24765498087177,-16.512924633361948,58.817128736090076
2024-01-26 10:42:23,172.38636136053992,-13.533719391333637,58.33783570978356
2024-01-26 10:42:27,170.76318219508116,-14.355602182101133,55.876517002313285
2024-01-26 10:42:31,167.9917547436943,-14.740171327105305,55.5816983569066
2024-01-26 10:42:36,167.6826443097432,-11.886285301004381,55.34370943818718
2024-01-26 10:42:40,169.48779232893978,-10.033829184993408,54.96573716765677
2024-01-26 10:42:45,167.62349854769073,-12.305932583340564,57.04122424086615
2024-01-26 10:42:50,168.96108682447925,-12.045238504578371,57.05744406597275
2024-01-26 10:42:54,171.83712025717006,-13.887299666572243,58.422475518291876
2024-01-26 10:42:58,171.14247776169057,-15.669110916010464,58.222732292341334
2024-01-26 10:43:02,171.69523960102697,-17.578166408901684,59.82708744511363
2024-01-26 10:43:07,170.87574597616978,-20.301169571094928,62.25641280185992
2024-01-26 10:43:11,168.13884909489408,-19.60904018150145,62.29280218666872
2024-01-26 10:43:16,165.5386725216067,-22.470828092921142,63.737386957809164
2024-01-26 10:43:20,165.277061351768,-21.609658902858353,64.90539552987117
2024-01-26 10:43:24,167.53018544658525,-23.145700277650267,65.87377256949193
2024-01-26 10:43:29,165.6484818811792,-23.45482910314751,65.73765683155355
2024-01-26 10:43:34,167.9997452991152,-22.389796197867792,63.345558818512416
2024-01-26 10:43:38,165.40504605735347,-19.848455993869784,62.10991287590761
2024-01-26 10:43:42,167.11541155989792,-22.066474469092906,59.29698612412045
2024-01-26 10:43:46,165.450113204278,-20.41802964121218,59.27149958612155
2024-01-26 10:43:50,164.37916999308436,-18.84703051154535,61.75502389696567
2024-01-26 10:43:54,161.41131939426955,-19.17789743146683,62.39200698697377
2024-01-26 10:43:58,163.88311069622307,-18.89550625867075,61.776019513509056
2024-01-26 10:44:02,161.77059483970572,-18.53357965590939,61.73621045802753
2024-01-26 10:44:06,162.27555344160353,-19.204686930078758,58.77858164682458
2024-01-26 10:44:11,164.27828865137133,-21.078744097564403,57.423860983039724
2024-01-26 10:44:15,166.99089735209063,-18.577876811761293,60.289414356841164
2024-01-26 10:44:20,165.6651795594355,-19.378760374706598,58.64990606934659
2024-01-26 10:44:25,167.42324675404018,-17.58359127633846,56.8922831888498
2024-01-26 10:44:30,168.8323502885298,-15.368432863700688,55.838946663211445
2024-01-26 10:44:35,170.30343282652527,-16.307493454599914,58.56409657454772
2024-01-26 10:44:39,171.3480601053949,-15.627420821043788,60.581031533808314
2024-01-26 10:44:43,173.19503497885609,-18.35626943247087,59.43049309986276
2024-01-26 10:44:48,174.31706179902977,-19.593563367261936,56.73253658507539
2024-01-26 10:44:53,173.72414690668415,-16.8424022999098,56.33666314892162
2024-01-26 10:44:57,171.14096472468677,-15.999069636531106,55.053121649299456
2024-01-26 10:45:01,173.72658440730683,-13.041051812148146,54.26492246034192
2024-01-26 10:45:06,176.46415968592757,-11.005413155037449,52.083033935183586
2024-01-26 10:45:10,174.176456238712,-10.509203453149468,53.63254586710235
2024-01-26 10:45:15,173.6944702602584,-12.002099456624984,50.65110427090988
2024-01-26 10:45:19,175.8081876693482,-12.03518026002906,50.19285446491296
2024-01-26 10:45:23,176.8770999898356,-13.332234648091319,50.66921710378475
2024-01-26 10:45:28,176.6459065580998,-15.728667387310008,49.272517866407654
2024-01-26 10:45:32,174.48912626705484,-17.93973380714143,49.00226266970073
2024-01-26 10:45:36,174.79989567739017,-17.462405835693108,46.843675487430204
2024-01-26 10:45:41,174.33835740155692,-19.4137356267706,47.22894270521027
2024-01-26 10:45:46,172.32779589956405,-22.390390164576125,48.506526683731
2024-01-26 10:45:51,174.34657909505475,-21.33661255503601,46.931078850471174
2024-01-26 10:45:55,173.47112431891415,-22.92532827373639,48.21259182956423
2024-01-26 10:46:00,175.11180601140362,-25.820176628877192,45.49549916802967
2024-01-26 10:46:05,173.42157164515314,-27.317656491300752,47.56462092968261
2024-01-26 10:46:09,173.34036312621208,-28.06726731746609,46.0388090133914
2024-01-26 10:46:13,172.23195888454217,-27.67355335563671,46.92956006279568
2024-01-26 10:46:18,171.92400622707987,-26.658295229209067,45.752621500156295
2024-01-26 10:46:22,172.07910473773106,-29.586984492689567,45.68587568541167
2024-01-26 10:46:26,172.26937301681966,-29.819710098020675,46.75837058557189
2024-01-26 10:46:31,175.0140107769235,-30.96280713601333,43.905470155068684
2024-01-26 10:46:36,174.98612339478169,-31.167184413484872,44.616471843647226
2024-01-26 10:46:40,173.51781658895166,-29.583387048224175,42.89817211200801
2024-01-26 10:46:45,173.993419609651,-27.9177136686989,43.93923467665451
2024-01-26 10:46:50,174.78583787278404,-26.20055673964509,41.84664059574599
2024-01-26 10:46:54,173.04426707812257,-27.96478220401896,41.95504204050808
2024-01-26 10:46:58,175.72138834112752,-30.17522636625327,39.047997930557734
2024-01-26 10:47:02,176.58572171604445,-31.550046474577247,37.67399264481748
2024-01-26 10:47:07,173.8196169830294,-28.5659940276419,36.30810925990011
2024-01-26 10:47:11,172.81593794072498,-27.56245856354036,39.067112975526285
2024-01-26 10:47:16,172.43433408342744,-30.456564923009882,36.77952942527038
2024-01-26 10:47:20,173.33192439097147,-28.649981067368987,38.9774057083213
2024-01-26 10:47:24,173.21412766498443,-28.687182985091397,39.37196275699866
2024-01-26 10:47:28,175.35906587881937,-30.675099989613273,37.53606832599311
2024-01-26 10:47:33,173.67647153885144,-28.500043816826654,34.92205570042454
2024-01-26 10:47:38,176.16963305209353,-29.297519839790354,32.27732934511107
2024-01-26 10:47:42,178.27067874118598,-27.69728053626509,29.917496629993437
2024-01-26 10:47:46,180.0,-25.23086280560301,27.107304944809776
2024-01-26 10:47:50,178.68648477846753,-23.414461360979384,26.29431650411133
2024-01-26 10:47:55,177.12355448361524,-25.32157565408418,28.001455369704647
2024-01-26 10:48:00,178.34031425630485,-24.4202607940706,27.651350375583874
2024-01-26 10:48:05,176.40632404195705,-25.548902958620157,25.420746214688087
2024-01-26 10:48:09,174.97400476263974,-26.8944059542281,28.220352394781997
2024-01-26 10:48:14,172.17863677408076,-24.801028162326183,29.467195440322314
2024-01-26 10:48:19,169.30601275846635,-24.091340607195885,29.8257592470636
2024-01-26 10:48:23,171.70739998361563,-22.96738517901349,29.528876392719674
2024-01-26 10:48:27,169.99573731714767,-20.16660486830825,26.98861147049564
2024-01-26 10:48:32,168.6122472152369,-17.206535218412593,27.768523758467218
2024-01-26 10:48:36,169.12760601010842,-19.49663137255806,30.650281535034026
2024-01-26 10:48:41,168.02985616756283,-17.944878573353144,31.86906506083873
2024-01-26 10:48:45,167.1471086022818,-17.046064167553666,31.31729048031157
2024-01-26 10:48:50,169.12956723061353,-15.46078553936206,29.269584202491814
2024-01-26 10:48:54,167.35162254460184,-16.107089379700923,27.95794592815655
2024-01-26 10:48:58,170.07407371895695,-17.57808726004629,29.68786852300834
2024-01-26 10:49:02,172.16780681584433,-19.578897871918656,29.57448138862366
2024-01-26 10:49:06,171.16731677295564,-17.496323776438885,27.20113236843864
2024-01-26 10:49:10,171.29535132531998,-19.345683158051976,24.752171955411022
2024-01-26 10:49:14,172.12088608863357,-19.05371572414018,26.996159342922002
2024-01-26 10:49:18,171.89132306712298,-21.87792211477256,27.437668762083163
2024-01-26 10:49:23,170.45312772190363,-22.486778471781864,27.527709159029893
2024-01-26 10:49:28,168.3522300008019,-23.370260551106735,26.418229406345702
2024-01-26 10:49:33,167.73249027890284,-20.877537441907304,27.489099680740225
2024-01-26 10:49:37,167.01823167573826,-20.739417704727586,25.06564381258269
2024-01-26 10:49:42,169.84877996078689,-20.06750876886254,27.498548102510888
2024-01-26 10:49:46,167.70483506578316,-19.750176534689142,29.467635667317467
2024-01-26 10:49:50,168.49588112861127,-21.45924169943519,28.1995325390059
2024-01-26 10:49:55,166.48320984168396,-22.82955310508796,25.71698393610959
2024-01-26 10:49:59,164.32978602938852,-21.089178325816114,26.745388214009264
2024-01-26 10:50:03,167.31270812763583,-20.522656761310373,28.848375471993066
2024-01-26 10:50:08,168.3790615610409,-19.41346806067925,28.579274346192648
2024-01-26 10:50:13,166.62813426352037,-17.779122423080224,27.404896827711354
2024-01-26 10:50:18,168.25843180961039,-18.594191086400908,27.395563110890333
2024-01-26 10:50:23,167.93233337550393,-16.920975003229497,28.54973402661764
2024-01-26 10:50:28,165.17604465298618,-15.012888691197585,26.230259815251006
2024-01-26 10:50:33,165.14939194709007,-14.176875908114434,23.868211022593012
2024-01-26 10:50:38,165.70564852513505,-14.955830339474186,25.71683237265306
2024-01-26 10:50:42,163.4984816167028,-17.915658466239453,23.989890487978446
2024-01-26 10:50:47,164.9743865133999,-20.61370359374023,22.87450337464984
2024-01-26 10:50:52,164.75689622544752,-23.51880095559252,24.055985245874766
2024-01-26 10:50:57,163.76107895299182,-21.45338258750632,24.5725588449273
2024-01-26 10:51:01,164.2789189237647,-21.87523062215159,21.64532524683714
2024-01-26 10:51:06,163.19992646532606,-23.877852449396414,23.810403118196383
2024-01-26 10:51:10,162.24966523736347,-25.398554857307936,24.82483294032645
2024-01-26 10:51:14,163.78772414582542,-25.284436113068544,23.015977825209646
2024-01-26 10:51:18,161.23568973193616,-26.07658555384699,20.569698484593136
2024-01-26 10:51:23,160.14534329902665,-23.984361933956095,21.0510272115649
2024-01-26 10:51:28,159.08395008169347,-23.597867598759645,20.600844065990245
2024-01-26 10:51:33,156.5004818205835,-22.010404729122982,19.02468991499982
2024-01-26 10:51:37,154.51966233348432,-21.778264726803954,20.743380677747382
2024-01-26 10:51:42,157.37635513977298,-20.253017328758624,20.177141248491797
2024-01-26 10:51:46,157.12456587191915,-20.785806064496242,19.887152871700785
2024-01-26 10:51:51,156.96529033068484,-23.135472243292213,18.725892905770653
2024-01-26 10:51:56,154.7075799792537,-21.424354286893653,20.264573650317853
2024-01-26 10:52:00,155.8502719334991,-19.18479102804419,20.19285750710429
2024-01-26 10:52:05,157.11493740392453,-18.55504904591549,17.238643499951326
2024-01-26 10:52:09,155.72388205937307,-18.75349714723421,15.86210825700125
2024-01-26 10:52:14,156.10027534879663,-17.871047908422042,15.247634459835844
2024-01-26 10:52:19,158.5865097218039,-19.50603565692289,16.144856514736244
2024-01-26 10:52:24,157.5409899640982,-21.58087938849295,13.947414643718929
2024-01-26 10:52:29,156.74690539418972,-19.96155769809946,15.796174735645195
2024-01-26 10:52:34,154.11615212818666,-19.324151240556628,17.59886971221383
2024-01-26 10:52:38,156.37790035492574,-19.31848276385729,19.672039090356677
2024-01-26 10:52:43,153.55093805599543,-21.89088468591587,16.762255932238123
2024-01-26 10:52:48,155.4453509764917,-20.59872993629563,18.109597979074145
2024-01-26 10:52:53,158.3687784494835,-23.47436679853907,20.296105556875805
2024-01-26 10:52:58,159.46776655648324,-23.762884609875865,20.662253000292694
2024-01-26 10:53:03,160.62156866631253,-20.923091077870964,22.54633603726841
2024-01-26 10:53:08,162.8858110956922,-23.47513041905318,23.299663052412487
2024-01-26 10:53:13,159.9830468523435,-20.695256160096218,24.625297553764433
2024-01-26 10:53:18,161.22245831370415,-22.27580539753105,25.76593979696129
2024-01-26 10:53:23,159.16018326523917,-24.607352270444256,28.071670276550975
2024-01-26 10:53:28,156.99326946488415,-26.844032687761597,25.247411459189852
2024-01-26 10:53:33,154.71113438163613,-24.18614638722246,24.354851283620853
2024-01-26 10:53:38,154.5444244389541,-22.100563641024678,25.27445419653307
2024-01-26 10:53:43,153.35160493984935,-23.19799354172307,23.03207474769109
2024-01-26 10:53:47,152.5549872194042,-20.273003648859174,24.32740938954038
2024-01-26 10:53:52,151.80409116435567,-19.572290767408486,21.748864859062696
2024-01-26 10:53:56,150.88106161892458,-19.43214564852242,22.509436065161633
2024-01-26 10:54:01,151.99124427490196,-20.319226837231092,21.421915970669687
2024-01-26 10:54:05,152.03189943800643,-17.5910870267792,21.886440018444205
2024-01-26 10:54:10,150.129417544201,-18.8087530779028,22.224143896892514
2024-01-26 10:54:14,148.94919153689622,-21.14698761212778,24.774092376797782
2024-01-26 10:54:18,146.22634446757226,-22.918507917672127,27.27137791553199
2024-01-26 10:54:22,147.07180314354073,-24.57224561912469,28.02854747327134
2024-01-26 10:54:26,148.66424679613095,-25.675731998347697,26.021582250708626
2024-01-26 10:54:31,151.34672189093183,-25.33127969927167,25.071290647198627
2024-01-26 10:54:35,152.3953289776732,-26.78937641473552,24.939057723939108
2024-01-26 10:54:39,152.72027849583606,-25.01462704733978,27.210724440193015
2024-01-26 10:54:44,153.35316940014934,-25.148334757112607,27.26976288141386
2024-01-26 10:54:48,155.5153471276902,-23.287412541828736,24.460315072589708
2024-01-26 10:54:52,154.15365849982865,-24.708075304872207,25.554336446818752
2024-01-26 10:54:57,153.74809835326036,-25.096037205378344,26.61140510552949
2024-01-26 10:55:02,151.80674721013287,-23.892492769583782,23.845281504272556
2024-01-26 10:55:07,150.61002024714386,-25.965924275575894,26.813859416217532
2024-01-26 10:55:12,151.25039510363385,-24.855221583512115,24.437893159675692
2024-01-26 10:55:16,153.43705344217932,-27.443254355032973,21.540688550006806
2024-01-26 10:55:21,152.588371323463,-25.42630390206227,19.00955863723166
2024-01-26 10:55:25,150.77302421138953,-25.891361437501146,21.26634249201549
2024-01-26 10:55:29,150.66087861209718,-24.95004663353649,21.574141942524275
2024-01-26 10:55:33,149.05528383129914,-26.485766808770915,20.166027302073044
2024-01-26 10:55:38,148.34218623577297,-28.928890845032836,21.744208139578422
2024-01-26 10:55:43,151.07786421561946,-31.592826442472727,23.504674107350922
2024-01-26 10:55:47,153.39695934665107,-33.220850379903986,23.019576896337647
2024-01-26 10:55:51,150.53734865990668,-30.997884770234364,20.750065875070376
2024-01-26 10:55:55,151.82661238173907,-30.503733654080833,18.89652882827859
2024-01-26 10:55:59,153.35964764010302,-27.934503296682774,18.399148279137165
2024-01-26 10:56:04,155.78038149305527,-28.781281361142298,17.806330099457767
2024-01-26 10:56:09,155.66698067296696,-31.60080417732529,18.331492187084557
2024-01-26 10:56:13,157.07797547612054,-31.168276551273003,18.64957686863644
2024-01-26 10:56:17,155.85760820104173,-31.65593887797636,20.04533839314327
2024-01-26 10:56:22,152.96857118436935,-29.586872979345852,19.6076200359215
2024-01-26 10:56:26,150.5862189499206,-32.540971154100035,18.11869374382105
2024-01-26 10:56:31,151.95114947100356,-35.47323364182426,19.51213344827861
2024-01-26 10:56:36,149.39353808114544,-34.77915217525711,18.95586014754831
2024-01-26 10:56:41,150.28951622039344,-34.804338494612814,16.674054206106412
2024-01-26 10:56:45,150.72915285223024,-33.06676808402785,18.654847273346473
2024-01-26 10:56:49,151.87571403086756,-31.81665925921828,17.76428274700423
2024-01-26 10:56:54,150.53984515492687,-33.55255369886029,14.929033895842721
2024-01-26 10:56:59,151.85191043458366,-36.47514475662258,15.88393033875277
2024-01-26 10:57:03,151.07001972596464,-35.753239764593076,17.348275583486128
2024-01-26 10:57:07,153.40449882916826,-36.62335129788831,16.506167221078034
2024-01-26 10:57:12,156.23416234576646,-38.94553980784622,15.717654170536264
2024-01-26 10:57:16,158.43459024686402,-40.490908749671036,17.423825834654355
2024-01-26 10:57:20,159.97563823511274,-40.860205704943546,18.35650161013247
2024-01-26 10:57:24,157.10972268952608,-38.9542535537839,19.507985402151828
2024-01-26 10:57:28,156.49259788201206,-36.631539600272355,20.813761056745662
2024-01-26 10:57:33,156.50456160844632,-37.439968783990224,20.141190557591568
2024-01-26 10:57:38,157.29104174041328,-39.77404708170722,22.745619231744335
2024-01-26 10:57:43,155.91146540766422,-42.570350716649806,22.95834763654222
2024-01-26 10:57:48,157.9194030819393,-44.361343044063645,21.164034185663215
2024-01-26 10:57:52,155.36615340027993,-42.0976503569753,23.031893115282216
2024-01-26 10:57:57,152.8987110230036,-45.0272511047142,20.73032211343553
2024-01-26 10:58:02,152.11745697915342,-45.93230519499078,22.980863179061917
2024-01-26 10:58:07,151.35750258497066,-47.054670389873664,24.74180957264887
2024-01-26 10:58:11,153.41114279409092,-44.40913432848175,25.348268652192075
2024-01-26 10:58:15,155.052867541283,-44.099372953612004,24.68630851436463
2024-01-26 10:58:19,152.50252407776114,-43.911145410428475,21.91075935592977
2024-01-26 10:58:24,155.20191171117094,-44.35280727170994,18.968832715807455
2024-01-26 10:58:28,157.9102021211486,-47.337450988270334,18.182256991843374
2024-01-26 10:58:32,159.9153535009956,-48.05218072663184,16.918383412487227
2024-01-26 10:58:36,159.18429920192284,-47.55504675155322,14.90049885127453
2024-01-26 10:58:40,161.70098808253962,-49.556355469717346,15.745858889720434
2024-01-26 10:58:44,162.94301561696358,-50.46411281947603,15.808619978151263
2024-01-26 10:58:48,160.9618277509029,-47.50937567880984,15.02385579667586
2024-01-26 10:58:53,162.55556418610462,-48.026101657106956,17.173285512455724
2024-01-26 10:58:58,162.06795721490766,-46.76069001189081,20.163672912798177
2024-01-26 10:59:02,159.70147787403377,-46.20185554399156,17.188587320041744
2024-01-26 10:59:06,159.83386763888058,-43.86473429905226,19.58285558711275
2024-01-26 10:59:10,162.29798613684582,-46.546516736266,21.601544560198075
2024-01-26 10:59:14,160.44451362396734,-47.16179512534993,24.345159844703634
2024-01-26 10:59:19,163.34956996857406,-48.51021109362807,22.69334125332355
2024-01-26 10:59:24,161.9243409495162,-50.05311462068187,24.723374368055772
2024-01-26 10:59:29,164.7430009548118,-48.08292933289486,23.321684285402537
2024-01-26 10:59:34,163.3888443487614,-45.974749294769325,22.32440075778397
2024-01-26 10:59:38,165.6874619041625,-45.88301528466869,19.955974089445082
2024-01-26 10:59:42,163.6329072816306,-48.534016298661726,19.230517838262436
2024-01-26 10:59:46,164.2724977224893,-49.99427847459123,16.551878333810482
2024-01-26 10:59:51,166.50424835389572,-49.7902939825034,18.778660370324825
2024-01-26 10:59:55,165.31372400374622,-47.52615312949808,21.07059983521251
2024-01-26 10:59:59,168.0523415552328,-45.34949827909157,22.75502959110403
2024-01-26 11:00:04,168.23810734915565,-45.92162131884676,21.83052093059188
2024-01-26 11:00:08,166.59688318232264,-48.296643139601876,24.699206618716033
2024-01-26 11:00:13,167.92244705058818,-49.06916541239527,27.102380490830292
2024-01-26 11:00:18,167.72868142668767,-50.57636078037878,30.05595584811597
2024-01-26 11:00:23,168.45006084898506,-48.09972950213017,32.08453696728275
2024-01-26 11:00:28,166.13930701764247,-48.390992757645634,32.32543957545305
2024-01-26 11:00:33,169.0987762856698,-45.66269991927942,31.833890899057607
2024-01-26 11:00:37,168.83659734975416,-43.49718369932614,32.589100422916445
2024-01-26 11:00:42,170.23653326864658,-46.02626426519466,31.21941020436337
2024-01-26 11:00:46,172.66653624829604,-44.28724194033676,29.00144191772327
2024-01-26 11:00:50,175.5272005646316,-44.136672509098624,28.58534675071301
2024-01-26 11:00:55,175.67307786385945,-42.79107232593489,27.23965269881714
2024-01-26 11:01:00,177.88729841001665,-41.057532553782835,27.099125813720626
2024-01-26 11:01:05,178.4406970342963,-42.56287096018045,25.29921838950844
2024-01-26 11:01:09,179.57817899185667,-41.35509277741931,28.116148199625133
2024-01-26 11:01:13,180.0,-39.3562576774869,28.150401622314348
2024-01-26 11:01:17,180.0,-41.81627892917644,26.50080565420979
2024-01-26 11:01:22,180.0,-41.94790235403166,26.286445905047024
2024-01-26 11:01:26,180.0,-39.97003046705671,27.502021015430252
2024-01-26 11:01:30,179.26191767271243,-37.997177743018554,28.10609687824878
2024-01-26 11:01:35,180.0,-37.66430210840854,28.378525398470213
2024-01-26 11:01:39,179.04876158150785,-36.74332858606142,25.61735570676835
2024-01-26 11:01:43,180.0,-36.40261998844852,23.42324272444834
2024-01-26 11:01:47,180.0,-35.60985133161187,20.709930036750183
2024-01-26 11:01:51,180.0,-33.304182934527574,21.45523779254097
2024-01-26 11:01:56,180.0,-34.5098565402903,24.30595834524012
2024-01-26 11:02:01,179.06625453637594,-37.35268569239431,26.410237854885086
2024-01-26 11:02:05,177.8894301838312,-36.97530275735612,28.245168454128986
2024-01-26 11:02:10,177.05429589079347,-39.942843153526574,26.576617739054928
2024-01-26 11:02:15,178.54890484282484,-40.24994626647417,26.447490861955835
2024-01-26 11:02:19,178.92693864513427,-39.123377425004655,27.868943111948365
2024-01-26 11:02:24,180.0,-37.577140297603165,30.566829728768994
2024-01-26 11:02:29,179.93457707548976,-39.01019697116093,32.098385674666076
2024-01-26 11:02:34,180.0,-36.669119838113616,32.43069441346142
2024-01-26 11:02:38,177.5896587710752,-36.36453831150153,32.011381668762176
2024-01-26 11:02:43,175.3468942786426,-37.2653066666098,29.947188461330775
2024-01-26 11:02:48,176.29458711638293,-39.815844560617975,31.442747610615314
2024-01-26 11:02:53,175.4418815097133,-39.47769805258555,29.048640216699965
2024-01-26 11:02:57,176.39222362429467,-40.11598544970451,28.798305892525295
2024-01-26 11:03:02,176.96751383744618,-39.108056656592005,29.568246705650722
2024-01-26 11:03:07,174.76172049355492,-37.51774542821479,30.534066812177393
2024-01-26 11:03:11,174.33353486225056,-37.96029571073455,28.44212119911311
2024-01-26 11:03:15,176.3045558966689,-39.79488785245044,29.855766531646246
2024-01-26 11:03:19,176.26182457163648,-38.17753418774549,29.244319617250547
2024-01-26 11:03:23,178.2213234816083,-36.216796581881304,27.760074806267237
2024-01-26 11:03:27,179.03609910292406,-36.55809939359821,28.523373349967542
2024-01-26 11:03:32,179.51982151636898,-35.657206796016226,29.04631291383015
2024-01-26 11:03:37,180.0,-33.67698994482295,29.033443008553725
2024-01-26 11:03:41,180.0,-32.84803231830847,26.467919660592976
2024-01-26 11:03:45,179.9522121131878,-30.840223664271726,26.910350826285587
2024-01-26 11:03:49,179.49388202233962,-28.435096026366704,27.174086344954844
2024-01-26 11:03:53,176.59603603862922,-26.265507710361717,29.953130296565924
2024-01-26 11:03:58,178.13260254613343,-27.916790909168554,31.866315511585995
2024-01-26 11:04:03,180.0,-28.08306734559196,29.495579706962168
2024-01-26 11:04:07,180.0,-28.40154528082258,31.744858493164138
2024-01-26 11:04:11,180.0,-25.682216571137932,34.04413599863717
2024-01-26 11:04:15,177.2185636756881,-27.446637974174806,36.58686105416865
2024-01-26 11:04:19,179.80863468613512,-28.399814677944264,36.731135704620065
2024-01-26 11:04:24,178.61099640198478,-26.27261651955062,35.43867218106578
2024-01-26 11:04:28,180.0,-28.704183520936233,37.79154672802571
2024-01-26 11:04:32,180.0,-29.92768534752379,39.50045458690231
2024-01-26 11:04:36,180.0,-29.062115983387283,36.71919330441129
2024-01-26 11:04:41,177.20143467014788,-28.534859774247323,37.590412179901705
2024-01-26 11:04:46,177.90328281621663,-29.81560217128544,35.64541262939031
2024-01-26 11:04:50,177.06166108568277,-27.262016641403616,33.24470921254632
2024-01-26 11:04:55,176.91223831404076,-27.965175943056558,32.885362397082375
2024-01-26 11:05:00,176.48081655142482,-29.80731053631741,30.65874297152569
2024-01-26 11:05:05,175.06741598978687,-30.89609645845947,27.9608220290381
2024-01-26 11:05:10,176.5613756266439,-33.62360362725032,27.705321575711277
2024-01-26 11:05:14,178.95034981148297,-32.697706579632474,26.932980102132856
2024-01-26 11:05:19,178.41270550034665,-31.15020745410161,26.096793451617653
2024-01-26 11:05:23,179.74578781420854,-32.90871747517025,25.787185927988652
2024-01-26 11:05:28,180.0,-30.362022170391338,25.585327333596993
2024-01-26 11:05:32,180.0,-32.33891686743041,27.902250672186028
2024-01-26 11:05:37,180.0,-33.04313898531738,25.43299943572105
2024-01-26 11:05:41,178.34479139499553,-33.92762016553495,23.720636156160946
2024-01-26 11:05:45,178.83458927738417,-32.52638977105069,23.755844105318342
2024-01-26 11:05:50,175.94319438373367,-32.14901963747391,26.433568480749415
2024-01-26 11:05:54,174.6554230248875,-29.460454801025783,27.444489179889494
2024-01-26 11:05:58,175.4357831164993,-29.42380753721757,28.089255881906176
2024-01-26 11:06:02,176.98753919544416,-27.443617796026263,26.513483252984848
2024-01-26 11:06:07,175.82419026528913,-25.873518848500936,27.746708035826682
2024-01-26 11:06:11,173.23655872456513,-26.828097848627657,25.962650221238157
2024-01-26 11:06:15,172.1777165344019,-24.444821098869888,28.751236830315733
2024-01-26 11:06:20,171.3239222755992,-24.650666102649097,26.666920652767278
2024-01-26 11:06:25,169.85336478617376,-25.70064189820294,24.251764541603517
2024-01-26 11:06:30,172.09066926346287,-27.055010845985148,23.808905943932405
2024-01-26 11:06:35,170.69719151801323,-30.010773561140123,24.523093397292115
2024-01-26 11:06:40,172.95425536704343,-27.914973738795016,25.53596022377841
2024-01-26 11:06:44,170.86880698951427,-30.478436816947053,24.780834258549646
2024-01-26 11:06:49,171.95313137628636,-32.14178015356035,24.451634494043677
2024-01-26 11:06:53,172.16603198961326,-30.97838042277797,24.83743582423649
2024-01-26 11:06:58,171.8243510265238,-32.07979656913536,27.310301363294485
2024-01-26 11:07:02,173.05160722366438,-29.80322735147071,29.90973818738528
2024-01-26 11:07:07,173.94917035222676,-28.123147182892914,32.13565763058002
2024-01-26 11:07:12,171.02399494052767,-27.992044045603645,33.89215884517539
2024-01-26 11:07:17,168.89116482007861,-30.55555944562227,31.80424700201067
2024-01-26 11:07:21,166.8225896623665,-32.626204557602264,32.43867306230231
2024-01-26 11:07:25,167.70043429579567,-33.500218241430375,33.10382633063834
2024-01-26 11:07:30,167.96788416313723,-34.32155769657237,35.30396039412171
2024-01-26 11:07:34,167.99503953257638,-36.41362012026747,35.11573005880109
2024-01-26 11:07:38,167.66883276251625,-37.03781566407285,37.96625813045658
2024-01-26 11:07:43,170.35470104417848,-39.35876306349411,36.47190508498162
2024-01-26 11:07:47,173.32862463876617,-39.32532920843391,37.57465260098426
2024-01-26 11:07:52,172.61829955095462,-39.57678862892291,36.358239181686876
2024-01-26 11:07:56,170.45697425527712,-42.571736761628244,35.780692717361106
2024-01-26 11:08:00,170.409871002623,-44.427166051261764,36.24038685807899
2024-01-26 11:08:04,172.89437534236893,-42.881411622797756,37.75824527730949
2024-01-26 11:08:08,173.74802208192366,-42.223075049277725,37.056793282908025
2024-01-26 11:08:13,173.82080162583327,-44.91539760744405,39.974605070740196
2024-01-26 11:08:17,176.43575771297895,-47.801138166023016,39.640891809017575
2024-01-26 11:08:22,175.88373629755353,-45.025613298416395,39.55941134836172
2024-01-26 11:08:26,175.53714800955106,-46.66773498538135,38.44328439095388
2024-01-26 11:08:31,177.9085926622472,-49.521126751312224,41.082533995558535
2024-01-26 11:08:35,180.0,-49.36975887661712,43.22903054103904
2024-01-26 11:08:40,180.0,-51.63418277394835,40.54104122545863
2024-01-26 11:08:45,180.0,-54.216913355085374,41.090500302812856
2024-01-26 11:08:50,180.0,-53.072632537497874,40.21291044695994
2024-01-26 11:08:55,177.02853192899863,-55.80739411649058,40.49967767384441
2024-01-26 11:08:59,174.12658281411277,-53.01862629227122,39.969517933365644
2024-01-26 11:09:03,172.40463196318464,-54.39753216088947,37.99813761296531
2024-01-26 11:09:07,171.13338286961059,-55.17648152274795,35.47111041408761
2024-01-26 11:09:11,168.8340153768346,-54.170668058241525,33.28770028443839
2024-01-26 11:09:16,168.69851748861896,-51.816796246421646,31.944534334509306
2024-01-26 11:09:21,165.96138421932247,-53.43277841706783,29.0356561967808
2024-01-26 11:09:25,164.77071166595147,-52.08242444408865,31.71807227965246
2024-01-26 11:09:30,163.31654224452186,-52.98673822826514,28.790350806441303
2024-01-26 11:09:34,165.2632662784011,-50.21783141845179,27.894842763699486
2024-01-26 11:09:38,163.76783704848194,-47.762605394426174,30.1019343334939
2024-01-26 11:09:43,161.54886368171498,-49.412890730167724,31.400500012238595
2024-01-26 11:09:47,158.71884254701973,-47.96267865693633,33.43944081447326
2024-01-26 11:09:51,161.1841227082408,-48.7500247844134,31.021035281069196
2024-01-26 11:09:55,160.13754997369975,-50.02683231671611,33.185156355843546
2024-01-26 11:09:59,159.56690050236824,-47.295351221791186,35.817996255930034
2024-01-26 11:10:04,161.83379791594697,-47.90868016489867,35.494951427937494
2024-01-26 11:10:09,159.87916979148036,-47.01614171657062,34.71748049491608
2024-01-26 11:10:14,162.83026387854574,-44.506719834243256,34.948956498344735
2024-01-26 11:10:18,163.07292354697802,-41.845162489043716,35.69503313726141
2024-01-26 11:10:22,164.022495481359,-39.993441277197824,34.66397868272926
2024-01-26 11:10:26,166.2863638605162,-40.31500923711985,31.929160688073324
2024-01-26 11:10:30,168.4143346899514,-38.7693573949709,29.38889871360174
2024-01-26 11:10:35,167.33471790784418,-38.860454638872405,28.505137832522877
2024-01-26 11:10:40,167.4682634620878,-40.51690914886703,27.659278492441082
2024-01-26 11:10:44,164.61843309992042,-40.220137592149946,26.7153977228851
2024-01-26 11:10:49,166.17221147557134,-38.63496675366121,27.525986714100448
2024-01-26 11:10:53,167.77232917546078,-39.097250155903396,30.095680798599048
2024-01-26 11:10:57,164.92491302156344,-39.48195830450723,28.92913843725596
2024-01-26 11:11:01,162.06048043451494,-39.09618869358798,31.77109405833734
2024-01-26 11:11:06,162.40303098939967,-36.66294288874003,30.209370772483148
2024-01-26 11:11:11,164.78895171212937,-36.85408769957655,32.2645175239653
2024-01-26 11:11:15,162.0026932501574,-39.51376736745158,32.110090026444205
2024-01-26 11:11:20,162.54514669858725,-39.05482072940301,31.81163145470856
2024-01-26 11:11:25,164.34165373053332,-36.806174614033395,33.61338783015902
2024-01-26 11:11:30,163.62006185617997,-39.30513255841723,34.92225150130611
2024-01-26 11:11:34,161.2357781362446,-39.81078276566237,34.82338230398528
2024-01-26 11:11:39,163.69251793835284,-41.967146755820174,36.62002460876663
2024-01-26 11:11:43,163.57577934705665,-42.230193251623206,36.27734375968712
2024-01-26 11:11:47,161.29445429840686,-41.14432954437838,35.59300534128117
2024-01-26 11:11:51,163.07328290709654,-39.73105093651295,36.706178957924614
2024-01-26 11:11:55,160.73258365818515,-39.82268573912516,36.111020279019044
2024-01-26 11:12:00,161.53160186348777,-41.19518422057446,38.96725204611258
2024-01-26 11:12:05,161.11311951180343,-42.85187176571136,41.016952189753646
2024-01-26 11:12:09,163.9271796205295,-45.094817256644895,38.998264336861396
2024-01-26 11:12:14,165.29867508680536,-43.694528967325276,39.801556152183935
2024-01-26 11:12:18,162.86207543948612,-43.08894729155775,40.00808470817796
2024-01-26 11:12:23,163.03620807339075,-41.6132286765449,38.52737459045599
2024-01-26 11:12:28,162.29455009373862,-41.7439972174391,39.82352593000471
2024-01-26 11:12:33,164.54278793066806,-38.82948206869028,42.292111995410984
2024-01-26 11:12:38,165.8716335240285,-38.48428437327672,40.41901192952301
2024-01-26 11:12:43,164.62581427334698,-40.95484202722798,37.937918791071574
2024-01-26 11:12:48,163.8448056116315,-41.6103968877637,35.257989078345474
2024-01-26 11:12:53,163.0656489866807,-40.33509175336761,33.77092451232321
2024-01-26 11:12:58,164.50168145277382,-38.0754676702176,34.59817547666222
2024-01-26 11:13:03,166.41077319084948,-39.917827491409135,34.3463822270478
2024-01-26 11:13:08,164.80938557517194,-42.91703433926528,33.675651655299866
2024-01-26 11:13:13,162.55223411689286,-43.049951434803326,35.44624000786272
2024-01-26 11:13:18,160.13554413585715,-40.453843636865514,33.15999428989276
2024-01-26 11:13:22,160.55636984035058,-37.936850808031664,32.30749798718399
2024-01-26 11:13:26,160.30932231377673,-36.750420426737676,30.322490524957807
2024-01-26 11:13:31,158.03545333838667,-38.727817657621905,31.752782391144123
2024-01-26 11:13:36,159.35137140846032,-39.93075564928997,29.213381415558793
2024-01-26 11:13:40,161.5343983613338,-40.9713657949333,29.119107107631734
2024-01-26 11:13:45,163.80799640321408,-39.50591379064791,28.99481927274663
2024-01-26 11:13:49,161.1689201418937,-36.66594632299616,31.5003163031309
2024-01-26 11:13:53,160.19411654554202,-39.0419814634681,33.862263277241034
2024-01-26 11:13:58,157.92256145098577,-41.87370597818777,33.32637367740814
2024-01-26 11:14:02,160.2749180867837,-40.09746074454745,32.98836450292372
2024-01-26 11:14:07,161.48720334364,-37.70651688239329,32.77263079352849
2024-01-26 11:14:11,162.68738302310476,-36.85667198184517,32.17860362962687
2024-01-26 11:14:16,160.7940649987407,-38.397756603969064,33.20473018349171
2024-01-26 11:14:21,160.44573684106723,-39.47233459545756,32.96991497521209
2024-01-26 11:14:25,157.70366952020768,-41.76130210327529,31.159292417918323
2024-01-26 11:14:30,157.58758347923873,-42.2527210019697,30.40666798317747
2024-01-26 11:14:34,157.4171796889924,-41.21435482210567,30.789883787685284
2024-01-26 11:14:39,159.1583543970987,-39.267137614842554,30.80201532168597
2024-01-26 11:14:43,157.81093419122385,-40.809769645084565,28.559687317257136
2024-01-26 11:14:47,157.30099605687462,-38.31321679808826,28.298522054678656
2024-01-26 11:14:51,156.28492471654963,-37.9706061673428,29.820203738937067
2024-01-26 11:14:56,153.65826946006877,-36.183502192924394,29.899878319583877
2024-01-26 11:15:00,156.55431377320332,-34.50094560665447,30.413664431884868
2024-01-26 11:15:05,154.386175925756,-33.72541116106136,28.59552988056778
2024-01-26 11:15:09,152.49975452871217,-31.7680127376531,26.092106792745493
2024-01-26 11:15:14,154.97807242610963,-33.19216223466001,27.496509397374137
2024-01-26 11:15:19,157.37552757758755,-31.913296544492123,27.4884774967637
2024-01-26 11:15:23,158.94054425742658,-33.474020965670164,26.658669769624556
2024-01-26 11:15:28,157.40054014526513,-34.65310712648068,24.10975608256735
2024-01-26 11:15:32,156.55075967620812,-37.04785461986015,26.866227492097156
2024-01-26 11:15:36,157.24871054718068,-39.42137697531742,29.76487278427731
2024-01-26 11:15:40,155.7937293248702,-40.53139714989761,27.757535955262885
2024-01-26 11:15:45,155.62485397466907,-42.689569523666215,27.641513342305732
2024-01-26 11:15:49,158.53730930255804,-44.39838057760319,30.31807246101951
2024-01-26 11:15:53,159.33529165269667,-41.80622541791676,33.22513327048953
2024-01-26 11:15:58,158.66488835325563,-40.35127742207668,35.36118916997101
2024-01-26 11:16:02,155.92144070313577,-38.658966869103324,33.61005275273318
2024-01-26 11:16:07,156.95547224059737,-37.90572644218668,35.539872195309115
2024-01-26 11:16:11,155.35721776501555,-40.01829585355565,35.12925898185056
2024-01-26 11:16:15,155.80969179131776,-38.904867960872046,38.05654312578406
2024-01-26 11:16:20,153.97398558236222,-39.37128285528468,40.03136451671671
2024-01-26 11:16:24,153.87129103474928,-37.808807812277195,42.05034703255407
2024-01-26 11:16:28,153.90112405808856,-40.751006450779705,39.174388614113
2024-01-26 11:16:32,152.84565299880882,-41.970781702584596,41.903944108605316
2024-01-26 11:16:36,154.10160785672022,-40.60022051748666,39.19647488501523
2024-01-26 11:16:41,151.34223134791273,-39.88296207274565,40.58359637142274
2024-01-26 11:16:45,148.86649298870918,-39.43737092970991,39.85977180766619
2024-01-26 11:16:50,150.14132896263607,-38.957400225179555,42.53266969341222
2024-01-26 11:16:55,152.91789313460362,-41.36465191313072,40.48071891938348
2024-01-26 11:16:59,154.83946586207617,-40.52954802044325,39.94919384740879
2024-01-26 11:17:04,154.11250090183964,-39.9837907247401,38.737231471689825
2024-01-26 11:17:09,151.94651824648275,-38.78303419529037,40.70845275366115
2024-01-26 11:17:13,154.4431944341658,-38.97060246011251,38.2416229191639
2024-01-26 11:17:18,157.2225242699837,-39.41948964815744,40.60765874837861
2024-01-26 11:17:22,158.65661034192763,-42.37053172495412,42.6142377333657
2024-01-26 11:17:26,157.27537595163793,-39.44308857427665,43.71841817944444
2024-01-26 11:17:30,157.7024730139208,-40.01751358551846,40.992865170613484
2024-01-26 11:17:35,158.02647944208454,-41.699533625154935,43.96646296030971
2024-01-26 11:17:40,156.11083711570214,-41.594988605449686,46.50508323987735
2024-01-26 11:17:45,157.9109802843784,-38.613159553727385,47.47094947940063
2024-01-26 11:17:50,155.43412278182643,-39.958854153087394,49.377687301924475
2024-01-26 11:17:55,158.01537984488863,-37.22593685835918,52.34830045365656
2024-01-26 11:17:59,157.24433602380395,-38.74511044967388,53.81850472376762
2024-01-26 11:18:04,156.30109598581626,-38.36866603011221,51.51167544315253
2024-01-26 11:18:08,155.3577914768361,-38.46044817235794,49.6194878506666
2024-01-26 11:18:12,156.7224370122229,-38.656045764997934,50.39159344329053
2024-01-26 11:18:16,156.2926876184384,-41.589473536602604,50.93729290169744
2024-01-26 11:18:21,156.140196628298,-44.45227848683898,48.54168289491427
2024-01-26 11:18:26,156.92575117225434,-46.13470180516927,46.20976631405631
2024-01-26 11:18:31,154.90509537813742,-43.15865526752315,47.42058526337812
2024-01-26 11:18:36,154.0408575517965,-41.71085146697749,46.446999940722286
2024-01-26 11:18:40,152.28034272008554,-39.888970150382114,47.58755860692629
2024-01-26 11:18:44,151.4978330601269,-41.79063715330813,49.8698476621716
2024-01-26 11:18:49,154.29802541819137,-43.851903209881534,48.194102178090446
2024-01-26 11:18:54,151.72545011139604,-42.309771997565996,47.90989747301246
2024-01-26 11:18:59,150.95301503820366,-41.73104644211127,46.318173963324085
2024-01-26 11:19:04,151.63268293283943,-41.35419547253894,48.62131470864893
2024-01-26 11:19:08,153.46831007021206,-40.119352578468764,46.06642964139418
2024-01-26 11:19:12,151.22482461499254,-39.79561699034777,48.797264997914056
2024-01-26 11:19:16,150.14056359050568,-41.72027984426149,50.78049148464189
2024-01-26 11:19:21,151.9918501624757,-42.51366572317519,48.92916884641855
2024-01-26 11:19:26,152.3039871926487,-42.224365518758916,50.54858169074163
2024-01-26 11:19:30,151.26014677075136,-45.11248094084466,52.74487800411973
2024-01-26 11:19:34,149.3028787181349,-46.159509290650504,52.19369884770287
2024-01-26 11:19:38,146.95345001591707,-47.21473238155645,52.76941919887258
2024-01-26 11:19:42,148.6804676799816,-48.35311943827126,52.027936128665495
2024-01-26 11:19:46,149.82384403647993,-46.815663053339435,50.57047308997822
2024-01-26 11:19:51,151.3654631752081,-48.613984866878184,50.50320238890324
2024-01-26 11:19:56,148.57312338664929,-49.236450272809805,48.88174373397917
2024-01-26 11:20:01,145.74996431262258,-47.352341024533516,49.53955946104208
2024-01-26 11:20:05,147.11172172210354,-48.41231212112441,48.366031079458686
2024-01-26 11:20:09,148.75099780337428,-48.4791573738468,46.4000708869696
2024-01-26 11:20:14,148.37609915332615,-50.53593898757546,43.85543422775963
2024-01-26 11:20:19,146.5171349527715,-51.59285080556643,41.0426103974362
2024-01-26 11:20:23,146.77159742789382,-50.41894507946648,43.70729533965408
2024-01-26 11:20:27,149.3791139386658,-49.78139436986668,46.39744791229289
2024-01-26 11:20:31,148.6763620504027,-50.40575469272457,44.52412782144874
2024-01-26 11:20:36,151.13942724252584,-49.16631014707872,42.58639900533627
2024-01-26 11:20:41,153.09891371567193,-52.09137185367251,39.98686543185781
2024-01-26 11:20:46,155.76161289392311,-53.18796228324003,39.126731363440285
2024-01-26 11:20:51,156.7890451246408,-53.24621474561101,37.00802568790708
2024-01-26 11:20:56,155.4173147595427,-50.366023871281826,38.44686013737842
2024-01-26 11:21:01,153.98358704895838,-49.702858986399754,40.97514171310731
2024-01-26 11:21:05,155.1311350578474,-46.722677341841965,40.20289436507744
2024-01-26 11:21:10,155.21381131749368,-48.06495081517082,37.32250587301098
2024-01-26 11:21:15,152.74060536332107,-49.3726289285985,37.88357505917281
2024-01-26 11:21:20,154.11579097031168,-50.438446146968516,37.109663476363465
2024-01-26 11:21:25,151.92328141949648,-53.23294307593095,36.510832614300156
2024-01-26 11:21:30,152.20713337348943,-52.089095552938545,35.65232239365193
2024-01-26 11:21:34,153.0370027898642,-50.147204112058944,37.41970274855491
2024-01-26 11:21:38,152.20661594404524,-51.292395684398215,34.48740973537418
2024-01-26 11:21:43,154.4541733551649,-50.70812283283072,33.98703658369525
2024-01-26 11:21:48,152.66723245417853,-48.06305708260756,35.89821869211758
2024-01-26 11:21:53,152.81671489876265,-47.86257263321007,35.83540427483595
2024-01-26 11:21:57,151.43631815607412,-45.45355602802395,38.37030913535632
2024-01-26 11:22:02,150.70741042860487,-45.93146139057776,39.975668651902765
2024-01-26 11:22:07,153.3041769560865,-46.833812856730056,37.21827831504283
2024-01-26 11:22:12,153.2993753780412,-48.40945576634276,36.983929905494676
2024-01-26 11:22:17,152.06187125349211,-47.8616031033539,37.80640710015968
2024-01-26 11:22:22,150.50059627061887,-48.67408385889096,40.35945773128467
2024-01-26 11:22:27,150.0061940950917,-50.67865888163168,41.13066115900653
2024-01-26 11:22:31,148.69966448472903,-51.41232072019,38.16239930420672
2024-01-26 11:22:35,151.44836284201716,-49.13369854858597,38.90174866661464
2024-01-26 11:22:39,150.78217697044096,-52.03839481059506,41.646801123424545
2024-01-26 11:22:44,150.37959580608626,-52.86848150271269,41.32518828705511
2024-01-26 11:22:49,149.5361040164016,-52.96448641413636,43.05608116836903
2024-01-26 11:22:54,149.52615155062122,-54.7751218864518,40.69370815331382
2024-01-26 11:22:59,151.56902067412426,-57.59833610203996,42.433530242528825
2024-01-26 11:23:04,149.77208165453777,-56.474058298944975,40.37291221857928
2024-01-26 11:23:08,150.3031379873088,-55.15234353100015,42.201345604817824
2024-01-26 11:23:12,151.05572398205598,-55.42995921830527,41.262020083225224
2024-01-26 11:23:16,148.40408795409584,-54.52013200843094,42.54547123921116
2024-01-26 11:23:21,147.5507392533568,-51.714721543159115,41.93125607608242
2024-01-26 11:23:25,148.2202198093557,-54.36781753835226,42.114506484512965
2024-01-26 11:23:29,145.45856416045578,-52.13501348188374,39.512944821194424
2024-01-26 11:23:34,142.46637992740264,-51.596336379472696,38.7276765655503
2024-01-26 11:23:38,143.5001275000573,-52.8041959799217,41.107091103718616
2024-01-26 11:23:43,142.51675220363796,-55.48111298023655,42.98237328200188
2024-01-26 11:23:48,142.8227382812489,-56.61239566359217,43.95089567575023
2024-01-26 11:23:53,140.44633897569534,-55.73375709420092,43.41524535439527
2024-01-26 11:23:57,141.94253223358925,-56.43938251871494,46.099016349484394
2024-01-26 11:24:02,139.94136141360664,-56.456694543549496,45.59275365934503
2024-01-26 11:24:07,139.640059540036,-58.69751626304346,43.89025701361714
2024-01-26 11:24:11,139.5819111511569,-58.403278550156145,45.728687303707304
2024-01-26 11:24:16,139.09349540527535,-58.31383744872859,47.41920620768645
2024-01-26 11:24:20,137.74074759076925,-57.58378391030476,46.397150717042884
2024-01-26 11:24:25,134.84549188795395,-55.58321942974425,48.66389535666518
2024-01-26 11:24:30,132.82293672689926,-57.8091795513012,51.51899915424059
2024-01-26 11:24:35,132.6417454743046,-57.35957090376416,52.30100852556628
2024-01-26 11:24:39,132.8421763413717,-56.49400970999308,51.11675636778959
2024-01-26 11:24:44,130.44645530451174,-53.56385797363495,49.388251444766055
2024-01-26 11:24:49,130.8313641468177,-55.21957603807623,49.58380632464987
2024-01-26 11:24:53,128.65635045128442,-52.52217361994109,50.50918250176317
2024-01-26 11:24:58,129.95363032442214,-54.573645498321795,48.30093034453281
2024-01-26 11:25:03,129.93407419061668,-55.71687506863397,48.067374419729745
2024-01-26 11:25:08,127.581101310176,-57.15269958711031,45.74947694696044
2024-01-26 11:25:13,130.32987645141543,-56.10556923357744,44.73134912017969
2024-01-26 11:25:18,131.1475462871912,-53.79270428684616,43.982533261460226
2024-01-26 11:25:22,133.77185355601137,-55.70068865724211,44.543985124681996
2024-01-26 11:25:26,133.696354114341,-55.775347104801654,43.53062297329977
2024-01-26 11:25:30,131.94719392322853,-54.76569596306238,45.674485037375824
2024-01-26 11:25:35,131.27953859402191,-53.88630303068821,46.7624239140346
2024-01-26 11:25:39,128.31926153299395,-50.962507402480014,45.98354979141965
2024-01-26 11:25:44,128.69470688961465,-51.819630920036964,48.41964143129854
2024-01-26 11:25:48,129.77974528496603,-52.88580588823441,46.616596355470186
2024-01-26 11:25:53,127.16185249219279,-50.43901714729114,46.88757528795067
2024-01-26 11:25:57,127.67248208141382,-50.03386192748955,45.35071190621221
2024-01-26 11:26:01,125.3540550859926,-47.751697704782856,46.87798186028333
2024-01-26 11:26:05,125.28371919572592,-47.952559189161164,45.54604788288593
2024-01-26 11:26:10,123.7116137294756,-49.132642815233766,45.46111552670007
2024-01-26 11:26:14,125.54576807211967,-50.383576455794724,45.366884295744185
2024-01-26 11:26:18,122.5803087514054,-49.56954294681915,47.26196431971584
2024-01-26 11:26:23,122.29229036577058,-51.404762236172736,45.80714462645239
2024-01-26 11:26:27,121.87811539141788,-51.16594931987695,47.23545089014223
2024-01-26 11:26:32,123.10115933055954,-51.14030403118354,49.20876618005963
2024-01-26 11:26:36,122.77590801768675,-51.31733933224201,50.50928663620793
2024-01-26 11:26:41,124.43534691377516,-53.06651613179435,48.94176687388206
2024-01-26 11:26:46,122.4075531364727,-53.71561026467569,49.61116075900271
2024-01-26 11:26:50,123.7992017652845,-52.392927943286146,52.40144190761087
2024-01-26 11:26:54,122.06019867768794,-54.07474875447445,51.51790992354748
2024-01-26 11:26:59,122.83879719498097,-56.79051980893348,50.55147453227127
2024-01-26 11:27:03,120.29717277776868,-59.732721847131145,48.89305265765878
2024-01-26 11:27:07,120.71086024950817,-57.952993031076645,50.559433842849955
2024-01-26 11:27:12,119.62156507540865,-57.308875858512984,52.611617159429926
2024-01-26 11:27:17,120.92319491379263,-60.0777707114142,52.34999566037531
2024-01-26 11:27:21,122.68598664203026,-57.95345885969801,49.41660010571093
2024-01-26 11:27:26,121.52891038360741,-57.33957935629271,52.01103485056234
2024-01-26 11:27:31,123.98066365910347,-58.229867701775476,49.089815612727755
2024-01-26 11:27:35,122.27345726907669,-59.10818610071559,50.88054649208182
2024-01-26 11:27:39,120.11194277775978,-57.18952797168288,51.16225806511528
2024-01-26 11:27:44,118.1244975211554,-56.743781223647545,50.552246580402915
2024-01-26 11:27:48,119.99332739256354,-58.22237527501649,48.46987183661421
2024-01-26 11:27:53,117.16309854464467,-60.62092107777411,51.249235019057885
2024-01-26 11:27:58,118.10699364067197,-59.30346252509238,49.53085458975608
2024-01-26 11:28:02,120.58212413231772,-57.616113032331654,49.50834103043491
2024-01-26 11:28:07,123.48909546699258,-54.84470060542358,49.89064848893645
2024-01-26 11:28:12,125.21032903442506,-55.2685412436978,49.080219472346386
2024-01-26 11:28:17,122.2374646577041,-57.11887187521992,50.85441903249604
2024-01-26 11:28:21,122.89512086555266,-56.0758534661096,50.759046350421606
2024-01-26 11:28:25,120.760016200085,-55.59812403929129,52.70028869730881
2024-01-26 11:28:30,123.45357184618335,-57.69844556358108,50.89922974771975
2024-01-26 11:28:35,125.93032386726506,-58.37989341868056,51.089947740685375
2024-01-26 11:28:39,125.12274558552525,-56.21757881353567,53.7042770961
2024-01-26 11:28:44,127.74978554972523,-58.20533887151573,55.07087359013004
2024-01-26 11:28:48,125.24202659063326,-56.06883564766094,54.379441979879594
2024-01-26 11:28:53,126.99478701531245,-54.08821334454752,51.98080930578001
2024-01-26 11:28:57,127.37367327667496,-56.952612864352716,51.48660282020167
2024-01-26 11:29:02,126.09229160972433,-57.05275681287772,54.010416225075325
2024-01-26 11:29:07,123.61271193397856,-59.05722352417863,53.66239231652254
2024-01-26 11:29:11,124.67597457341813,-57.27439245712783,52.39718641502971
2024-01-26 11:29:16,127.36045371220493,-58.260696873992,54.67426580943918
2024-01-26 11:29:21,125.92456261609226,-55.46719412719357,52.32932616785848
2024-01-26 11:29:26,128.6974336708689,-55.43456338962182,50.91281057874213
2024-01-26 11:29:31,130.24170825860708,-53.00678069499997,52.27434190319137
2024-01-26 11:29:36,129.32947495055151,-53.16175386761701,49.60238336503269
2024-01-26 11:29:41,126.44550208401677,-52.1846655271692,52.39758419831512
2024-01-26 11:29:46,127.61739184832265,-50.27039432019419,52.344784368019994
2024-01-26 11:29:50,125.08534839813797,-51.36380436519281,54.59594026671506
2024-01-26 11:29:55,127.69345650322452,-52.38231066956332,53.79835465413401
2024-01-26 11:30:00,125.31676485473821,-53.94090368368263,51.15751209891379
2024-01-26 11:30:04,122.44092632447338,-51.84672516621208,53.91583501814133
2024-01-26 11:30:08,121.00411931382858,-48.9389594199298,53.33996627974587
2024-01-26 11:30:12,119.15134659009901,-47.30497125737334,52.55732317922758
2024-01-26 11:30:17,119.15176281337871,-47.25328857477168,50.14269647401183
2024-01-26 11:30:22,116.29857953622465,-48.260987057182476,47.174038030723906
2024-01-26 11:30:26,115.4355605309056,-49.92768525900632,49.014378607793816
2024-01-26 11:30:30,117.9196387944365,-50.398222737805696,48.042810689660186
2024-01-26 11:30:35,115.70136819056373,-48.312197628618904,48.30486370298245
2024-01-26 11:30:39,118.5163197113712,-47.47327811036766,49.42248887500855
2024-01-26 11:30:43,120.66340456765829,-46.82448653832036,51.77887566728761
2024-01-26 11:30:47,119.71217589170337,-47.402442756905124,51.36343105263105
2024-01-26 11:30:51,120.90657328118749,-46.45061110145526,52.10653136174515
2024-01-26 11:30:55,122.55334595199773,-44.59642144708835,51.2535151607804
2024-01-26 11:31:00,120.27990502952956,-42.17828398611324,50.798353249051495
2024-01-26 11:31:05,118.99351233243468,-44.18521258175903,53.548612167255065
2024-01-26 11:31:09,116.05525405247118,-43.06404722459035,55.731783065144064
2024-01-26 11:31:14,117.08906487078673,-43.54526750161188,56.00300351440323
2024-01-26 11:31:18,120.06066379251557,-44.45459794077911,55.25805139304298
2024-01-26 11:31:22,121.87145598938656,-43.21491327920382,53.17196136306652
2024-01-26 11:31:26,124.76926522449506,-44.41122689180255,51.751062825980604
2024-01-26 11:31:30,124.09324127792752,-44.771052060805914,49.67101602472251
2024-01-26 11:31:34,121.59432531457777,-46.73456347568084,47.61411384661097
2024-01-26 11:31:38,120.86159261430646,-44.5944732519651,47.465781626053136
2024-01-26 11:31:43,118.471943780171,-44.84081199907837,46.374188790363796
2024-01-26 11:31:48,121.09104291186841,-42.382938689586204,48.22772688009039
2024-01-26 11:31:52,120.5469570904523,-41.70031389441459,48.1462157040979
2024-01-26 11:31:57,120.85259321428705,-42.10103666243909,46.47971803779977
2024-01-26 11:32:02,117.92580310724324,-41.761590962330544,45.400466403360674
2024-01-26 11:32:06,120.5457838702705,-44.33297843468813,44.94957268417162
2024-01-26 11:32:10,121.75809521222264,-43.398538919481624,43.09378768949723
2024-01-26 11:32:15,120.13610726924952,-44.5982715549825,45.85028789369044
2024-01-26 11:32:20,117.4508990175531,-47.58916462946063,44.522672442384994
2024-01-26 11:32:25,117.03980919382904,-48.592066362995915,47.19083461583765
2024-01-26 11:32:29,119.8241241864869,-50.108126490039524,45.08021816711974
2024-01-26 11:32:33,120.43294511840332,-50.68192979903711,47.938385705483064
2024-01-26 11:32:37,121.37951519112036,-53.54134807849472,47.03950060665281
2024-01-26 11:32:42,121.37710020838448,-52.80138921112619,48.80353433499675
2024-01-26 11:32:47,120.69706045496157,-55.13840941889071,51.02619468333151
2024-01-26 11:32:52,118.3638994349661,-55.437155306258575,49.444640409679145
2024-01-26 11:32:56,118.14256019077992,-55.750954244995796,51.14874993252005
2024-01-26 11:33:01,115.55649292017172,-54.77185423141995,51.700195706067255
2024-01-26 11:33:06,117.50178229579221,-56.601039726962505,54.61341139772526
2024-01-26 11:33:10,118.78596904296812,-55.917795012533574,53.2952131651661
2024-01-26 11:33:15,120.79709017222142,-56.59400859075335,53.39289520949039
2024-01-26 11:33:19,122.68893015891182,-56.55929631235979,54.53116636482038
2024-01-26 11:33:23,122.50901220964037,-53.81963631117792,52.29060587522613
2024-01-26 11:33:28,121.93497365766082,-54.827839603077244,53.19051991805493
2024-01-26 11:33:33,119.96272698248475,-52.62948439756794,53.2137101008316
2024-01-26 11:33:37,120.15781726774377,-49.85461475618473,53.90190705951055
2024-01-26 11:33:42,118.20020905347774,-51.57837939118756,54.79265832815517
2024-01-26 11:33:46,118.04352633165416,-53.74478481322045,53.426827839058184
2024-01-26 11:33:51,120.62740399575691,-50.78046264172393,50.9595699944422
2024-01-26 11:33:56,120.00112755963097,-51.639766954951945,53.261731137373424
2024-01-26 11:34:00,121.93355459502507,-49.97916963630839,55.92079389229036
2024-01-26 11:34:04,121.56004627073483,-50.8595705707134,53.78493688312267
2024-01-26 11:34:08,123.74474257087105,-48.66456951664344,52.68291438814073
2024-01-26 11:34:13,123.9154941030429,-48.633673513136976,54.48412289271627
2024-01-26 11:34:17,126.04048859830607,-48.29856071196286,55.194991312061745
2024-01-26 11:34:22,128.2146988734249,-47.1666778308351,55.00632015316276
2024-01-26 11:34:26,129.21960402611913,-47.25022079772293,57.00471726095121
2024-01-26 11:34:31,130.88921427337377,-49.86388142863976,57.16056255624626
2024-01-26 11:34:36,131.31382304760237,-49.53724199733193,60.11098281013503
2024-01-26 11:34:40,133.9694513481569,-50.831638193486334,58.448202660871786
2024-01-26 11:34:45,134.09736563564212,-47.95183751086633,59.46489141846101
2024-01-26 11:34:49,132.44372722212833,-49.74110999883089,60.790461983929255
2024-01-26 11:34:53,133.670176243092,-51.232431368291934,61.774178113884645
2024-01-26 11:34:57,130.84422064592255,-52.015836115644525,61.242551598382676
2024-01-26 11:35:02,128.90042802471072,-50.914877068332046,60.229044174535204
2024-01-26 11:35:07,129.24452398768076,-51.102415295033246,57.55248417079056
2024-01-26 11:35:12,128.96415315811976,-53.19696189905875,58.525082387391286
2024-01-26 11:35:16,128.7570316083635,-54.91349260754895,59.138110818765824
2024-01-26 11:35:21,128.9362661529181,-52.10819817694228,57.654201291394706
2024-01-26 11:35:26,128.4492793783345,-53.56680609951973,60.267041626453675
2024-01-26 11:35:31,131.239280393785,-54.07496939952296,57.90521683091868
2024-01-26 11:35:35,129.77804688807876,-57.02209363732942,59.79786998407335
2024-01-26 11:35:40,131.90885928399874,-55.19828176835541,57.28318784915616
2024-01-26 11:35:44,133.31862201686414,-52.609089193873075,57.055227331215725
2024-01-26 11:35:49,135.91215049895885,-50.691220990144494,55.743734546414935
2024-01-26 11:35:53,137.09164733012204,-52.476002379304056,57.854037757680935
2024-01-26 11:35:57,136.8914899354566,-49.755556972576514,57.11318532660273
2024-01-26 11:36:02,137.58061253052603,-51.10208556328533,55.46284688302465
2024-01-26 11:36:07,139.58836604880173,-50.390412392642475,53.75396610566326
2024-01-26 11:36:11,140.6789916359273,-51.45031168582667,54.62858151259119
2024-01-26 11:36:16,143.15058087491042,-53.95108075099523,52.0718392297555
2024-01-26 11:36:21,142.28221531358543,-56.48213992926497,55.02834818384095
2024-01-26 11:36:25,145.26854552713627,-58.884440013211695,53.79931222812214
2024-01-26 11:36:30,144.83435142129207,-58.50842753921109,53.96783097313199
2024-01-26 11:36:34,144.10542928899036,-57.67414085689097,54.89991117317688
2024-01-26 11:36:39,144.8275645350516,-57.091943219198086,54.03704120456042
2024-01-26 11:36:43,142.48884304168257,-57.97474773694028,52.14869320275986
2024-01-26 11:36:48,142.3233776903874,-57.600417443429045,50.65176649909129
2024-01-26 11:36:53,142.95495482757678,-55.48579460489611,50.51664349975678
2024-01-26 11:36:58,143.75315516996667,-56.00635439699064,49.104418720576966
2024-01-26 11:37:02,142.2074129252235,-53.53206942300073,52.003260282078756
2024-01-26 11:37:06,140.6274099503267,-54.10602208017463,54.00393918576198
2024-01-26 11:37:11,140.97965022258538,-55.600304149575116,56.947968791449014
2024-01-26 11:37:16,141.57405637259225,-54.06509541774225,58.079578304119394
2024-01-26 11:37:21,139.54651784895464,-54.33804647068127,60.171415515157946
2024-01-26 11:37:26,139.99305852349775,-52.08036482237132,60.080224891474444
2024-01-26 11:37:30,140.2948563187759,-51.694276113612915,62.56902636110895
2024-01-26 11:37:35,138.9932114336968,-50.07225234200821,62.42177381854438
2024-01-26 11:37:39,137.34952798686564,-51.57768522231898,64.61931749961266
2024-01-26 11:37:44,138.67299084212542,-54.142549104540926,63.92188121394719
2024-01-26 11:37:48,140.96174987238936,-56.97217823622055,61.238887844969895
2024-01-26 11:37:53,143.25975788312616,-59.49848378691461,60.831914079459736
2024-01-26 11:37:57,145.76710162536145,-59.31725715645705,63.51922838366745
2024-01-26 11:38:01,145.16610343807756,-62.17736757551655,64.32835016300501
2024-01-26 11:38:06,143.842668495357,-61.653061080528914,63.21260256087152
2024-01-26 11:38:10,141.53483784225426,-62.751724333977876,61.00723641544826
2024-01-26 11:38:14,138.7080878058292,-61.738095731634026,61.33335400028942
2024-01-26 11:38:19,136.8251934514235,-61.5268391666836,61.01055263493586
2024-01-26 11:38:24,137.47783105406143,-62.560540629289626,61.45708606476677
2024-01-26 11:38:29,138.94197017305402,-60.76476568935272,63.27433972086837
2024-01-26 11:38:34,139.34141377253903,-57.954152877591284,63.5833542175978
2024-01-26 11:38:38,138.85146717448765,-55.75580368865228,60.76642247758457
2024-01-26 11:38:42,141.7730663949409,-54.93946613723604,60.785417197738546
2024-01-26 11:38:46,140.93927277940267,-55.87144689432372,60.311046719597876
2024-01-26 11:38:51,140.825384303034,-55.87423993959487,59.17470834071527
2024-01-26 11:38:55,143.42447843980048,-58.595206096454774,60.75049590025432
2024-01-26 11:39:00,141.63731308049745,-55.59685438341639,59.17871773567683
2024-01-26 11:39:05,141.88327732826968,-55.909246889487264,57.46454132183868
2024-01-26 11:39:09,143.22753468951524,-56.962379040652586,59.913091311509724
2024-01-26 11:39:13,141.3067127820035,-59.508533905700126,61.081205478756985
2024-01-26 11:39:18,141.33110962015212,-58.19137694574245,61.38995991264703
2024-01-26 11:39:22,142.14102819499254,-56.93908987746284,62.65676522763967
2024-01-26 11:39:27,144.25704760860364,-55.11586296340566,64.97978374488041
2024-01-26 11:39:31,147.21877801452985,-54.990891477839476,64.59712990989854
2024-01-26 11:39:36,149.3473552500699,-54.86424395607587,63.72431206649554
2024-01-26 11:39:40,148.78090879706454,-54.224437774501524,61.883018917209554
2024-01-26 11:39:44,149.6881230779521,-54.93438752151403,63.86570030399268
2024-01-26 11:39:48,147.13417091502282,-56.56186723796397,65.87956038112206
2024-01-26 11:39:52,149.67798081853152,-59.48765557613452,64.69620449075187
2024-01-26 11:39:57,150.12792251203197,-62.25263305385876,64.38164828341255
2024-01-26 11:40:01,152.86017045626815,-64.80380710795322,63.946020665777354
2024-01-26 11:40:05,153.67590841834388,-63.57213499659327,62.61457100566648
2024-01-26 11:40:10,152.66385790736294,-61.394685851447846,60.18308662860062
2024-01-26 11:40:14,153.63307248604323,-58.910085507762716,62.70091669302869
2024-01-26 11:40:18,153.5550596974739,-58.02444559938007,65.65209395553511
2024-01-26 11:40:22,154.83616578640812,-55.98132824724296,64.89117416072047
2024-01-26 11:40:26,156.55057590038967,-54.9133641444746,62.52979772649168
2024-01-26 11:40:31,154.63069020600085,-52.948358949872656,61.43721429453703
2024-01-26 11:40:35,154.6005605990972,-52.53270211930346,61.66991372195956
2024-01-26 11:40:39,155.69068960108376,-51.92921504108783,61.78730902135467
2024-01-26 11:40:44,153.54018132594825,-52.2308143751413,63.19188050220039
2024-01-26 11:40:49,155.99401122618076,-50.78939049311467,62.319429035423
2024-01-26 11:40:54,158.71284257275033,-51.080268352121145,62.228933101807996
2024-01-26 11:40:59,158.68573146395306,-49.06352817984147,62.35538930785603
2024-01-26 11:41:03,160.58317655143765,-51.608484543824424,61.67619898964213
2024-01-26 11:41:08,158.89349963663315,-50.654681550534434,61.71413165711226
2024-01-26 11:41:12,157.7506853746712,-52.536748447222756,59.96082774699182
2024-01-26 11:41:16,159.9163994806978,-50.803968854604854,57.914790952410044
2024-01-26 11:41:21,157.18354865254204,-48.69858107934264,60.61370707337181
2024-01-26 11:41:26,159.81437949268462,-51.15180289324598,58.38204863271103
2024-01-26 11:41:31,160.4109427489207,-52.58831983224364,61.06024519203412
2024-01-26 11:41:36,162.0976233792427,-53.01307375215662,60.72192251446174
2024-01-26 11:41:41,163.08446623380752,-52.70060841339421,61.65933339603758
2024-01-26 11:41:45,162.6099006819125,-54.517300483674184,64.6122442852898
2024-01-26 11:41:49,161.2896477785712,-54.64475020797327,62.62793948794575
2024-01-26 11:41:53,164.19632566403396,-53.499421634281276,64.24025163271654
2024-01-26 11:41:58,163.51027285484065,-52.245839586574235,67.12645825536924
2024-01-26 11:42:03,162.28264141544136,-54.05937920212085,68.91206476278842
2024-01-26 11:42:08,160.197925808228,-54.03072944520662,69.3673484081674
2024-01-26 11:42:13,157.60570427367634,-56.53722209814544,69.62246229976942
2024-01-26 11:42:18,155.61395897193287,-54.13418986217997,68.9304364247599
2024-01-26 11:42:23,154.80423594414682,-51.36060427895416,69.4303934412605
2024-01-26 11:42:27,156.60955672160742,-53.308405712805914,69.39085795452272
2024-01-26 11:42:32,156.84499286373998,-53.71989160604133,68.95677656226087
2024-01-26 11:42:37,158.37248376619362,-54.58299698234468,66.27298683578336
2024-01-26 11:42:41,155.85312345898703,-52.11385054947479,67.5020401575689
2024-01-26 11:42:45,158.19642387564798,-49.864188417066096,70.30849672512413
2024-01-26 11:42:49,161.0148586243556,-47.47516151290346,72.1646842573401
2024-01-26 11:42:53,163.7136521037875,-45.20963159435042,69.90508837570805
2024-01-26 11:42:58,162.36661410898824,-44.66368015183532,72.54816758744087
2024-01-26 11:43:03,160.08923829116995,-44.48747398183136,72.7896768436778
2024-01-26 11:43:07,158.36393471108792,-42.482189847206925,72.68524587832194
2024-01-26 11:43:11,159.9688043303066,-44.6420092941711,73.70226598110725
2024-01-26 11:43:15,160.81635936871263,-43.82666237437693,74.84707507100525
2024-01-26 11:43:19,162.0465524133837,-42.869181364172185,76.3868683642118
2024-01-26 11:43:24,161.11300915880528,-39.93534710903693,77.13959018137858
2024-01-26 11:43:28,158.70735868450654,-37.15568815009949,75.6478942838995
2024-01-26 11:43:33,157.4421011781475,-39.73736125359443,75.39818960598487
2024-01-26 11:43:38,155.74610939947604,-39.556790256933475,76.23025357321603
2024-01-26 11:43:42,153.9688221582236,-39.63038135332668,78.44373079453023
2024-01-26 11:43:46,152.18109721864454,-37.603592689611304,76.71177491909386
2024-01-26 11:43:50,151.46969025276786,-35.82303610764814,76.7486366622283
2024-01-26 11:43:54,152.11413121543592,-37.98456549123107,79.16124830547321
2024-01-26 11:43:59,152.6027679551902,-39.49348481508466,77.2071707650618
2024-01-26 11:44:04,150.36371747304472,-40.83497241069993,79.17221231354645
2024-01-26 11:44:09,150.22876034757087,-38.33110765580494,76.20306725697826
2024-01-26 11:44:14,149.72461923677378,-39.97254508262736,78.07003215335396
2024-01-26 11:44:19,150.84228955531844,-42.936384806075225,76.15299405833693
2024-01-26 11:44:23,150.78591415185807,-45.168811107934765,75.892867702323
2024-01-26 11:44:27,148.69969971126255,-47.33499157510893,75.93711266014385
2024-01-26 11:44:32,150.25722197526272,-45.63445586384547,75.66684153460555
2024-01-26 11:44:37,149.85345680232888,-45.30107410516287,73.66488557327692
2024-01-26 11:44:41,150.5427208306138,-47.402812726716654,74.68252669080114
2024-01-26 11:44:46,152.03714014137262,-46.43129974035281,73.7278957778386
2024-01-26 11:44:51,151.6115083476991,-48.86473717135681,74.12100636911578
2024-01-26 11:44:55,151.65478761579723,-49.72554857669631,76.97989107943526
2024-01-26 11:44:59,151.67200489445244,-51.77719005867484,79.15726939588406
2024-01-26 11:45:04,149.69309038732135,-53.109471524886914,78.3324457638266
2024-01-26 11:45:08,148.157503334778,-53.54036228383311,75.88032005082938
2024-01-26 11:45:13,147.20486403473691,-56.51684636162695,78.3251295849049
2024-01-26 11:45:18,146.0381310386917,-54.16287387929533,76.20540471443272
2024-01-26 11:45:23,144.96808111999664,-55.276053865107734,76.43261433765572
2024-01-26 11:45:27,147.71575429112667,-56.67908227865485,77.76923374539257
2024-01-26 11:45:32,148.75613179339175,-58.38809767256632,80.51485569496295
2024-01-26 11:45:36,148.08323472951975,-61.33976703539247,78.92197557417175
2024-01-26 11:45:41,148.9565501368769,-58.368016117449685,78.03321301905434
2024-01-26 11:45:45,151.6510356290684,-57.42969876435384,76.53127567914353
2024-01-26 11:45:50,154.32764015727614,-59.15006338171113,74.29040600096997
2024-01-26 11:45:55,152.67944621505546,-57.225368271217334,75.80072447945
2024-01-26 11:45:59,150.89316624362505,-60.102668356640486,75.80924719722455
2024-01-26 11:46:03,149.1586071002247,-57.70267679986386,75.86690574318658
2024-01-26 11:46:07,151.34326692795435,-56.93515284011654,77.86056179012711
2024-01-26 11:46:11,153.70787117595904,-59.63117836459698,78.5267455357921
2024-01-26 11:46:15,153.08548529896734,-57.96807586563695,77.19484220983092
2024-01-26 11:46:19,155.041565251574,-56.025554359368904,76.58744604489958
2024-01-26 11:46:24,157.37523191649,-56.14145835280866,77.80408956838876
2024-01-26 11:46:28,157.4421855877283,-58.85276330172944,77.79220575086791
2024-01-26 11:46:32,160.2872188454696,-61.59320349755187,79.49531959103686
2024-01-26 11:46:37,160.50534384982845,-64.37947228565372,81.09044365601616
2024-01-26 11:46:42,160.95239570739182,-64.19827830981527,80.04651561053673
2024-01-26 11:46:46,162.6988105538549,-62.556738950677634,77.50477365820072
2024-01-26 11:46:51,164.09200114562142,-62.22579549108426,79.35919203354001
2024-01-26 11:46:55,165.1355446366602,-64.99755604994554,78.14374578883334
2024-01-26 11:47:00,167.9491841320387,-65.37826395944782,76.87688688061344
2024-01-26 11:47:04,170.45510412964072,-63.24946289938348,73.9060268430592
2024-01-26 11:47:09,168.24456633169441,-61.6684273019351,74.05183816119005
2024-01-26 11:47:13,167.45152838773814,-62.36446076733063,73.1128660079905
2024-01-26 11:47:18,166.78730443977366,-62.73744678934821,74.20891865716366
2024-01-26 11:47:23,165.28026212094466,-61.92912394522357,74.0735295216
2024-01-26 11:47:27,164.17963800210828,-61.031923128495336,73.99618030813866
2024-01-26 11:47:32,162.907052848281,-61.184046796999525,75.74517779340997
2024-01-26 11:47:36,163.267832648115,-60.18395787350404,73.37468636436283
2024-01-26 11:47:40,162.12510074527708,-61.6934396594058,70.75660557920835
2024-01-26 11:47:44,161.47348960514856,-61.86374824103263,73.4398415419887
2024-01-26 11:47:49,163.72638387551234,-63.144063913550085,71.46318501898739
2024-01-26 11:47:53,165.72054320130076,-62.18577155462158,70.713902005703
2024-01-26 11:47:57,162.77140155981485,-63.0535021910253,73.15495855643506
2024-01-26 11:48:02,164.99862222711454,-61.653600431466785,75.2977179353696
2024-01-26 11:48:06,167.20082540445802,-59.52549424271845,72.65179807530164
2024-01-26 11:48:10,167.6409370771726,-59.38555430501929,71.35198129588518
2024-01-26 11:48:15,167.90017501511954,-60.011279879636085,73.25799255590896
2024-01-26 11:48:20,169.6222639001289,-60.00251409246281,71.65329447881874
2024-01-26 11:48:25,168.05930912714308,-58.50116668398664,71.11092860406356
2024-01-26 11:48:30,168.00559360465894,-55.805985376344225,73.44509561419991
2024-01-26 11:48:35,167.11104353366383,-55.60352487472403,70.84070856558735
2024-01-26 11:48:39,169.90896573185447,-54.232968551030005,72.04091259571088
2024-01-26 11:48:44,167.52110772031193,-53.86322562270662,69.71843188811542
2024-01-26 11:48:49,164.71631390018018,-55.91551428710071,71.11493729179149
2024-01-26 11:48:53,164.1307905835975,-53.3805744050574,69.57645992710077
2024-01-26 11:48:57,162.594148871123,-52.10795964450202,69.8410872085305
2024-01-26 11:49:01,164.90780048915988,-52.08680060008016,67.68643483949111
2024-01-26 11:49:06,164.51114186354272,-51.97618599473039,69.12898833943342
2024-01-26 11:49:10,165.65365836602388,-54.907035963141176,66.46378700539563
2024-01-26 11:49:15,164.50505802102452,-52.6834108144223,64.62746149257666
2024-01-26 11:49:19,164.25528525557965,-50.38675731370387,66.28829350453947
2024-01-26 11:49:23,166.1686728506365,-47.57472748220933,64.94207456500247
2024-01-26 11:49:27,168.01418021894193,-47.106325229550556,62.72929057072112
2024-01-26 11:49:31,169.93451634975744,-45.20610864499546,65.27568617194187
2024-01-26 11:49:35,171.42174125601977,-43.49180231111282,63.25008273610405
2024-01-26 11:49:40,171.60699695757472,-44.82961896213903,62.18867467208206
2024-01-26 11:49:44,170.08448299381905,-47.46412059804815,60.61744399590065
2024-01-26 11:49:49,172.63522606413989,-46.92722211110294,62.988248806073216
2024-01-26 11:49:53,169.74389083841916,-49.84734218865296,61.7329116928139
2024-01-26 11:49:57,169.50881594207826,-48.01354831178374,60.15901266691662
2024-01-26 11:50:02,170.0719720600517,-48.36802250093053,59.182473539202284
2024-01-26 11:50:07,170.85324887169764,-50.1026263356695,61.75251470352461
2024-01-26 11:50:11,168.31759591800864,-49.507706246187695,60.68027955571658
2024-01-26 11:50:15,166.32987784043314,-47.52538659601639,62.99826404234578
2024-01-26 11:50:19,168.58096303126666,-45.879011464914626,63.80633353715396
2024-01-26 11:50:23,168.24156742858523,-48.70245002946149,63.10603610795789
2024-01-26 11:50:27,168.16218774394096,-48.80006665279422,65.55049013247569
2024-01-26 11:50:32,169.7735577420111,-50.45999235531203,66.3784891836118
2024-01-26 11:50:36,169.13520171623767,-50.30255870121131,64.75044486461259
2024-01-26 11:50:40,166.59149612659797,-50.555353471750614,66.58697806369892
2024-01-26 11:50:44,169.07837504363317,-49.26590469959303,66.45998737030962
2024-01-26 11:50:48,169.90536954698004,-49.91699688360925,65.6831910463268
2024-01-26 11:50:53,167.74743263759507,-47.71953142191126,62.95310269249639
2024-01-26 11:50:57,168.18953365950364,-45.657155100757315,61.592248499944986
2024-01-26 11:51:02,166.49968792202017,-43.452625772522396,58.94269588727746
2024-01-26 11:51:07,169.0150568042525,-42.0523297468253,58.3198080322619
2024-01-26 11:51:11,169.98531188029364,-44.39626991206317,56.43809599742299
2024-01-26 11:51:15,168.61460841033414,-45.59253326622833,53.88211116122101
2024-01-26 11:51:20,170.09859466316863,-44.91557815549113,53.779692904112274
2024-01-26 11:51:24,170.4193681977104,-42.231826947294735,55.69699201099587
2024-01-26 11:51:28,172.76497177961608,-40.900427854010836,55.5908249208623
2024-01-26 11:51:32,173.5378910797224,-42.59378728066666,57.089127702550485
2024-01-26 11:51:36,173.1592726534416,-44.175701021513824,59.829722337081776
2024-01-26 11:51:41,170.73627396230575,-46.98664441197683,62.6204744570107
2024-01-26 11:51:46,172.51585375222587,-48.026339705507446,62.49446284998186
2024-01-26 11:51:51,175.06567033062294,-49.63155128426711,60.7142057352383
2024-01-26 11:51:56,175.7718025994442,-49.414897043058026,57.79655290893823
2024-01-26 11:52:00,176.65178136520134,-46.42840827383271,56.43656175244301
2024-01-26 11:52:05,176.69650622260954,-45.793674899889915,54.701101322742
2024-01-26 11:52:09,177.9303741764091,-45.918397938202695,54.58280795179662
2024-01-26 11:52:13,177.29552785016682,-47.58500294763652,56.039519359233964
2024-01-26 11:52:18,177.2841606248572,-47.201072071700324,57.062839687674426
2024-01-26 11:52:23,176.91287523964857,-48.313897454379536,54.57461596675198
2024-01-26 11:52:28,179.12228048281045,-47.05744748247736,55.80776387671592
2024-01-26 11:52:33,177.60421048265775,-46.041656549955334,53.460612376988074
2024-01-26 11:52:38,175.65835168370756,-45.285429216906614,51.30966591983205
2024-01-26 11:52:43,174.71105025446627,-44.986667963783,53.81368495643877
2024-01-26 11:52:48,175.81752291529432,-46.805093912574534,55.30788846174327
2024-01-26 11:52:52,178.3634936268557,-48.20539102128525,54.259741437536746
2024-01-26 11:52:57,175.43585020922197,-47.20441109938038,53.69910822638813
2024-01-26 11:53:02,177.2504465949653,-49.78645632909064,51.14259836695481
2024-01-26 11:53:07,180.0,-48.19659326042152,52.07944770064713
2024-01-26 11:53:11,180.0,-48.630295940998856,50.51797492438069
2024-01-26 11:53:16,177.61322207419826,-47.53819172718288,51.26965490123609
2024-01-26 11:53:21,175.91316835345253,-44.67696135202641,50.35665033250158
2024-01-26 11:53:26,177.76423331570243,-42.39638887969265,51.800991393411216
2024-01-26 11:53:31,176.99723928392018,-44.51467405215289,50.11416705847524
2024-01-26 11:53:35,177.75033059523352,-42.82346560611725,49.48043998184636
2024-01-26 11:53:40,175.89294421580362,-42.1314799270311,47.492037224341544
2024-01-26 11:53:45,174.5458606942967,-44.76734942828333,46.60387336109271
2024-01-26 11:53:50,174.06323268126317,-46.71502310401874,47.71950465756467
2024-01-26 11:53:55,175.1859693112132,-44.8040564992235,45.941404558482105
2024-01-26 11:54:00,173.2355994956926,-44.7446246113537,48.35754417857647
2024-01-26 11:54:05,171.6101285312804,-46.062502761327835,46.42567507749925
2024-01-26 11:54:10,171.6390530448542,-48.426738091895594,46.9977267387177
2024-01-26 11:54:15,171.36069026684544,-49.96400428614645,48.41502845802078
2024-01-26 11:54:20,172.82144696846962,-48.201125647322314,49.99707359289127
2024-01-26 11:54:24,175.59797902037604,-49.33883528343214,47.7173805040937
2024-01-26 11:54:28,178.22551362533017,-50.7324834958841,49.881420564619106
2024-01-26 11:54:33,179.25962350341115,-47.821517050652275,48.57578766134333
2024-01-26 11:54:38,179.38677878716422,-49.11686037649706,50.31777552262507
2024-01-26 11:54:42,180.0,-46.545483810735135,49.418127641532415
2024-01-26 11:54:47,177.12608382797816,-48.18812115366681,48.81185599621655
2024-01-26 11:54:51,175.02063276762527,-45.64330614948355,51.700205056794
2024-01-26 11:54:56,177.06897026121078,-47.29671225832461,50.52529825874798
2024-01-26 11:55:00,174.8041640367586,-46.124233508279964,50.71089900340685
2024-01-26 11:55:04,173.82400510492846,-44.45585424150424,49.028125411930056
2024-01-26 11:55:08,176.30585730792325,-44.01386077482656,50.92897387602509
2024-01-26 11:55:13,178.0480808300881,-43.46795324673269,52.24583140193967
2024-01-26 11:55:18,178.45116459390104,-41.4160382134983,52.84195814590983
2024-01-26 11:55:22,175.91649155189506,-41.40473420973414,55.1756237822605
2024-01-26 11:55:26,173.25339813694094,-42.9906923416139,56.50978151044813
2024-01-26 11:55:30,174.26016105530587,-42.79316417242637,59.22668941321362
2024-01-26 11:55:35,171.60853210209402,-42.01833711807285,61.236046271706954
2024-01-26 11:55:39,169.79706993354299,-42.58275893267037,61.01380573610439
2024-01-26 11:55:43,168.0259770897609,-40.944425729374565,61.90207239427839
2024-01-26 11:55:47,167.65736686569517,-40.409984972013696,62.659116308232996
2024-01-26 11:55:52,164.9231336793278,-40.481256872366856,60.92200433472778
2024-01-26 11:55:57,162.52588669588954,-42.684581694192815,62.84771225051742
2024-01-26 11:56:01,159.97082846945452,-42.00174194111932,62.837858162197776
2024-01-26 11:56:05,156.9819436202969,-44.58728727095694,59.978496785143456
2024-01-26 11:56:10,157.373429895552,-43.70456764406164,59.758567657892385
2024-01-26 11:56:14,158.82467609901246,-46.163311825574205,62.145149622805036
2024-01-26 11:56:19,157.25139667873506,-48.975845209109174,64.5920436895105
2024-01-26 11:56:24,158.19127656876722,-46.02361438317645,64.40227092020794
2024-01-26 11:56:28,161.09483204350332,-46.060690944611196,63.32939843585898
2024-01-26 11:56:32,158.19594984566524,-49.04761965231618,63.715748851040246
2024-01-26 11:56:36,156.4965072803548,-48.41508086825453,60.88514990413072
2024-01-26 11:56:41,156.06928113407383,-47.29298135255417,62.932454996833926
2024-01-26 11:56:46,153.13769636589225,-50.217165994157696,61.518963425878866
2024-01-26 11:56:51,153.20882587478505,-50.16568480834233,60.38910231259048
2024-01-26 11:56:56,150.44522656738795,-48.32265935881992,59.9491427006908
2024-01-26 11:57:00,148.69213906821636,-49.86389442636731,57.098370172570284
2024-01-26 11:57:05,149.5273527390222,-48.6412834157932,59.1582728068841
2024-01-26 11:57:10,149.08771481824087,-50.81977381437703,58.05149686696204
2024-01-26 11:57:14,150.25231729547417,-47.94774827686299,55.26914317498181
2024-01-26 11:57:19,150.06239496071083,-50.258441726338766,55.99960492165269
2024-01-26 11:57:24,152.08102603518455,-52.18427043804288,58.44678452331522
2024-01-26 11:57:28,152.3827561445852,-54.086646107180535,55.73459956285516
2024-01-26 11:57:33,152.1765823709183,-56.635268655768506,57.64979392174242
2024-01-26 11:57:37,153.8616804654637,-55.07676864067995,55.505737849845076
2024-01-26 11:57:42,156.51321434570082,-55.98105277636784,52.51153168765067
2024-01-26 11:57:46,156.52492538953177,-58.919772319899224,51.08055641118768
2024-01-26 11:57:51,153.95343355780665,-57.40573111935267,53.11878680424251
2024-01-26 11:57:56,151.8080289497134,-57.24791422586233,52.94540031790519
2024-01-26 11:58:01,151.71570540194412,-55.05039778687864,54.15048291395124
2024-01-26 11:58:06,150.90559377573467,-53.36329121417228,53.42028209334862
2024-01-26 11:58:10,153.61881556771854,-54.90893269075794,52.89484114500158
2024-01-26 11:58:14,152.52145820258642,-57.234359018689254,51.241447000039464
2024-01-26 11:58:19,152.08748330098413,-55.12137961771342,52.34859496265197
2024-01-26 11:58:24,153.20001885239228,-56.94565303617152,51.80052746930847
2024-01-26 11:58:28,155.57275029646445,-58.60327579678134,49.76276415606239
2024-01-26 11:58:33,155.15474923932967,-59.31740897787125,47.47254589632197
2024-01-26 11:58:37,157.01962559094463,-59.63902660703496,46.256842956015625
2024-01-26 11:58:42,154.22910598065238,-60.40075368024645,43.708260397644004
2024-01-26 11:58:46,153.17147042064934,-57.545317929232894,43.97128673144369
2024-01-26 11:58:51,153.49370031202184,-57.426305292383105,41.658203775489724
2024-01-26 11:58:56,150.55059923114982,-58.834966449070045,39.76485636275591
2024-01-26 11:59:00,152.1762563394494,-61.819721801150955,37.48497094553388
2024-01-26 11:59:05,154.2667774583756,-63.84987730940226,37.113758672270976
2024-01-26 11:59:10,153.59285914613028,-63.19337681856159,39.662174770483304
2024-01-26 11:59:14,152.96167740987556,-64.23180037979066,42.01507643827174
2024-01-26 11:59:18,152.52622198041502,-66.06770696236077,41.21209356877788
2024-01-26 11:59:23,151.29000354479993,-68.20545078275583,38.39770782396304
2024-01-26 11:59:27,149.21352251024442,-70.71639821021262,40.46979688621211
2024-01-26 11:59:31,151.63927799946592,-73.59290132620325,40.13818471417576
2024-01-26 11:59:35,148.69543813950702,-70.66631003172935,40.56360568462357
2024-01-26 11:59:39,149.08565757283952,-69.77138372124992,38.99356852381468
2024-01-26 11:59:43,150.28691485902564,-66.88024069104664,40.92562332461786
2024-01-26 11:59:48,151.12825792845814,-66.78041599781538,42.67207318721472
2024-01-26 11:59:53,151.56286512124612,-67.12348801147279,39.97079574184113
2024-01-26 11:59:57,151.41230346698,-69.18024507561408,37.491813516732435
2024-01-26 12:00:02,149.1818082253532,-71.65501530095591,37.711879582840915
2024-01-26 12:00:07,149.82924051101412,-74.51781789390137,39.242177848566094
2024-01-26 12:00:11,152.2171965509098,-76.5030515654494,38.90750548046342
2024-01-26 12:00:16,154.71807815490527,-78.25534929846945,40.7966513889682
2024-01-26 12:00:21,152.6344565604961,-75.91143983363614,42.328950866748805
2024-01-26 12:00:26,153.85179485566405,-73.84797823457164,39.53384863477533
2024-01-26 12:00:31,154.31595447032117,-74.27470438651665,41.47826514743714
2024-01-26 12:00:36,157.0149723916445,-71.38420910546185,41.602743280671234
2024-01-26 12:00:41,156.00513853603192,-70.97403838264518,43.809656804638195
2024-01-26 12:00:46,157.69663912904784,-68.20763176795015,45.42548319222451
2024-01-26 12:00:51,158.9612501698563,-68.1217577060517,43.91973352837648
2024-01-26 12:00:56,160.81809253277882,-70.18268683855146,42.27082716177234
2024-01-26 12:01:00,158.31109831109646,-71.88195534768752,44.566621424234825
2024-01-26 12:01:05,159.66568543881044,-73.91939693436301,47.12322764173475
2024-01-26 12:01:09,160.36801748642003,-71.2212329661678,47.81091098046172
2024-01-26 12:01:13,162.79211722334108,-70.171637272694,49.177381870189244
2024-01-26 12:01:18,164.3996112227047,-68.58117408114654,52.04238007056025
2024-01-26 12:01:23,166.76401875186335,-66.91629949589577,53.973710723658606
2024-01-26 12:01:27,165.64013995725344,-65.0645546136235,55.08294295750732
2024-01-26 12:01:31,165.26548644457495,-62.39242560395493,56.28513456711601
2024-01-26 12:01:35,165.73901347554,-65.00822580062297,57.99804006961331
2024-01-26 12:01:39,166.25337343313046,-66.75104508615632,57.59296607783314
2024-01-26 12:01:43,167.61176903474527,-65.43962615364656,59.035349961169445
2024-01-26 12:01:48,166.25331379122088,-63.37938009492427,56.95803698603432
2024-01-26 12:01:53,165.72949436340085,-62.28352804524937,56.51040610471043
2024-01-26 12:01:58,163.20760169084053,-60.32755263365246,54.00582059392473
2024-01-26 12:02:03,164.1151316519435,-59.531417390978284,55.656122767687556
2024-01-26 12:02:07,164.01062843186008,-59.53482423540519,57.84687000336796
2024-01-26 12:02:12,164.53393799974214,-57.19689317219067,59.67948351969223
2024-01-26 12:02:16,161.58237301871318,-58.662071874444905,62.36708973770686
2024-01-26 12:02:21,163.83593193949557,-61.002209593168466,64.1864071099364
2024-01-26 12:02:26,162.5039364872017,-60.58616004354255,63.57487387983002
2024-01-26 12:02:31,161.10284019964976,-60.688350851880834,64.30558183796124
2024-01-26 12:02:36,158.4660147351682,-59.0232272393192,66.04064255784547
2024-01-26 12:02:40,158.85033306489817,-56.160630363748425,65.14788489445215
2024-01-26 12:02:45,158.0076229443496,-57.50788007050525,66.23769327872365
2024-01-26 12:02:49,160.76147627154316,-59.35686377552869,68.05132991699924
2024-01-26 12:02:54,162.42367020437365,-62.101215715075575,67.75765364782552
2024-01-26 12:02:58,161.19025483129082,-61.46762291658785,66.89019704280336
2024-01-26 12:03:02,163.8556643611274,-60.88373417433826,67.37599124653308
2024-01-26 12:03:07,161.42936818427793,-58.46526776986314,70.1299647652205
2024-01-26 12:03:12,163.61611417131581,-57.58428117939882,71.20171895680775
2024-01-26 12:03:16,160.9463391199343,-60.320303410833745,69.03450622533214
2024-01-26 12:03:21,160.5854064008439,-61.17981906716078,66.07649194506287
2024-01-26 12:03:25,158.48485229184428,-59.8457910050398,66.6250230059356
2024-01-26 12:03:30,159.523436422242,-59.18295927760701,63.83234307039429
2024-01-26 12:03:34,160.7744215524645,-56.82814355574718,62.26289988078503
2024-01-26 12:03:38,159.10129598656164,-54.03734586619829,62.39483804523476
2024-01-26 12:03:43,158.5579868490678,-52.22271274885961,61.8085105193577
2024-01-26 12:03:47,155.74257300432504,-52.57426238991624,62.17250485440326
2024-01-26 12:03:52,155.39466244787974,-54.14931402679784,63.81778770230265
2024-01-26 12:03:56,155.13596581559963,-56.5667103088655,64.0780366661713
2024-01-26 12:04:00,156.9950204087433,-59.277968845437584,66.97536551113122
2024-01-26 12:04:05,155.58842003399565,-58.226062401803084,65.8177589473378
2024-01-26 12:04:09,152.60290630626957,-60.38990346616351,63.58143886856915
2024-01-26 12:04:14,151.110551169515,-63.05263898879315,64.62545077416881
2024-01-26 12:04:18,149.3704103839284,-60.51740682082962,67.41702661680985
2024-01-26 12:04:22,151.74899216436714,-57.733387654495104,65.00555511466386
2024-01-26 12:04:26,153.32005210554192,-56.655710161255996,66.90364871997076
2024-01-26 12:04:30,154.8847592208413,-57.25318296711349,67.5991264403101
2024-01-26 12:04:34,155.65089595581017,-59.502560073321064,69.09084168744862
2024-01-26 12:04:38,153.65994430356773,-58.05429785643396,71.55541005568342
2024-01-26 12:04:43,155.90827967438557,-60.91229620520813,70.79340961663983
2024-01-26 12:04:48,157.0486561321191,-62.72155533328318,68.85492282166982
2024-01-26 12:04:52,155.55173068561007,-65.36536271338224,69.6673151264076
2024-01-26 12:04:56,154.59417744442717,-63.5532543781927,70.07947872657225
2024-01-26 12:05:00,154.39091783122257,-62.69343224794923,68.3185935618388
2024-01-26 12:05:04,152.9014217525357,-61.64809975085883,67.72460038181985
2024-01-26 12:05:09,150.81449753746892,-58.680323582882224,69.86002640263159
2024-01-26 12:05:13,149.9608009273264,-58.40266881421645,68.72605103302546
2024-01-26 12:05:17,148.27390342104505,-55.62315816754885,67.89407126247556
2024-01-26 12:05:22,148.48880881845855,-57.960348139683845,66.0653374846949
2024-01-26 12:05:26,149.7354782551917,-56.871440316102664,63.1144950310934
2024-01-26 12:05:31,149.83087622190436,-54.883712563206906,61.28278447418276
2024-01-26 12:05:35,151.25027243825406,-52.07140189249611,63.676816307351956
2024-01-26 12:05:39,153.3513675260279,-51.72134567075695,64.17161326368152
2024-01-26 12:05:44,155.31176833772994,-50.20085924760734,64.1400361268035
2024-01-26 12:05:48,155.4822631311471,-52.92734844667724,66.0947430079294
2024-01-26 12:05:52,153.5326715994585,-52.946386944479755,63.482477930447615
2024-01-26 12:05:56,155.08627819915168,-55.55604016627828,60.97577213854591
2024-01-26 12:06:01,156.03404997334644,-57.225024302047316,61.77470137836586
2024-01-26 12:06:06,158.39523297452888,-54.63743198777786,59.39334692924111
2024-01-26 12:06:11,161.34668940002786,-55.90114102507419,58.385983013217086
2024-01-26 12:06:16,160.5487817657803,-53.015974113235096,60.17039346293109
2024-01-26 12:06:21,160.45956496548231,-52.9385822899231,60.299131427332945
2024-01-26 12:06:26,158.94587807020733,-55.456909802606155,62.11765292027172
2024-01-26 12:06:30,161.03038667248936,-54.74770025097841,61.48575544052758
2024-01-26 12:06:34,158.48452522856695,-52.94227883496233,60.376548919155475
2024-01-26 12:06:38,161.38531174953968,-52.659156316905275,61.62523243101292
2024-01-26 12:06:42,161.65099962640457,-49.90920555562232,63.317745708347275
2024-01-26 12:06:46,164.0594640858987,-48.78296245077751,65.8266740161366
2024-01-26 12:06:51,165.86482431100458,-50.09185539866652,67.73852466782289
2024-01-26 12:06:56,163.43819954116586,-47.23743336916977,68.33056171092137
2024-01-26 12:07:01,160.8655889151725,-46.284514257202474,67.4707536073642
2024-01-26 12:07:06,163.72591545560303,-45.419108157831175,67.49278374500842
2024-01-26 12:07:11,161.16831096577604,-44.892702262905864,65.72290092227668
2024-01-26 12:07:16,163.92806550979938,-42.579869450196306,66.15680175256712
2024-01-26 12:07:20,161.0230443764012,-42.399961002750594,67.15332783369666
2024-01-26 12:07:24,158.61056513968708,-42.60854492468536,68.92437141449665
2024-01-26 12:07:29,156.4860048589916,-43.46332663411465,71.91527972419591
2024-01-26 12:07:34,158.88945395088078,-42.35738901308892,69.89035219629989
2024-01-26 12:07:39,157.6725942684792,-40.13938865892579,68.39676403962784
2024-01-26 12:07:44,160.40082990665434,-41.457495510925874,66.12571409071248
2024-01-26 12:07:49,158.45619633228864,-43.28761768857291,66.35001427679173
2024-01-26 12:07:53,160.00813843824466,-43.89665200327065,64.38585378945221
2024-01-26 12:07:58,159.1781812437529,-45.98759380596546,63.3371356901247
2024-01-26 12:08:02,159.60013863260636,-46.003615352821704,61.97305742003961
2024-01-26 12:08:07,158.77127588910471,-45.1739762967679,61.026155522780414
2024-01-26 12:08:12,160.67519666926017,-46.56052572923389,62.23927051471412
2024-01-26 12:08:16,161.9971689776755,-47.794689404544535,59.935461697589844
2024-01-26 12:08:21,160.97059456485863,-49.76682963184094,58.544098768430196
2024-01-26 12:08:25,162.60295125845062,-48.961316212117154,58.332106871243255
2024-01-26 12:08:30,164.932417086974,-47.66406599348476,57.19999494494113
2024-01-26 12:08:35,162.99984120909517,-50.077491697634414,55.44800919973322
2024-01-26 12:08:39,165.95771703186335,-47.47063655296386,57.69006873698747
2024-01-26 12:08:43,168.58413415310042,-49.85916964309648,56.46778685936852
2024-01-26 12:08:48,170.74746707775782,-47.51287094675537,57.20688447278188
2024-01-26 12:08:52,170.57184642001468,-50.14921709424579,56.670996971518534
2024-01-26 12:08:56,168.5170379924838,-51.62596008610241,57.507168846186914
2024-01-26 12:09:01,170.25765429478332,-49.24615713440301,59.60192275389549
2024-01-26 12:09:05,172.6455989599036,-50.43124269457567,62.56740375743212
2024-01-26 12:09:09,174.4398123926139,-48.1355040056878,59.68332517204779
2024-01-26 12:09:14,174.07515939745946,-46.26322025447399,62.41411086461221
2024-01-26 12:09:19,175.05250848773335,-48.79220706300266,63.48308594462462
2024-01-26 12:09:24,175.58320976385224,-48.61183197135788,64.2037243159216
2024-01-26 12:09:28,174.43587782228875,-49.75267586323025,62.65230643741816
2024-01-26 12:09:33,175.84397132606517,-50.28985268831383,62.73408703680565
2024-01-26 12:09:37,176.85003651288946,-52.18491271763202,63.33431380903225
2024-01-26 12:09:42,176.03640791816719,-51.35813223106563,64.73047954747747
2024-01-26 12:09:47,175.70307105789345,-53.24882449496933,62.460499290290414
2024-01-26 12:09:52,178.28590975659912,-54.62467284225932,62.56459391130815
2024-01-26 12:09:56,177.93766942973969,-52.148989708726994,61.381051687381756
2024-01-26 12:10:01,179.96956954431147,-54.70559481777658,64.14686025078447
2024-01-26 12:10:05,179.68416824464927,-55.06257587819513,66.2043826772386
2024-01-26 12:10:10,180.0,-54.69863198932124,65.29789220116787
2024-01-26 12:10:15,179.72101719502948,-52.88156527179824,63.81918957018415
2024-01-26 12:10:20,177.3522735811007,-51.765506477924525,66.30719292311677
2024-01-26 12:10:25,175.25195942246205,-50.245297167554114,64.2578775145882
2024-01-26 12:10:29,173.2256839892645,-50.31524363535051,65.23826067245857
2024-01-26 12:10:34,175.21461510019995,-53.217340573116914,66.09780191043818
2024-01-26 12:10:38,172.5152406589446,-53.74462832261309,66.62064529507188
2024-01-26 12:10:42,174.36293141111676,-51.683656353370836,64.25200328287237
2024-01-26 12:10:46,173.57438873525572,-50.66545833491499,66.31775029634893
2024-01-26 12:10:51,173.6956246824411,-50.21156006127921,66.4750147571757
2024-01-26 12:10:55,176.36026510763563,-49.19370126155387,69.14200726193303
2024-01-26 12:11:00,175.45477580421263,-49.363561419857724,71.45573167149209
2024-01-26 12:11:05,177.62192077813384,-52.067892431337135,74.14305606614609
2024-01-26 12:11:10,176.83135626894074,-53.531240846604675,74.29661982285003
2024-01-26 12:11:14,175.00836492211872,-54.602041407399845,77.15780729975393
2024-01-26 12:11:19,177.5114016343975,-56.12902020144228,76.82774290908549
2024-01-26 12:11:23,176.59883050587948,-56.44504449147781,74.73596050574207
2024-01-26 12:11:28,178.33917159440094,-56.60763919810202,77.15854362163715
2024-01-26 12:11:33,177.76585085659866,-59.165809908275754,79.5018326343839
2024-01-26 12:11:38,177.80538117918132,-58.07729741417666,77.15788688329626
2024-01-26 12:11:42,180.0,-59.371612464296526,80.1440847214277
2024-01-26 12:11:46,180.0,-62.094060664665456,80.40107593717029
2024-01-26 12:11:50,177.5324392501692,-60.33425247929897,83.29365340974526
2024-01-26 12:11:55,174.95949015521742,-61.83317192941138,82.22193367060142
2024-01-26 12:11:59,176.58085195301211,-64.46958385616738,83.97984728785296
2024-01-26 12:12:04,174.4037600841816,-63.075600184905085,86.8903669974893
2024-01-26 12:12:09,171.82546260239977,-62.14044985644555,86.55368436928443
2024-01-26 12:12:14,171.5952177160014,-64.49911073375407,87.10656503780588
2024-01-26 12:12:18,174.59248659857744,-64.40693304887841,87.60162979053321
2024-01-26 12:12:22,172.32037285086213,-64.10266473791799,84.89300272754967
2024-01-26 12:12:27,174.1097539707379,-62.04435706252696,84.8382291698459
2024-01-26 12:12:32,175.3996559778332,-61.01091814249239,86.3097038369103
2024-01-26 12:12:36,172.5975779045699,-60.13512879318333,88.7325566030486
2024-01-26 12:12:40,174.704947503828,-59.92121298287557,86.47194881049012
2024-01-26 12:12:45,177.3715640785985,-62.531338027607134,88.79199070756613
2024-01-26 12:12:49,179.25574748417026,-63.87107721805391,87.58142933016227
2024-01-26 12:12:54,180.0,-66.46820704504285,89.10019348525934
2024-01-26 12:12:59,180.0,-67.89987471159456,87.23590513588788
2024-01-26 12:13:04,180.0,-65.0633873154696,89.75774362874219
2024-01-26 12:13:08,180.0,-62.353730949462715,92.23360574794458
2024-01-26 12:13:13,180.0,-63.97503264756865,89.24104295501944
2024-01-26 12:13:17,180.0,-66.21065045308018,91.66168396855697
2024-01-26 12:13:21,179.23173215474696,-63.323754463503704,90.66323755498752
2024-01-26 12:13:25,180.0,-65.94880332842943,88.88863326052392
2024-01-26 12:13:29,179.24385629986534,-68.11380971799763,86.42422633440673
2024-01-26 12:13:33,176.42111713038398,-65.42229875247185,88.34061586217014
2024-01-26 12:13:38,179.18124303707035,-65.53043755984325,86.71007565553005
2024-01-26 12:13:42,178.63179123612443,-64.64141218529966,88.15136228169156
2024-01-26 12:13:46,177.05968140542814,-61.786874327263924,88.61070595924737
2024-01-26 12:13:50,175.62273394829234,-61.39430333481158,88.42532132794621
2024-01-26 12:13:55,176.05754182161468,-63.48774900005317,89.64466706556834
2024-01-26 12:14:00,178.53848299225825,-60.94044178280341,87.21490439732743
2024-01-26 12:14:04,176.78760612697107,-63.170629742357946,84.44395462393376
2024-01-26 12:14:08,177.95073339573625,-65.29425796055985,83.05836714431086
2024-01-26 12:14:12,178.006692920575,-63.38996343181901,82.29653013044992
2024-01-26 12:14:17,178.04865482162708,-62.78699049535332,81.81935937501716
2024-01-26 12:14:21,176.9957388454814,-62.76259010586054,83.86730056318368
2024-01-26 12:14:25,179.9643706236229,-61.306081298364425,81.8537618386521
2024-01-26 12:14:30,180.0,-62.89798138481692,80.24087364021415
2024-01-26 12:14:35,180.0,-61.181994949603805,81.83003262921379
2024-01-26 12:14:40,180.0,-60.81652649281445,81.7837486912572
2024-01-26 12:14:44,180.0,-62.187522561908715,81.04953452243502
2024-01-26 12:14:48,177.8193305938482,-59.476064481344146,80.48310053333824
2024-01-26 12:14:52,179.23639266032646,-61.03361146382725,83.41168002594193
2024-01-26 12:14:57,180.0,-58.2422207506029,84.83926087495746
2024-01-26 12:15:01,178.11827029684844,-56.64869062102306,84.97204020945904
2024-01-26 12:15:05,179.41450548874244,-59.35200509978744,84.36436035561618
2024-01-26 12:15:09,180.0,-59.33390498251966,84.16987298996331
2024-01-26 12:15:14,178.2340221985825,-59.71822302881006,82.92436332144405
2024-01-26 12:15:18,175.91737331511743,-59.364786843194004,83.76572785002872
2024-01-26 12:15:22,174.4961266450758,-57.92485207153926,85.02963737244959
2024-01-26 12:15:27,176.97106566386785,-58.011224852632985,85.29073729896464
2024-01-26 12:15:32,179.38725606313238,-59.245844233660314,86.18745707773026
2024-01-26 12:15:37,180.0,-60.29142173422413,86.47464720671762
2024-01-26 12:15:42,180.0,-59.51689693830288,85.91480682304451
2024-01-26 12:15:47,179.9079214219017,-58.765079757861784,86.80950996840515
2024-01-26 12:15:51,180.0,-55.94327343451987,88.46580222343817
2024-01-26 12:15:56,180.0,-56.02566351005366,90.64436860250552
2024-01-26 12:16:01,180.0,-56.36317984285828,93.31169448317725
2024-01-26 12:16:06,180.0,-55.90434306828455,95.88651505519772
2024-01-26 12:16:10,180.0,-58.33378654532779,97.66957193373564
2024-01-26 12:16:15,180.0,-58.237691019360284,95.386832805124
2024-01-26 12:16:19,180.0,-60.103585809353,94.46812686980529
2024-01-26 12:16:23,180.0,-59.130768642147174,92.51275694648804
2024-01-26 12:16:28,178.72462290655366,-61.31709481758399,93.66798673091817
2024-01-26 12:16:32,176.93615192418247,-60.01823381286679,95.07035456877631
2024-01-26 12:16:36,175.00403689255253,-58.41237931626007,92.54202278004908
2024-01-26 12:16:41,176.372473332494,-57.854120988514374,92.73274411299982
2024-01-26 12:16:46,173.96252380927334,-56.1781365304355,90.31067778927341
2024-01-26 12:16:50,174.72264708015965,-53.194790018882664,91.74033413045579
2024-01-26 12:16:55,176.3113936468651,-51.299676893648304,88.96357426664768
2024-01-26 12:16:59,177.93841458301884,-51.422009038520336,89.7578900041331
2024-01-26 12:17:03,175.94852274088998,-50.88869312993878,92.08197977125816
2024-01-26 12:17:08,174.93087073154254,-49.11200073876037,89.41230584093583
2024-01-26 12:17:13,175.07615040499323,-50.87319749361188,91.11193433589449
2024-01-26 12:17:18,177.16246148926248,-53.4051172353816,89.46928121395783
2024-01-26 12:17:22,174.54441718973956,-53.9416633426066,87.21646255665149
2024-01-26 12:17:26,177.22341962036663,-56.43030865852486,84.77546070287516
2024-01-26 12:17:30,177.35386712599458,-58.366768901349296,81.89028835095867
2024-01-26 12:17:35,179.5545056910418,-60.46996793982499,82.13453507300378
2024-01-26 12:17:39,178.94743451152462,-57.730286374168905,81.69579296212419
2024-01-26 12:17:43,180.0,-55.75870960529707,82.84048404092712
2024-01-26 12:17:47,179.99267687752533,-57.54656145251012,81.5192030003387
2024-01-26 12:17:52,180.0,-55.35205805652847,82.31860831155069
2024-01-26 12:17:57,180.0,-55.88602664177501,85.14079543515976
2024-01-26 12:18:01,180.0,-57.75273882329643,85.09368882813425
2024-01-26 12:18:05,179.23878969225237,-58.82378548225599,83.91380354224776
2024-01-26 12:18:09,180.0,-56.358237106363624,86.77604827243715
2024-01-26 12:18:14,180.0,-53.80929283809173,88.53810228489786
2024-01-26 12:18:19,180.0,-52.21029207581628,90.34646860849183
2024-01-26 12:18:23,179.53288027679054,-53.08836610926046,90.00149137862577
2024-01-26 12:18:28,178.88962118012643,-55.33883800886517,90.35510467857254
2024-01-26 12:18:33,180.0,-56.69802864614194,89.24677110874744
2024-01-26 12:18:38,178.21696069902922,-53.86269795758235,87.81913409767348
2024-01-26 12:18:43,176.19758093702117,-51.29633025362447,90.39400597720298
2024-01-26 12:18:48,176.4413662698511,-48.31554248428018,91.44721778390804
2024-01-26 12:18:52,178.20891623668803,-48.44517988272665,92.08187518055901
2024-01-26 12:18:57,179.2888834110374,-47.821267149187435,89.78407524150234
2024-01-26 12:19:01,180.0,-46.08491626127757,90.62506336081192
2024-01-26 12:19:05,180.0,-47.8183554445952,92.5060242215981
2024-01-26 12:19:10,180.0,-46.1058132230849,91.52109559421868
2024-01-26 12:19:14,178.32851960671996,-44.48525204425874,88.7055207717745
2024-01-26 12:19:19,178.919828976872,-42.08320577178504,85.955980751431
2024-01-26 12:19:23,178.95758460932308,-39.6244960215438,88.24802630064532
2024-01-26 12:19:27,179.72285880045487,-37.717696181241266,89.7103684427522
2024-01-26 12:19:31,180.0,-35.29446028652517,88.60740344262436
2024-01-26 12:19:35,180.0,-34.80372528291896,87.53960237029173
2024-01-26 12:19:40,180.0,-33.44848696364583,86.88008704434986
2024-01-26 12:19:45,180.0,-34.67220983839927,87.9746982950205
2024-01-26 12:19:49,180.0,-34.748959469340875,89.0182220885874
2024-01-26 12:19:53,179.3503201352068,-36.37261640879147,87.2419774891188
2024-01-26 12:19:58,180.0,-36.78306658646781,88.02122440230693
2024-01-26 12:20:02,180.0,-36.35155596214761,89.66624991574662
2024-01-26 12:20:06,177.8829902770047,-34.14745496810452,91.74187896481101
2024-01-26 12:20:11,180.0,-36.33479837097861,94.53961464499098
2024-01-26 12:20:16,179.00904033602805,-39.04159544859359,92.37179455795473
2024-01-26 12:20:20,180.0,-37.578113503230114,92.8199523147119
2024-01-26 12:20:25,180.0,-40.26485986071405,95.04387313919709
2024-01-26 12:20:30,179.5334505732293,-38.96275873305953,97.0520497042954
2024-01-26 12:20:34,177.86013155636132,-40.961403080109385,99.67609280090636
2024-01-26 12:20:39,176.90102321845626,-43.13546669234268,99.47329169782834
2024-01-26 12:20:43,177.65436186805962,-44.29012577023707,99.4193108585824
2024-01-26 12:20:48,177.0228311571718,-42.031529412181854,99.81319684445783
2024-01-26 12:20:53,174.15108646560734,-42.85126586329215,101.55904174387578
2024-01-26 12:20:57,173.86568112502584,-42.48563526841248,99.16971645717622
2024-01-26 12:21:01,173.8598157079894,-42.55319143461938,100.37409510357865
2024-01-26 12:21:05,171.73496475739222,-42.37059803132022,101.29443515995973
2024-01-26 12:21:09,171.33702627764447,-40.85500074425347,101.09702155836321
2024-01-26 12:21:14,170.59970519987533,-39.129550112017405,103.04904515504828
2024-01-26 12:21:18,168.09066932979863,-37.147886806140924,103.17083715111178
2024-01-26 12:21:23,169.83905254959606,-38.13920305659493,105.89429236038607
2024-01-26 12:21:28,169.38173578231857,-37.183152826364676,103.4727042187931
2024-01-26 12:21:32,169.88204868503823,-37.571338832047985,102.7922788288624
2024-01-26 12:21:36,172.16870399978362,-40.478753299616656,100.35969269642146
2024-01-26 12:21:40,170.5025648640226,-41.08427932534179,101.01902471358731
2024-01-26 12:21:45,168.6604199275007,-39.74372299908775,101.50756079422064
2024-01-26 12:21:49,169.53072702607363,-40.999364489661765,103.35237022858196
2024-01-26 12:21:54,171.36333445028845,-40.46986411427741,101.93931676969605
2024-01-26 12:21:59,172.91947497663318,-42.375186103462426,104.40225797064402
2024-01-26 12:22:03,172.07983065387336,-40.31969789509061,104.26313855306421
2024-01-26 12:22:07,172.92749411795805,-42.12652923478555,106.44019371088048
2024-01-26 12:22:11,173.34427081936278,-41.79841639169296,103.94637266798249
2024-01-26 12:22:15,175.43795101579366,-42.39867751266939,104.375705351863
2024-01-26 12:22:19,174.2267191385074,-40.41843952882928,103.83986128241925
2024-01-26 12:22:23,171.97488603301775,-41.33592318885064,106.57034868824682
2024-01-26 12:22:28,171.05544641092087,-41.31370968125131,106.3894012258174
2024-01-26 12:22:32,170.6805722474666,-42.1081699363991,104.00683703742958
2024-01-26 12:22:37,171.3004181566422,-43.81357360514148,101.49979558336423
2024-01-26 12:22:42,171.17719085952092,-45.48889814537447,103.40771411267077
2024-01-26 12:22:46,173.07699774031784,-45.930997254045856,101.5442543064248
2024-01-26 12:22:51,175.50973952266176,-43.728772406273656,103.73391357036253
2024-01-26 12:22:56,173.0966971228702,-41.69069209211281,103.89198599514036
2024-01-26 12:23:00,173.22271683996863,-44.569932718169035,104.64429593801711
2024-01-26 12:23:05,171.89211633321548,-43.08641965535956,103.42737435379836
2024-01-26 12:23:09,169.47217660893958,-44.94129732084636,101.41105402806458
2024-01-26 12:23:13,172.21095497382706,-46.72242937635434,99.59763348013658
2024-01-26 12:23:17,172.23816751479922,-46.70524034131155,99.20691047522217
2024-01-26 12:23:21,171.5803952855665,-48.12353427042316,100.4766884975669
2024-01-26 12:23:25,174.29698481235647,-46.57923173653158,102.24156914533583
2024-01-26 12:23:30,171.81511127058837,-44.076414064478364,101.81038147269074
2024-01-26 12:23:34,173.44281706515824,-43.871544504902076,102.86788538116264
2024-01-26 12:23:38,176.09137661171295,-44.09912752333457,104.96358318894562
2024-01-26 12:23:43,177.16153102323173,-44.93751791835949,103.49162220705865
2024-01-26 12:23:47,179.9263238680167,-45.907931266219336,102.14308520893785
2024-01-26 12:23:51,178.94851787534614,-45.29709511610321,100.9919379609986
2024-01-26 12:23:56,178.15540851184676,-45.480017153703365,102.0263844400839
2024-01-26 12:24:00,176.5318563334976,-44.81281438121205,102.53331331667457
2024-01-26 12:24:04,177.1777006067079,-42.29462650433148,104.97215856065245
2024-01-26 12:24:09,176.54716774482304,-39.95371599931275,104.22840527674191
2024-01-26 12:24:13,177.24004690748365,-40.91797717826629,104.86046898845393
2024-01-26 12:24:18,174.26799846284763,-40.01849868207498,105.24043060611834
2024-01-26 12:24:23,176.81937075414868,-39.780417211250665,105.93658573873347
2024-01-26 12:24:27,179.76422408197263,-41.40740546069141,104.08349238001627
2024-01-26 12:24:32,180.0,-43.09306363920337,104.42425526700704
2024-01-26 12:24:37,180.0,-41.536394719048715,103.49328040501766
2024-01-26 12:24:41,180.0,-39.902912497397935,101.3916129776173
2024-01-26 12:24:45,180.0,-37.820744200373895,101.34164128920466
2024-01-26 12:24:50,178.53036794057167,-36.47743558198414,101.35773347494249
2024-01-26 12:24:55,180.0,-37.932737213373194,98.97000254832236
2024-01-26 12:24:59,180.0,-38.77256189318868,96.20899012595767
2024-01-26 12:25:03,180.0,-35.77651618390578,96.83353302251815
2024-01-26 12:25:08,178.48631321696513,-33.11488664418748,99.66628250781609
2024-01-26 12:25:13,178.00293091442174,-32.83359075479888,99.3142187353822
2024-01-26 12:25:18,180.0,-34.22271943063741,102.02628839612495
2024-01-26 12:25:22,179.95061914616906,-33.15283407488772,99.77038128710761
2024-01-26 12:25:26,178.87000936484773,-34.491957618967724,101.68494091314854
2024-01-26 12:25:31,180.0,-36.39681541046883,104.09024440217921
2024-01-26 12:25:35,177.74695076216543,-35.828033021501746,103.70057998043227
2024-01-26 12:25:40,180.0,-38.12443862129595,102.33182394686344
2024-01-26 12:25:45,177.5109327031799,-36.804937264708045,100.0721423532161
2024-01-26 12:25:49,177.13741567356033,-34.372544576898605,101.52128149747011
2024-01-26 12:25:54,177.84243808991351,-34.53669741797876,101.28799914677062
2024-01-26 12:25:59,176.8737381146247,-35.51653739369989,100.17681488742693
2024-01-26 12:26:04,175.03228167300378,-36.83613657000353,98.34737150440246
2024-01-26 12:26:08,177.1344265675778,-35.88177414328689,98.9303327860812
2024-01-26 12:26:13,175.7224805797132,-38.6252951598528,101.39064392444932
2024-01-26 12:26:17,176.67790587623477,-39.76481088113209,103.30311343521122
2024-01-26 12:26:21,177.75593036360658,-37.859311639455235,104.3869095934879
2024-01-26 12:26:25,178.09896612865273,-35.057506541320535,101.96405804757562
2024-01-26 12:26:29,176.5591937162707,-34.03306968607402,101.68585346197919
2024-01-26 12:26:33,177.08700850064884,-33.0436382472669,104.03879699089728
2024-01-26 12:26:37,177.8358387801279,-34.84831913820462,106.5329916372862
2024-01-26 12:26:42,178.57460984482077,-33.87341245653673,108.21486949330018
2024-01-26 12:26:46,176.73902628474036,-36.10689188255968,111.07945782006213
2024-01-26 12:26:51,178.58951556043965,-38.05600051126403,108.63367322922029
2024-01-26 12:26:55,179.84894485891414,-40.21053140457711,105.95155339530608
2024-01-26 12:26:59,176.95267346605246,-39.43705573373386,108.3795934432627
2024-01-26 12:27:04,178.98215680333604,-41.87161231032419,108.98998237950637
2024-01-26 12:27:08,180.0,-40.09052546699118,110.33976009018535
2024-01-26 12:27:12,178.00411703573246,-37.54345185428328,112.68244369993346
2024-01-26 12:27:16,180.0,-36.203782767940965,113.5303846993955
2024-01-26 12:27:20,178.6056515855893,-34.649059864685256,115.86571220123751
2024-01-26 12:27:25,177.41435877812245,-32.21962029691865,118.72166016929543
2024-01-26 12:27:30,175.36032021464214,-35.01161739514418,120.33634175086888
2024-01-26 12:27:34,177.10802555811262,-34.596208705645296,120.05917149058205
2024-01-26 12:27:38,179.26995784187415,-37.26318910625159,122.67882582287369
2024-01-26 12:27:43,176.78243809681675,-39.45059196084258,121.98520022885491
2024-01-26 12:27:47,175.3674583733633,-41.23340289978634,120.86354155686873
2024-01-26 12:27:51,176.63763878287128,-43.76850736739531,123.33192812321013
2024-01-26 12:27:55,177.65793055150638,-40.921401631578306,121.79283912566581
2024-01-26 12:27:59,178.09850761955806,-42.161987432190365,123.80020049820932
2024-01-26 12:28:04,177.72733402150325,-39.49263447278955,122.04515463462248
2024-01-26 12:28:09,179.95266051169924,-40.687723567282646,124.28241448416763
2024-01-26 12:28:13,177.57820675731173,-39.03999796980127,121.60875471833555
2024-01-26 12:28:18,174.81187191717078,-40.24325788533803,120.90483837236097
2024-01-26 12:28:22,172.73070194083084,-43.18816104578383,121.88054377730327
2024-01-26 12:28:27,174.45124615062713,-43.28864110649957,121.5355026669038
2024-01-26 12:28:32,172.5954709437236,-43.21417015927773,122.98876975472842
2024-01-26 12:28:36,173.9845945349992,-42.781464733016485,122.34626494491431
2024-01-26 12:28:40,176.14895334889826,-39.79345977481141,119.4260814179944
2024-01-26 12:28:44,176.37760614674627,-40.155056091441956,119.57985367846318
2024-01-26 12:28:49,174.6006303647736,-42.609252349659776,121.0805334566939
2024-01-26 12:28:53,174.7705891205413,-43.96910964122985,118.25079629184633
2024-01-26 12:28:57,174.717617202125,-45.851315142587936,116.53600255355494
2024-01-26 12:29:01,175.67699718136006,-46.750936176943355,117.27270956609405
2024-01-26 12:29:05,177.4918807788346,-48.84446015787786,118.90553951542017
2024-01-26 12:29:10,179.36747604217,-51.678534886248556,121.89811189751863
2024-01-26 12:29:14,180.0,-54.15661090234279,119.06289994723879
2024-01-26 12:29:18,178.08859405353493,-54.13547054238676,119.88568041675946
2024-01-26 12:29:22,176.82945314192273,-56.599247552226515,118.79783953115738
2024-01-26 12:29:26,178.65925001159601,-58.08615442404828,118.35647861756541
2024-01-26 12:29:31,175.78560340544487,-59.83244010434162,117.53468347125971
2024-01-26 12:29:35,178.489529242339,-60.83775411796896,119.08390089964227
2024-01-26 12:29:39,180.0,-62.78522254399243,119.08023904287234
2024-01-26 12:29:44,180.0,-64.76627802845591,121.20423637017002
2024-01-26 12:29:48,179.85442063955523,-65.87474174141852,121.89802314002509
2024-01-26 12:29:52,180.0,-63.55506128065711,123.46810222622669
2024-01-26 12:29:56,180.0,-65.0759779403042,125.53269798468148
2024-01-26 12:30:01,178.69913068683084,-62.25024155907843,128.2068776056263
2024-01-26 12:30:05,180.0,-59.43897176184573,131.1369003626813
2024-01-26 12:30:09,180.0,-57.2564737909651,129.9892382547544
2024-01-26 12:30:13,179.32858454894628,-54.55962041260575,131.9953975554455
2024-01-26 12:30:18,179.6755037852301,-52.84092554687382,129.13118640177498
2024-01-26 12:30:23,180.0,-55.36363375671521,127.41946885628599
2024-01-26 12:30:28,178.8991425141229,-58.13379586324947,127.73002934009008
2024-01-26 12:30:33,180.0,-55.97677831723735,125.4257157424569
2024-01-26 12:30:37,180.0,-54.41520173531168,122.59436139994867
2024-01-26 12:30:41,180.0,-55.968982525243824,125.5082335342513
2024-01-26 12:30:46,178.81179764964088,-56.94201949125537,123.99099752659146
2024-01-26 12:30:51,180.0,-56.19043954302584,122.4875923210555
2024-01-26 12:30:56,180.0,-55.388983368817144,120.4922944051773
2024-01-26 12:31:01,179.70953206079318,-56.664772291448394,120.2623015788143
2024-01-26 12:31:05,179.61690618765638,-58.35486897942565,122.96365068744348
2024-01-26 12:31:10,179.9484247906722,-61.28901346414583,121.41345677294171
2024-01-26 12:31:14,180.0,-60.32056692783743,119.42530851891716
2024-01-26 12:31:19,180.0,-59.365012825998846,119.71349207645773
2024-01-26 12:31:23,180.0,-58.927812882143776,121.28875547187766
2024-01-26 12:31:28,177.10035051566823,-60.777371654881634,124.21810627650251
2024-01-26 12:31:33,178.27988288364799,-57.81943931219167,123.58954205588265
2024-01-26 12:31:38,177.2290555219012,-56.083226384126526,124.88375370452405
2024-01-26 12:31:43,175.3681999377298,-55.51396508424997,124.59915615869977
2024-01-26 12:31:48,172.7287207272456,-57.567319167248236,127.58677854422567
2024-01-26 12:31:53,171.51124516733782,-57.49553082366968,127.21980638196962
2024-01-26 12:31:57,171.68999901095867,-56.002704210633254,126.31233448430024
2024-01-26 12:32:02,172.30572019825277,-56.91516426665778,127.49414765597945
2024-01-26 12:32:07,171.78683681274944,-56.77793239799925,129.49501716287327
2024-01-26 12:32:11,174.12749496163815,-55.52414001787338,129.4404493534858
2024-01-26 12:32:15,172.57127395451892,-54.66625376362609,129.7167758279076
2024-01-26 12:32:20,171.8756086184594,-52.50335649603123,130.23878865461293
2024-01-26 12:32:24,173.2006821522238,-52.11601517214282,131.32032067267167
2024-01-26 12:32:28,172.71648486725874,-49.9592417439504,132.72337930923365
2024-01-26 12:32:32,174.4734303719973,-49.994548970614076,134.63703203777376
2024-01-26 12:32:37,173.55411478776836,-48.89328809366506,132.35421884806163
2024-01-26 12:32:41,173.04900742799157,-47.787767069152046,134.72680752731117
2024-01-26 12:32:45,175.02957825448877,-47.35196742306166,137.2520297293832
2024-01-26 12:32:49,175.9490048006441,-49.039264095982034,137.56454849857906
2024-01-26 12:32:53,177.4108188477251,-46.8357143411084,139.37102179168224
2024-01-26 12:32:58,179.33962690410678,-46.38944236859487,138.48843572693204
2024-01-26 12:33:02,180.0,-47.65696879285343,139.2725359739412
2024-01-26 12:33:07,177.4032390690384,-45.69072219734776,137.49802979015863
2024-01-26 12:33:12,176.50463615850484,-44.41924143153358,140.03719198284347
2024-01-26 12:33:17,178.0303928291266,-46.893230973010944,139.40187932929996
2024-01-26 12:33:21,175.97631516059263,-45.18291028719177,137.1679355091679
2024-01-26 12:33:25,178.3104081009934,-47.57209332043259,139.99656700232566
2024-01-26 12:33:30,178.2672315840996,-45.37969115921898,137.25078554759364
2024-01-26 12:33:34,175.8410669237147,-44.36922726957706,138.4297447196054
2024-01-26 12:33:39,176.84418078018604,-41.98884717279586,140.62340496639786
2024-01-26 12:33:43,176.9977384344496,-43.93630201823652,141.43771041639468
2024-01-26 12:33:48,176.04994627213753,-46.5331383055695,141.11243511219416
2024-01-26 12:33:52,177.09297893920683,-46.337533002467815,143.047499686696
2024-01-26 12:33:57,177.38388464333357,-44.680638322398785,140.21727144792868
2024-01-26 12:34:02,179.2576126755223,-46.878407998140446,138.7480605706279
2024-01-26 12:34:07,177.18843586919607,-46.775706103774276,138.48128370599574
2024-01-26 12:34:11,179.01350119574474,-46.330677221774835,140.21023695092282
2024-01-26 12:34:15,180.0,-46.271917345962194,138.8158395278175
2024-01-26 12:34:20,180.0,-45.362302170043485,136.77989674156697
2024-01-26 12:34:25,179.3374272638051,-44.42170985270796,137.5371049044819
2024-01-26 12:34:29,180.0,-42.979441586763514,137.7261446265206
2024-01-26 12:34:33,180.0,-40.449286826819794,134.9218035336958
2024-01-26 12:34:38,179.4786006213646,-42.87515661855683,133.07224145348619
2024-01-26 12:34:42,180.0,-42.920459691773054,135.7684999000571
2024-01-26 12:34:46,180.0,-40.66626172963264,133.38668918908996
2024-01-26 12:34:51,178.40072280328027,-43.01902066972473,131.27125802484343
2024-01-26 12:34:56,179.0974480506436,-45.17501051320944,131.2720693565501
2024-01-26 12:35:00,179.41328589295688,-44.00175511299613,133.50962248518314
2024-01-26 12:35:05,180.0,-41.11633288362728,130.65357434208414
2024-01-26 12:35:09,180.0,-42.438660335695324,131.30123567557047
2024-01-26 12:35:14,180.0,-41.506561539627015,128.88200189138448
2024-01-26 12:35:19,180.0,-41.0548863991856,128.47969916879953
2024-01-26 12:35:24,180.0,-39.67551086874999,129.96308803826847
2024-01-26 12:35:28,180.0,-39.83428748046706,132.4605969488344
2024-01-26 12:35:33,178.6540087817189,-38.44591126981428,134.9146334069563
2024-01-26 12:35:37,175.69379989607387,-37.352203681340384,136.9706537770777
2024-01-26 12:35:42,176.25294763363308,-36.8791967264209,135.73480611818422
2024-01-26 12:35:47,175.70793692702654,-34.783162041357734,136.3205905781933
2024-01-26 12:35:51,174.903792986941,-32.523025280290526,137.68322383432405
2024-01-26 12:35:55,172.83116166130466,-30.814377135455107,134.87621474498377
2024-01-26 12:35:59,173.813344290594,-32.797636542165975,135.96416882074905
2024-01-26 12:36:03,173.21313472771178,-32.79520218231116,135.0733558509846
2024-01-26 12:36:07,175.96496201297558,-34.16690073793315,132.98276203059672
2024-01-26 12:36:12,173.01808365930526,-32.78852149176725,130.05113599046499
2024-01-26 12:36:16,171.16713848263979,-33.055724269909376,130.75663564937605
2024-01-26 12:36:20,173.8144630110825,-35.81592633985506,129.05980342809804
2024-01-26 12:36:24,171.80706464826184,-35.51886934099172,131.5533100190032
2024-01-26 12:36:28,169.90011365609965,-36.48860019766868,131.07471961685528
2024-01-26 12:36:33,168.9444240366002,-37.056801194655854,130.28152687112217
2024-01-26 12:36:37,167.67019583549683,-39.53017293176639,132.88218090647257
2024-01-26 12:36:42,166.52916109829792,-39.48149403507061,135.21758177654738
2024-01-26 12:36:46,165.1854822531937,-38.55893612728171,133.09226126582453
2024-01-26 12:36:50,166.29871654260273,-37.74576718874167,132.11391626128017
2024-01-26 12:36:55,169.27149636647331,-36.87645583038192,130.09305514267632
2024-01-26 12:37:00,168.75733368834423,-36.89805572531965,132.5348139454063
2024-01-26 12:37:04,171.252074003781,-39.75508283512652,132.7894111419325
2024-01-26 12:37:08,170.28501502141177,-41.14176029980572,133.96416881774653
2024-01-26 12:37:13,167.30958144670083,-42.22797201154721,136.03191849163065
2024-01-26 12:37:18,166.5753439265889,-39.69022842559411,137.6776344014149
2024-01-26 12:37:23,164.9962461730588,-41.99273815204825,136.32648113682498
2024-01-26 12:37:27,163.4132642404299,-39.218361077789275,134.07778367176962
2024-01-26 12:37:32,161.8166616561803,-36.47768509075789,132.98762045518816
2024-01-26 12:37:36,163.88712969318362,-39.440413383502204,130.30490867946284
2024-01-26 12:37:41,161.38845692362852,-37.366747948181896,131.22283640392044
2024-01-26 12:37:46,163.06292547097868,-40.28858648097136,132.0959893101836
2024-01-26 12:37:51,165.8840206718422,-41.38011258513853,134.42250633699192
2024-01-26 12:37:55,166.6831172198866,-39.22608315278902,132.6810977397469
2024-01-26 12:37:59,164.0941729255323,-41.74377793946608,130.62127752461856
2024-01-26 12:38:03,165.56955273732783,-40.15501639023714,133.44444959533706
2024-01-26 12:38:08,163.21248167904432,-39.41517343073929,133.66653612950034
2024-01-26 12:38:12,165.54222180985406,-41.776610005844375,134.93171620601933
2024-01-26 12:38:17,165.70467096238102,-41.538800867689005,137.1401772226046
2024-01-26 12:38:21,163.90837989483396,-42.087730363456615,138.40727306325877
2024-01-26 12:38:25,161.20681260841968,-42.995443715984216,141.17363599411323
2024-01-26 12:38:29,163.36131217471134,-41.98901691254605,139.9834506488037
2024-01-26 12:38:33,162.6950885486173,-40.74380589887623,140.43279982531755
2024-01-26 12:38:37,162.35413998837353,-38.6055738569372,140.79637185198874
2024-01-26 12:38:41,162.2198137282359,-41.21606600599491,140.01088240735805
2024-01-26 12:38:46,162.08312661729997,-44.05025390050075,140.82517196978756
2024-01-26 12:38:51,162.9851831339443,-46.05746143692625,138.61188443178955
2024-01-26 12:38:56,164.3353239569922,-47.45257575151221,140.48993787572323
2024-01-26 12:39:01,163.10321546640841,-50.329424050083354,138.61655093179698
2024-01-26 12:39:05,164.13913693631312,-48.860912704435954,136.80949730977036
2024-01-26 12:39:10,165.00048674971103,-48.24552637392663,134.1293946333643
2024-01-26 12:39:14,167.002480395981,-48.637361093468485,131.87467843980608
2024-01-26 12:39:19,167.7804468300359,-45.983103072423745,132.63775582977607
2024-01-26 12:39:23,170.0664883693325,-45.249979328620356,131.45392449368234
2024-01-26 12:39:27,170.7869831122211,-44.334965073603634,129.28750378333618
2024-01-26 12:39:31,169.93189397976315,-46.73350877978697,130.81689657704914
2024-01-26 12:39:36,169.51821377213125,-48.495546131655665,129.7744361364853
2024-01-26 12:39:41,172.41315829012942,-46.60219659132346,127.74341061250922
2024-01-26 12:39:45,175.1564487511825,-48.07145033760949,126.06767145958727
2024-01-26 12:39:50,174.62383203193872,-49.41062326233426,126.79438142599051
2024-01-26 12:39:55,175.66279190383543,-50.00121476846143,125.52084234678733
2024-01-26 12:40:00,178.23006582788233,-49.343545442076135,124.94368332124111
2024-01-26 12:40:05,177.121504032158,-51.688032067811235,122.40566500252513
2024-01-26 12:40:09,178.79404695428138,-49.533660304451715,119.98519186957611
2024-01-26 12:40:14,180.0,-48.45010912603304,117.58690294439457
2024-01-26 12:40:19,177.28862278187637,-51.273768997127554,116.88244714205983
2024-01-26 12:40:23,175.0091141342384,-52.882801244122746,118.24415625697925
2024-01-26 12:40:27,174.91931144504431,-49.8952860668895,117.09114307357717
2024-01-26 12:40:31,172.26611363289138,-49.565398393721004,119.98463564650736
2024-01-26 12:40:36,174.7399711131348,-47.130547436230515,122.5846448068516
2024-01-26 12:40:41,174.28661794955204,-49.83684764931282,125.34429904063356
2024-01-26 12:40:45,177.17140303113857,-48.23428564354341,128.30054285899962
2024-01-26 12:40:50,179.17846898574584,-50.96907100926636,125.96121238492285
2024-01-26 12:40:54,180.0,-49.066518137584296,126.71936559561979
2024-01-26 12:40:58,180.0,-48.90628412096577,126.0972034038688
2024-01-26 12:41:02,180.0,-49.8803883907477,125.81129263979287
2024-01-26 12:41:07,178.17661325379123,-48.924192699088614,125.29792756834499
2024-01-26 12:41:12,178.71094793632741,-51.34586530003599,125.50023023730347
2024-01-26 12:41:17,178.86109100250425,-53.736166470243134,123.10933412598953
2024-01-26 12:41:21,180.0,-56.70102955474822,123.03950618822905
2024-01-26 12:41:25,180.0,-55.772835033033,122.82272752926603
2024-01-26 12:41:29,180.0,-55.18107866745483,124.43033855896724
2024-01-26 12:41:33,180.0,-57.01902690497064,126.02294528503782
2024-01-26 12:41:37,180.0,-55.57942579475067,123.37711504440377
2024-01-26 12:41:41,180.0,-53.875944020796155,125.12710559259381
2024-01-26 12:41:46,180.0,-56.0899479638879,122.68329452361725
2024-01-26 12:41:50,178.58962061527612,-56.242138914088486,125.67090284087914
2024-01-26 12:41:54,176.10686124684264,-58.43259230621384,127.82106503931078
2024-01-26 12:41:59,175.24913195350084,-60.103304977773696,127.49085416109091
2024-01-26 12:42:03,173.93450733509792,-62.46976849397175,127.31395323849577
2024-01-26 12:42:07,171.16934897145904,-61.304918978068926,129.402302525957
2024-01-26 12:42:12,173.12269071818085,-62.93110608038792,130.78109069718232
2024-01-26 12:42:16,173.42139827675516,-63.906648235274524,130.73678145354205
2024-01-26 12:42:21,171.8285709872425,-61.069586573024715,130.82471783032008
2024-01-26 12:42:26,168.99368068291153,-62.2805327956441,128.25010502692106
2024-01-26 12:42:31,170.33825275002044,-63.95573656344471,130.99098544621617
2024-01-26 12:42:36,168.39014431381284,-63.86667668175508,132.60595550816825
2024-01-26 12:42:41,167.31201683752604,-65.1750769395539,134.9003615163557
2024-01-26 12:42:46,170.23110059077177,-63.06770992333383,136.2283771256602
2024-01-26 12:42:51,170.48507199590523,-63.04501241280271,136.0947530346118
2024-01-26 12:42:55,167.8019591139759,-60.07545556693218,133.16844981359608
2024-01-26 12:42:59,167.53380031541096,-61.38633129747374,130.89413219634153
2024-01-26 12:43:04,165.9472879310361,-58.49711068871753,132.4892179386911
2024-01-26 12:43:09,168.27563081103239,-59.327220982742716,129.72210028573528
2024-01-26 12:43:13,167.17828666570654,-58.120598419645674,132.51255607723132
2024-01-26 12:43:17,168.89101179005462,-61.07351281956495,130.3519392480983
2024-01-26 12:43:21,167.33363525300172,-61.04803047522451,128.8685621536619
2024-01-26 12:43:26,168.4855754134859,-62.116394128340055,126.83356206842768
2024-01-26 12:43:31,167.95036111047253,-62.58268953839672,128.90043500241904
2024-01-26 12:43:35,167.89099555797006,-63.28166171178073,126.23211753475007
2024-01-26 12:43:40,167.6824315866431,-62.56604638173371,125.83764566150043
2024-01-26 12:43:45,169.25941545400136,-64.47584856788265,127.20167800064718
2024-01-26 12:43:49,171.3363376485777,-63.00769083905971,129.1751541842843
2024-01-26 12:43:53,170.4095513439382,-64.27408964298918,126.40916185183923
2024-01-26 12:43:57,170.2802983377599,-67.00774300740183,125.81914000155223
2024-01-26 12:44:01,167.70562245509447,-66.07593499221517,124.82762592164914
2024-01-26 12:44:06,167.25216229999174,-66.97573986610814,127.235698566373
2024-01-26 12:44:11,168.29279894447467,-69.8451754191405,128.9458655373951
2024-01-26 12:44:15,167.09337274688926,-68.27486620948768,131.25277831331036
2024-01-26 12:44:19,169.32094781898863,-71.16894885746595,129.61403565657295
2024-01-26 12:44:23,171.669174980206,-71.60760341130826,127.25585640527754
2024-01-26 12:44:28,170.7160398231757,-70.33432294508074,125.83500782558326
2024-01-26 12:44:32,168.35177587588737,-71.95143189804647,128.10690426116977
2024-01-26 12:44:37,166.95498631462985,-74.32283320837931,125.21767627449168
2024-01-26 12:44:42,168.3365129181838,-73.38730205149801,127.79075547851997
2024-01-26 12:44:47,170.02130553892016,-75.87245677478732,130.24785657060497
2024-01-26 12:44:51,168.33760808198096,-77.12426071749368,127.73742133278324
2024-01-26 12:44:56,168.4808537330331,-76.48030462789991,125.4529077168653
2024-01-26 12:45:00,168.66647767214653,-76.5626798433166,126.84825633440178
2024-01-26 12:45:05,168.25888443068726,-79.51401202547687,127.05673528891793
2024-01-26 12:45:09,168.15501455654538,-78.57286063757584,127.4723149964826
2024-01-26 12:45:13,165.51101496440913,-76.34140956978254,125.38680926177818
2024-01-26 12:45:17,165.3635650403415,-77.05561844452077,125.6485467784043
2024-01-26 12:45:21,163.2816281938113,-76.50297576403639,124.12080974323551
2024-01-26 12:45:26,164.90147058055902,-77.35926302882292,125.00616088699289
2024-01-26 12:45:30,166.24334665941512,-75.82095019614479,122.26705464444888
2024-01-26 12:45:34,166.24185509127065,-77.13644533578378,124.90883097524409
2024-01-26 12:45:39,166.43084837745778,-77.03385994756624,123.00747563909273
2024-01-26 12:45:43,167.19938509545497,-77.21856555308621,123.2166295473301
2024-01-26 12:45:48,167.915026183325,-74.34152102295224,123.43126148126126
2024-01-26 12:45:53,170.2251234010812,-73.72993760242228,124.8325980512883
2024-01-26 12:45:58,167.86595874921147,-74.95224660816176,123.82229306654207
2024-01-26 12:46:02,167.30417240559888,-73.77125935437837,126.32907082601935
2024-01-26 12:46:07,165.3411881660937,-71.47682707636928,126.75940876515523
2024-01-26 12:46:12,165.29449184751516,-71.09235022362499,123.93733298071665
2024-01-26 12:46:16,164.92263528057907,-70.56813031936318,125.46861351189199
2024-01-26 12:46:21,162.285219655183,-69.96402919969424,123.99326529254456
2024-01-26 12:46:26,164.59755581177933,-70.28208626287315,126.34497524238819
2024-01-26 12:46:30,167.41876818075409,-69.4449319943097,128.64633401792645
2024-01-26 12:46:34,164.83650640568308,-71.62947776647029,130.99527670124698
2024-01-26 12:46:38,164.96855348944803,-73.82847383451781,129.72925098537405
2024-01-26 12:46:42,167.91320895741785,-74.64596550849971,130.3217143464685
2024-01-26 12:46:46,167.60517448543726,-75.65388381412446,130.75549116521321
2024-01-26 12:46:50,164.7124270527455,-78.3939605826958,133.69448023885903
2024-01-26 12:46:55,166.78668462310102,-77.3321155388064,135.67171575959847
2024-01-26 12:46:59,169.71328939127687,-76.98761460997055,135.9276509152804
2024-01-26 12:47:04,167.6765082704729,-78.68885894972931,133.80630968455552
2024-01-26 12:47:09,168.38090070910724,-78.32423676528005,136.7902587977095
2024-01-26 12:47:14,166.4101576845943,-75.38097649558165,136.15285097283788
2024-01-26 12:47:18,167.7788372564525,-75.19616892489944,135.29112721603133
2024-01-26 12:47:23,166.25790837578646,-77.9169203890302,133.4246591710605
2024-01-26 12:47:27,166.81263828072622,-76.96657226331689,131.92952577410855
2024-01-26 12:47:32,165.4008382832483,-78.22300081796118,132.78039877643857
2024-01-26 12:47:37,168.10932978027813,-78.93065476955685,130.05383988218995
2024-01-26 12:47:42,170.03256616873423,-77.90152635736445,132.04656530157374
2024-01-26 12:47:46,169.53649352360597,-75.94939056964705,130.25958156139188
2024-01-26 12:47:50,172.0329095013234,-76.80480144501445,131.9750469504814
2024-01-26 12:47:55,172.9784571366222,-78.15621424027064,132.22362455893494
2024-01-26 12:47:59,172.9917489916711,-79.3631173530301,132.06613013375429
2024-01-26 12:48:03,171.12470950200617,-77.25411588123592,134.11765826241108
2024-01-26 12:48:08,171.22452886870096,-79.58880009592527,137.02511011340047
2024-01-26 12:48:12,173.83311662327662,-79.78884548296047,136.52204462336235
2024-01-26 12:48:16,176.0381258433627,-81.02638399148134,139.4025921479528
2024-01-26 12:48:20,173.87970206431618,-79.75398601712634,137.09595767038005
2024-01-26 12:48:24,173.07034304387372,-79.6466722186269,137.46031395886487
2024-01-26 12:48:28,175.6851458228343,-77.55528018954855,135.1028075373646
2024-01-26 12:48:32,174.7403379049243,-80.05748809446084,132.5776039405897
2024-01-26 12:48:37,173.4687336123284,-82.07054657585157,135.1292878677761
2024-01-26 12:48:42,171.45089447208247,-80.12744354069834,135.4543981282
2024-01-26 12:48:46,170.09355621188703,-79.70559853962433,134.67626868594095
2024-01-26 12:48:50,167.29765243256654,-81.8245039153731,137.4359759242616
2024-01-26 12:48:54,169.5935520038875,-81.6405029428455,134.9045766602929
2024-01-26 12:48:58,172.4806102534224,-79.24551269712359,135.48348167429938
2024-01-26 12:49:03,171.1436265412542,-80.80020452017773,133.20662252809237
2024-01-26 12:49:08,172.4402848053042,-78.63797466586209,136.07336915837033
2024-01-26 12:49:12,171.05807913481655,-77.35034740533607,133.741274538
2024-01-26 12:49:17,169.38952182937265,-75.8656929522109,133.10231191298556
2024-01-26 12:49:21,172.14576988551264,-73.57654148114314,133.95818008962462
2024-01-26 12:49:26,172.3854152323178,-74.36677129511767,135.25761312191727
2024-01-26 12:49:30,171.73540011898308,-76.09778540374788,137.7100572895225
2024-01-26 12:49:34,170.1072894180665,-74.0169778889543,135.8423904442384
2024-01-26 12:49:38,167.86028346641388,-76.5280428439638,136.15019746051925
2024-01-26 12:49:43,165.64860501230208,-79.52240531265022,137.0462606888609
2024-01-26 12:49:48,162.94485864681107,-82.05356012271454,136.45328861891213
2024-01-26 12:49:53,163.16314237572874,-84.66130248873169,135.96967090813445
2024-01-26 12:49:57,161.4747783770949,-86.47069123113621,136.50820075361668
2024-01-26 12:50:02,160.8145788423244,-87.89093048276003,137.490905227556
2024-01-26 12:50:07,157.98040608611353,-89.81553988643505,139.35394699476595
2024-01-26 12:50:12,156.24833879486656,-89.52609721180362,140.74532542928995
2024-01-26 12:50:17,157.39215941856145,-90.0,140.85823229989032
2024-01-26 12:50:21,157.5158934104852,-89.57282575374272,140.66834626183592
2024-01-26 12:50:26,157.89018519064004,-87.48218751345887,141.77909416434542
2024-01-26 12:50:30,157.22591319921023,-87.52415178570774,143.53811205694717
2024-01-26 12:50:35,157.9473777413592,-85.77241133023199,145.33863806119842
2024-01-26 12:50:39,156.32350337190266,-85.06099420115603,142.73492998217486
2024-01-26 12:50:44,155.0657357285944,-87.48807127514897,144.9568241773253
2024-01-26 12:50:49,156.50676762857194,-89.84351654200375,146.95322035982787
2024-01-26 12:50:53,153.62549470622378,-88.4114987609928,147.11754067809716
2024-01-26 12:50:58,151.1938896357106,-86.17915545962205,145.01788468286873
2024-01-26 12:51:03,148.83351756365926,-87.61462900647871,145.69159481796424
2024-01-26 12:51:07,147.68289050367127,-86.33326545706959,148.3326506744218
2024-01-26 12:51:11,146.40101228603,-86.02491999136686,149.2114819564959
2024-01-26 12:51:16,148.59360849746926,-86.60226242715899,152.16419021207201
2024-01-26 12:51:20,147.60751533858078,-84.4873189634029,153.47790862110736
2024-01-26 12:51:25,149.50570863719526,-82.92699405963403,155.35251204229712
2024-01-26 12:51:29,150.5356514138962,-83.41166152062502,154.5486998543323
2024-01-26 12:51:33,149.17247564518607,-81.11735957415108,151.907490989963
2024-01-26 12:51:38,148.4176980228451,-80.69720900093068,152.67941374766983
2024-01-26 12:51:42,150.3448353156871,-79.33132731602608,150.6122868251655
2024-01-26 12:51:47,150.8945185335244,-79.12632875142864,147.95601640585903
2024-01-26 12:51:51,153.08351265640835,-77.67846442297925,148.22945543211574
2024-01-26 12:51:55,155.0666615451878,-78.47496338502367,151.1822946928342
2024-01-26 12:51:59,154.3858266719676,-79.32363092067233,149.12930585085414
2024-01-26 12:52:04,154.49200391146547,-81.83093378334942,147.56971575181035
2024-01-26 12:52:08,152.4567839358305,-80.19671620917505,149.09336723024256
2024-01-26 12:52:12,154.6380112629094,-82.8662608121409,148.03713906903013
2024-01-26 12:52:17,154.16259049760285,-84.77518137011678,145.536013551745
2024-01-26 12:52:22,156.1627587832182,-83.59934817319102,145.70614702059495
2024-01-26 12:52:27,156.03221308235848,-82.93302261415461,147.0526772662294
2024-01-26 12:52:32,155.29786366017143,-82.3620702050359,147.903695509021
2024-01-26 12:52:37,152.99804314740075,-80.08885058159866,145.37956306988852
2024-01-26 12:52:42,151.7248043960301,-77.0897082487491,147.4581301601433
2024-01-26 12:52:47,149.52984212006703,-76.6753419365221,147.2042567314581
2024-01-26 12:52:51,149.62622286982008,-75.98816844499568,148.99332369284397
2024-01-26 12:52:56,148.83962283321443,-73.5133692100193,149.3446042375225
2024-01-26 12:53:00,146.09650189224251,-72.25118915656897,150.81544347142992
2024-01-26 12:53:05,143.5889897833895,-69.76467247515643,153.81494328959903
2024-01-26 12:53:09,141.38865800091907,-72.06406625213837,156.05309853608114
2024-01-26 12:53:14,139.33641720332133,-70.08482472840555,156.67177342672696
2024-01-26 12:53:19,140.46992032351267,-72.98198340909921,153.84359978610516
2024-01-26 12:53:23,137.73129318322813,-70.7477107968599,154.68663009061814
2024-01-26 12:53:28,134.7493232683091,-67.9242923031606,157.18063981554238
2024-01-26 12:53:33,131.89394198292604,-69.3282085687995,156.7144126615377
2024-01-26 12:53:37,130.66481160947674,-72.02304946996716,157.47623494669247
2024-01-26 12:53:41,131.6760287301963,-70.13758595428382,157.65079388477878
2024-01-26 12:53:45,134.65325790910612,-67.73760879986835,156.13823763756088
2024-01-26 12:53:49,135.45286770603286,-68.52245769359354,153.40200384215254
2024-01-26 12:53:54,132.98626819933602,-67.91423847103188,153.9662281495731
2024-01-26 12:53:58,135.5146601228931,-67.61258763800714,152.30275755857667
2024-01-26 12:54:03,134.25190734892152,-68.08698203922484,154.79799894469622
2024-01-26 12:54:08,136.24843518594975,-71.02896945986089,156.30766993033757
2024-01-26 12:54:12,138.34010158092715,-72.69770756046611,158.43969148765387
2024-01-26 12:54:17,138.2774432279693,-73.61102177217462,160.47395172842417
2024-01-26 12:54:21,136.71483044875743,-71.65066950484727,163.15698618886606
2024-01-26 12:54:26,138.00966518587967,-70.29983914870344,165.4316448997145
2024-01-26 12:54:30,136.78727455890163,-67.97453379477663,167.65572911828045
2024-01-26 12:54:34,134.96485835213804,-66.24457257299497,168.3394537107377
2024-01-26 12:54:38,136.09851549532567,-64.57386994191013,165.8075206459472
2024-01-26 12:54:42,136.64230557518093,-62.07460121722586,167.06415859739096
2024-01-26 12:54:46,139.308933086651,-64.43566365570553,164.16496672042274
2024-01-26 12:54:50,139.21007005682515,-64.69373786610554,166.12538699485802
2024-01-26 12:54:54,141.41539814204324,-64.74017670837941,168.09428801699656
2024-01-26 12:54:58,143.74831923911404,-65.34133467030914,165.51105757013124
2024-01-26 12:55:02,142.53555469145246,-63.4952735807763,166.05693299272366
2024-01-26 12:55:06,143.1396928650127,-61.419134602297355,163.9019769402344
2024-01-26 12:55:11,145.11393354453025,-59.57707791440647,164.06909651341167
2024-01-26 12:55:16,144.92872625162005,-60.04440049847973,164.29455729659696
2024-01-26 12:55:20,147.1919827866589,-57.232979825337864,164.60978330975982
2024-01-26 12:55:25,145.60634229901882,-58.67782031381492,163.86029556656788
2024-01-26 12:55:29,144.15200538086742,-60.83860534807133,163.6179207156334
2024-01-26 12:55:34,143.77782716758546,-60.532106653498204,165.64150962205332
2024-01-26 12:55:39,140.87557688983708,-61.396720127940696,165.75998787293088
2024-01-26 12:55:43,138.8792245458134,-59.53593944290663,163.50197619419896
2024-01-26 12:55:47,138.6074568298591,-58.1031714823907,164.87556725182543
2024-01-26 12:55:52,136.6023115504303,-59.846433810228156,166.24238994304528
2024-01-26 12:55:56,134.84411241322408,-60.78374854744934,166.77159427826876
2024-01-26 12:56:00,134.53843362315462,-62.308679331382216,166.9008633988442
2024-01-26 12:56:05,132.47747565919596,-60.09589317267769,167.02738035121914
2024-01-26 12:56:09,132.85298112639182,-61.334728499091945,166.79853734655887
2024-01-26 12:56:13,133.3421284519485,-60.77573369959225,164.12100716751067
2024-01-26 12:56:18,132.25107704741694,-60.25571324436164,161.66371562831432
2024-01-26 12:56:23,132.03612589286465,-60.72398886593123,160.46053520079005
2024-01-26 12:56:27,132.2374165411212,-58.47490200179731,160.03073592231334
2024-01-26 12:56:32,133.06847645601118,-56.426366153292356,161.16625967235458
2024-01-26 12:56:37,132.61506534653046,-56.266134089787606,160.64938751136052
2024-01-26 12:56:41,131.67160044506656,-54.46189238586347,157.94581627626417
2024-01-26 12:56:46,133.35609556534536,-53.884752982658874,160.5884836505891
2024-01-26 12:56:50,134.6699339668366,-51.004536253084005,160.66859362519878
2024-01-26 12:56:54,132.87259071180566,-52.94577919144705,159.3178939460087
2024-01-26 12:56:59,133.94448733204908,-55.824188296907344,157.7909209754786
2024-01-26 12:57:04,134.6202382286854,-56.39560728571636,159.73521611330096
2024-01-26 12:57:08,132.16933164890048,-54.60881175471709,156.87518414222313
2024-01-26 12:57:13,131.05842956495087,-52.59866676722959,156.62920974546006
2024-01-26 12:57:18,131.8050023409093,-54.115590573630506,154.8422198777507
2024-01-26 12:57:23,134.4782930835698,-52.45080557001492,152.43814784109645
2024-01-26 12:57:27,136.49475931398783,-52.61187523898055,150.12921808247825
2024-01-26 12:57:31,134.80996489798162,-53.07293111439102,148.79282469180592
2024-01-26 12:57:36,131.85208785363437,-53.76761045890604,148.36880631513105
2024-01-26 12:57:40,133.18945659655088,-52.91774058825809,147.5301443807325
2024-01-26 12:57:45,131.7582081015192,-52.501111845265456,146.58160548476206
2024-01-26 12:57:49,130.38405779803233,-52.88631392492702,148.6290869428595
2024-01-26 12:57:54,131.9334035468422,-51.41716710376745,147.24771639047873
2024-01-26 12:57:59,133.00205224113037,-49.28145418231035,144.74120333995788
2024-01-26 12:58:04,132.7595197124552,-47.04428899226797,144.0184406846005
2024-01-26 12:58:09,129.9617268128642,-47.64855015942181,142.91679816032067
2024-01-26 12:58:13,128.73451479488384,-49.28651280628341,142.06355302943132
2024-01-26 12:58:17,127.10787808513845,-51.19163574663523,142.52099316278654
2024-01-26 12:58:22,128.9810594268201,-50.75965028108432,145.24015099294144
2024-01-26 12:58:26,127.67762884265719,-53.26379251896561,145.87913173218266
2024-01-26 12:58:31,127.25952677373263,-54.293042588891154,147.05007124461483
2024-01-26 12:58:35,129.6868662242875,-54.35603351575006,146.85369085353346
2024-01-26 12:58:40,128.97373652222393,-57.337133614214856,144.30488754421444
2024-01-26 12:58:45,130.97852984345428,-57.73059351134667,145.98038203263494
2024-01-26 12:58:50,130.61683125642858,-58.483811439073264,144.16317834185583
2024-01-26 12:58:55,130.72979497359765,-58.49986469681664,144.26568669097767
2024-01-26 12:59:00,129.4794774288562,-60.01377223985193,145.07335321110668
2024-01-26 12:59:04,132.06711149163604,-60.21056223889887,145.5806625163101
2024-01-26 12:59:08,129.5886172159618,-60.171832907377265,145.16285678239336
2024-01-26 12:59:13,130.90829936423376,-61.667349540674216,142.6961608420518
2024-01-26 12:59:18,132.95162297726108,-63.69597081721747,141.48547959364296
2024-01-26 12:59:23,130.75789358863912,-61.36890629385241,144.10513158726548
2024-01-26 12:59:27,129.70166202510407,-63.90430311172502,146.881307908416
2024-01-26 12:59:32,131.51498012911156,-61.001859864913854,147.7842800163237
2024-01-26 12:59:36,129.32349650707098,-59.514221225225086,147.47570341040026
2024-01-26 12:59:40,127.93120988335681,-59.29721848865224,147.76829922524075
2024-01-26 12:59:45,129.57377564028835,-60.64697178572736,145.97035225522274
2024-01-26 12:59:49,130.33941661750546,-60.43000018396407,147.33935756843027
2024-01-26 12:59:54,128.93479733892548,-59.75373338798778,149.16860768347726
2024-01-26 12:59:59,130.91841232407262,-58.84641535624025,147.14381740967727
2024-01-26 13:00:04,132.77540828726816,-57.794152338568445,145.87179925092124
2024-01-26 13:00:08,130.9430548419543,-57.89787110738819,148.54202315865552
2024-01-26 13:00:12,130.40221026269217,-58.19658066237268,151.46324110815445
2024-01-26 13:00:17,128.6752777896105,-57.61801152397448,149.8369294042262
2024-01-26 13:00:22,126.61522423653324,-55.40473048896949,151.06598074844342
2024-01-26 13:00:26,125.57512713996249,-53.36269806908571,150.30651061248128
2024-01-26 13:00:31,125.67126583137866,-55.995404459736385,150.9121764917641
2024-01-26 13:00:35,126.99821070083084,-57.37194629316267,152.43093737178367
2024-01-26 13:00:40,128.52354080041235,-59.85533018873299,150.18726560588493
2024-01-26 13:00:44,127.09166158194355,-61.47458986582183,152.59156170878327
2024-01-26 13:00:48,124.63599107191219,-60.123598418792554,154.43154134451933
2024-01-26 13:00:53,121.98116907845586,-59.020128598143145,151.53988097818058
2024-01-26 13:00:57,123.5020652100176,-57.59988302995558,151.15616191512274
2024-01-26 13:01:01,124.85703941328472,-57.81272127823772,153.8053971364564
2024-01-26 13:01:06,124.4680700739436,-59.667777528127296,152.19822978218917
2024-01-26 13:01:10,125.1279016130772,-57.24860267575331,151.8390357920984
2024-01-26 13:01:14,124.75256816012669,-57.22956494205474,149.01896447407833
2024-01-26 13:01:19,122.4153386743429,-55.491702879924304,146.30142213658556
2024-01-26 13:01:24,125.23730768198567,-55.93300124738633,147.82891997405818
2024-01-26 13:01:28,126.79438694117707,-53.163943764886184,144.92401973127974
2024-01-26 13:01:32,127.55973477113372,-50.9003304330594,144.645934880832
2024-01-26 13:01:36,128.82462773558123,-51.365881917885766,146.98042069363808
2024-01-26 13:01:41,126.9440591896959,-51.83359754275967,147.32788307137452
2024-01-26 13:01:46,126.25518820016933,-53.85984863160007,149.32472054636222
2024-01-26 13:01:50,125.98556879844747,-51.02652842840614,149.88329240844445
2024-01-26 13:01:55,123.59622125303032,-50.64797016763169,151.3508135366049
2024-01-26 13:01:59,125.75252747867475,-48.68384699158345,153.75733700936155
2024-01-26 13:02:03,126.70701193040793,-47.91105079951963,153.0316496080265
2024-01-26 13:02:08,127.58607419667004,-48.44530452960073,152.38247424743832
2024-01-26 13:02:13,130.5496264169081,-45.661226331863645,154.5747630529936
2024-01-26 13:02:18,129.2422971044622,-42.79405441279397,155.22073012437983
2024-01-26 13:02:23,130.62454976191486,-42.79317381148015,154.56253925587689
2024-01-26 13:02:28,129.58450023133682,-43.461671699552895,152.84504130333133
2024-01-26 13:02:33,131.9114634107698,-44.62298112915918,155.19707770421252
2024-01-26 13:02:38,130.0259739582104,-42.571879134977806,156.11828606656294
2024-01-26 13:02:42,132.28803356289535,-43.75805232955551,155.91772961195875
2024-01-26 13:02:46,134.26692977532772,-43.411502507008684,156.04618623294778
2024-01-26 13:02:51,132.03828097183634,-45.86823221702092,157.09960159723266
2024-01-26 13:02:56,129.06630677247506,-45.07298834382439,159.93766933738024
2024-01-26 13:03:00,130.65012112224073,-45.46430086116197,162.48476863747288
2024-01-26 13:03:04,129.5439034163808,-45.47683012725341,163.94309068037094
2024-01-26 13:03:09,130.8335022004701,-46.79624760250573,162.45137421804117
2024-01-26 13:03:13,127.95256493359355,-48.627457849807456,162.10393013469772
2024-01-26 13:03:17,127.33844172836905,-47.33277219345816,163.34279129994334
2024-01-26 13:03:22,124.7277737982033,-48.20748087618397,164.31839050643174
2024-01-26 13:03:26,123.56855341228126,-50.605224872364666,167.2896287610818
2024-01-26 13:03:30,124.77170018710822,-50.47275829822175,165.90096862819027
2024-01-26 13:03:35,127.11763472873957,-52.32115833364078,165.76882239521603
2024-01-26 13:03:40,128.66822043919618,-49.33396236367988,168.2719922066585
2024-01-26 13:03:45,126.73468887223032,-49.66372133103981,170.04070498905182
2024-01-26 13:03:50,126.46622221792202,-51.70814655394899,168.8904968257833
2024-01-26 13:03:55,127.47642828347162,-53.77437318233503,170.52527640485962
2024-01-26 13:03:59,127.81422896005074,-54.88073439714793,167.93263386655926
2024-01-26 13:04:04,130.32825667393845,-57.399601684787946,168.7420336159859
2024-01-26 13:04:08,131.5536560817696,-57.1703154812586,166.06432268895458
2024-01-26 13:04:13,134.345755452774,-59.66049945398867,164.5717278555732
2024-01-26 13:04:17,133.53205490041154,-57.189649319105,167.24407396938332
2024-01-26 13:04:22,131.48914773614874,-56.449102231563344,168.61739429681597
2024-01-26 13:04:27,129.73347777785307,-55.604551544205876,169.72826438167235
2024-01-26 13:04:32,130.6969670911622,-57.49128379873629,169.8795557636559
2024-01-26 13:04:36,133.44965097719407,-55.62624918148457,171.08362307009875
2024-01-26 13:04:41,131.76016102213566,-53.94580738291371,169.69061681835723
2024-01-26 13:04:45,130.2403946788827,-52.62338442089995,171.79276267722042
2024-01-26 13:04:49,129.6802104505047,-54.98730757534227,169.59290630999286
2024-01-26 13:04:54,128.27155566609835,-53.174173521835755,171.52693213338023
2024-01-26 13:04:58,127.29431305368095,-54.45836129452948,171.05846879206362
2024-01-26 13:05:03,127.81265279351106,-54.79559402244084,168.7967608765458
2024-01-26 13:05:07,129.83113726332445,-54.34360099694671,169.77465843443736
2024-01-26 13:05:11,130.44640483537873,-51.65612532912418,170.1770036164591
2024-01-26 13:05:16,133.36979916603525,-51.13434329043378,172.45740455127873
2024-01-26 13:05:20,133.16905884835865,-52.97754116110275,172.10084186279565
2024-01-26 13:05:25,130.4129207219959,-52.07955701743378,172.4764410230203
2024-01-26 13:05:30,131.23385224722966,-54.159677419541204,175.16300472446244
2024-01-26 13:05:34,132.49409651685318,-51.84111499586602,174.6658847355506
2024-01-26 13:05:38,131.19452083990507,-50.45139657363627,177.35767373316858
2024-01-26 13:05:43,131.0436170176151,-48.92055913595735,179.34766520914405
2024-01-26 13:05:47,129.34687695443773,-47.28428902394729,178.51935387352515
2024-01-26 13:05:52,130.94265138620398,-45.71600503035454,179.06002227439288
2024-01-26 13:05:56,130.55747345550617,-47.29753652888719,176.23327277816068
2024-01-26 13:06:00,129.08366894088698,-49.847930315199534,178.18958102593683
2024-01-26 13:06:05,131.2321920658781,-46.851641445976874,177.91457517942254
2024-01-26 13:06:10,129.66979573140574,-44.65862281164541,175.1437229904516
2024-01-26 13:06:15,127.23622078777416,-44.079610628775306,175.4880290799375
2024-01-26 13:06:20,129.91471882321923,-45.42907001904755,176.01770236324023
2024-01-26 13:06:25,132.1504912257315,-45.50264207567612,178.6261581662333
2024-01-26 13:06:30,133.5811951173634,-44.855156033842725,177.2112205485841
2024-01-26 13:06:34,133.2627383801536,-42.436378732443195,175.24703317697907
2024-01-26 13:06:38,133.78950236384767,-45.22752100932596,174.90079426240789
2024-01-26 13:06:43,134.25994438651446,-45.03165596854551,177.88813924311526
2024-01-26 13:06:48,135.49692556209476,-45.41731688625912,176.18562007869937
2024-01-26 13:06:53,134.76000330292618,-45.16228660502231,175.63148984345133
2024-01-26 13:06:58,134.9707274559791,-42.80748049326755,174.34164377530385
2024-01-26 13:07:02,132.43840645805267,-40.08389848217958,171.95008597156544
2024-01-26 13:07:06,135.3293261371913,-43.052533177160235,174.4181054279901
2024-01-26 13:07:10,137.91387012657563,-41.341999758817856,173.1984181739139
2024-01-26 13:07:14,136.56699729810362,-38.600005036398564,174.39740480132733
2024-01-26 13:07:18,136.48428206699694,-38.075526282726486,177.36969362515666
2024-01-26 13:07:23,139.48134297375896,-38.19392148408969,174.80443029822848
2024-01-26 13:07:28,141.33661633875354,-39.562341556891596,177.3120506178417
2024-01-26 13:07:32,140.6818924240028,-36.64221474264217,177.9840128381722
2024-01-26 13:07:36,139.16322867213282,-38.367606852278946,177.32439161751395
2024-01-26 13:07:41,141.89372340579476,-37.95422626840043,179.54029347338673
2024-01-26 13:07:45,144.63078864309813,-38.64069579483197,179.3264349248039
2024-01-26 13:07:49,142.51437917053113,-40.731576388830916,179.57628838535376
2024-01-26 13:07:53,143.611761970117,-38.39910335105543,180.0
2024-01-26 13:07:57,144.97643325257806,-38.495783568255895,178.32404700972012
2024-01-26 13:08:01,143.1405825872408,-35.79424523533126,180.0
2024-01-26 13:08:05,141.02190738415777,-37.55919142676656,178.76927571082933
2024-01-26 13:08:09,139.0909480188439,-35.65963973010109,177.55968559468025
2024-01-26 13:08:13,140.90702490339845,-34.64570714616791,176.8015423738638
2024-01-26 13:08:17,140.1332749422768,-34.567805406308466,177.5389108471741
2024-01-26 13:08:21,137.83958615989076,-32.29894570835047,177.37577807417878
2024-01-26 13:08:26,139.94810307491872,-33.78866661125996,177.07788876672876
2024-01-26 13:08:31,142.83470551334688,-33.64856541247242,174.1439351945745
2024-01-26 13:08:36,144.94133748923437,-35.969268405542394,176.62870241636574
2024-01-26 13:08:40,147.6674469618965,-36.83900046773049,177.14853805989713
2024-01-26 13:08:44,149.68045993654644,-37.94336669972214,179.23984016376937
2024-01-26 13:08:49,151.97100241105682,-36.84360193085248,177.18081121645847
2024-01-26 13:08:53,153.77363025075314,-38.12867501021093,174.2432191154117
2024-01-26 13:08:57,151.8437223933652,-38.70628230268541,173.13501199460546
2024-01-26 13:09:01,149.66196877831686,-39.345169267365485,170.73618305064358
2024-01-26 13:09:05,149.92517434542174,-37.32339521153813,171.27481093407502
2024-01-26 13:09:09,147.40532984407122,-38.482709117417976,169.42616518853782
2024-01-26 13:09:13,146.91774909192014,-35.54288497789021,168.67887579081324
2024-01-26 13:09:18,146.41222669309704,-35.453501682203324,168.58837767618664
2024-01-26 13:09:23,143.61571832766484,-32.943557923509694,170.58317989510076
2024-01-26 13:09:27,145.1490801779212,-31.982931295832504,168.21469847528329
2024-01-26 13:09:32,144.4784928164123,-33.028133535728365,167.80906355138362
2024-01-26 13:09:36,142.19240499028436,-34.602697139495724,168.26889331545857
2024-01-26 13:09:40,141.78845129511578,-31.720686599913172,169.2877312508944
2024-01-26 13:09:45,139.62949651434855,-29.893557248047564,169.14428779543482
2024-01-26 13:09:49,139.4670549833116,-32.21598227602968,166.3157803787444
2024-01-26 13:09:54,140.2594056042031,-33.745395278005155,164.04866160120812
2024-01-26 13:09:58,137.76088479410623,-32.63712437751586,161.7144015323351
2024-01-26 13:10:02,136.50085856467194,-34.24939625075129,162.08985063772178
2024-01-26 13:10:06,136.60848040395015,-33.44628350339795,160.82951546707966
2024-01-26 13:10:10,138.98246111966384,-33.05052946068761,162.8939810404401
2024-01-26 13:10:14,138.9483101807098,-35.54159042399713,163.47704336552258
2024-01-26 13:10:18,137.38375681343,-33.1162811778085,163.39447294220182
2024-01-26 13:10:22,138.80471028763557,-32.521850824503886,161.5202711613716
2024-01-26 13:10:27,141.71948519205566,-34.58699605027248,161.1059751482579
2024-01-26 13:10:31,143.06736882795983,-33.72597551657624,162.08258643854805
2024-01-26 13:10:35,143.24054701747255,-33.18773546668491,162.9178179235871
2024-01-26 13:10:39,140.61902463780527,-32.93391031194727,164.3588543204798
2024-01-26 13:10:44,141.8249004764736,-34.13829634888956,163.35909869148398
2024-01-26 13:10:48,139.30084564921597,-36.42385266030733,165.31447606703472
2024-01-26 13:10:53,140.99005471987013,-34.23399891206427,164.529395098413
2024-01-26 13:10:57,140.3260695259405,-34.87637101421774,165.05570595916086
2024-01-26 13:11:01,139.97090157740547,-37.25752060182745,165.3920830814301
2024-01-26 13:11:05,140.72385638680637,-40.0820846146364,167.89525273087622
2024-01-26 13:11:09,143.6411860922572,-37.781640109369036,168.5840325018771
2024-01-26 13:11:13,144.27348218667225,-36.594375951776804,167.2611219870157
2024-01-26 13:11:17,144.77932470709297,-34.5494664338528,164.79554454859397
2024-01-26 13:11:22,144.8761743146267,-36.45230458789926,162.2425335741223
2024-01-26 13:11:27,146.06641643721693,-35.11750714709294,164.46110529468925
2024-01-26 13:11:32,146.38436460650175,-32.28643760281637,161.93356561576638
2024-01-26 13:11:37,149.31255862381602,-31.33076290208311,163.80147201897452
2024-01-26 13:11:41,147.13754129591723,-32.674841087427424,162.74171981481777
2024-01-26 13:11:46,149.75468235092217,-35.25853439208031,162.11415071521725
2024-01-26 13:11:51,151.0609937824669,-33.35195380430976,160.3473542025178
2024-01-26 13:11:55,151.42620427766917,-34.89086343128042,160.46153013422628
2024-01-26 13:12:00,154.15375039167998,-35.07176815740741,162.35866420363882
2024-01-26 13:12:05,153.01607327586254,-33.86966786549033,164.7403147444203
2024-01-26 13:12:10,153.7928616255379,-34.78905844808965,167.26347955520606
2024-01-26 13:12:15,151.86951252494987,-33.15456516662306,170.1576427713842
2024-01-26 13:12:20,149.43080473418604,-32.679801742863106,168.39585762782966
2024-01-26 13:12:24,149.2055796340114,-29.85716579577105,166.64064327885794
2024-01-26 13:12:29,150.4081554468543,-29.13391139754352,164.4231478780223
2024-01-26 13:12:33,148.85850427499722,-30.542805990573616,164.04067698268832
2024-01-26 13:12:37,149.16232183191738,-32.357546814635114,163.71957505641632
2024-01-26 13:12:41,149.49508747486118,-30.571806615479414,165.47485440781168
2024-01-26 13:12:45,148.62518091633294,-28.19450715219164,167.1577367569015
2024-01-26 13:12:50,151.53476315928341,-27.68039481416499,167.8749167502939
2024-01-26 13:12:54,152.94269526868493,-29.327384456352206,168.4302772044945
2024-01-26 13:12:59,153.19633476202296,-30.9671041527149,170.98985537948346
2024-01-26 13:13:04,153.57066997288257,-28.631785816689703,173.2369069476956
2024-01-26 13:13:08,154.41516825085742,-28.941571146522055,176.11405794106102
2024-01-26 13:13:12,152.01271636591042,-26.80936160419467,173.57173536819695
2024-01-26 13:13:16,149.69309520341824,-26.636776032940357,174.07368399558604
2024-01-26 13:13:21,147.69422695985273,-26.052385256573285,173.29834901202213
2024-01-26 13:13:25,145.6062301714663,-25.23819299620519,175.06164859385945
2024-01-26 13:13:30,144.6069816315083,-25.07365728674555,177.96762648727594
2024-01-26 13:13:34,144.86425213917317,-25.16861576884869,176.8021102050702
2024-01-26 13:13:38,146.92802474250803,-22.952692921181924,179.45654413848035
2024-01-26 13:13:42,149.21483957913708,-25.552708253771755,176.86322591439426
2024-01-26 13:13:46,151.5427536783654,-27.35175861415624,178.3298949560771
2024-01-26 13:13:51,148.67688449095382,-29.82396299471241,175.86499706508636
2024-01-26 13:13:55,146.57643737360783,-31.008486996056494,178.27985905378355
2024-01-26 13:14:00,145.2418652669561,-32.4609584502053,179.94063731487168
2024-01-26 13:14:05,145.60169401077056,-31.391841102729714,178.45372308094744
2024-01-26 13:14:09,146.09543052766435,-32.39544301331891,177.00557238818917
2024-01-26 13:14:13,144.8432208860436,-32.32568021478278,178.60959449823568
2024-01-26 13:14:18,143.41429156055233,-34.51934994823749,179.62582193926718
2024-01-26 13:14:23,142.02274841620584,-35.63377076926785,180.0
2024-01-26 13:14:27,139.42468544004524,-33.83507638841519,180.0
2024-01-26 13:14:32,138.91727932090416,-30.934097509532002,179.95043429599207
2024-01-26 13:14:37,140.94627792013105,-32.23725624621751,180.0
2024-01-26 13:14:41,138.14815518136066,-30.45614750714572,179.8490775812281
2024-01-26 13:14:46,137.24741479844377,-31.25645865883626,177.42705522084216
2024-01-26 13:14:50,135.3688609740091,-28.922566593484206,176.95761133739464
2024-01-26 13:14:54,135.98080259528172,-30.134653998385783,177.53489031305534
2024-01-26 13:14:58,136.74073949852306,-30.996991399481054,177.4662382306186
2024-01-26 13:15:03,139.61418355903285,-29.661587232061205,175.64243635968535
2024-01-26 13:15:07,141.44166136810887,-28.357068505575434,175.65066728875277
2024-01-26 13:15:12,142.0302698521255,-31.18981565078934,175.21219676406773
2024-01-26 13:15:16,143.80848690386165,-31.685772227977182,177.6150899711094
2024-01-26 13:15:21,145.1529693736352,-31.80249362151178,176.48070565973393
2024-01-26 13:15:25,146.2829569366092,-30.567415464075413,176.59229846171638
2024-01-26 13:15:29,146.57802445914572,-28.72862958091352,174.60603021134645
2024-01-26 13:15:33,147.35032805141788,-29.816419799935268,172.37669569070522
2024-01-26 13:15:38,146.6733303048988,-32.08982732190097,171.585508491159
2024-01-26 13:15:42,148.719165233186,-34.837806937203624,173.3039261074975
2024-01-26 13:15:47,148.18759898629887,-32.840679881426354,173.46359753820562
2024-01-26 13:15:51,148.7409556158086,-33.66848516983258,171.95114710941422
2024-01-26 13:15:56,147.91313300594334,-36.64907566731317,171.838955763238
2024-01-26 13:16:00,149.32569546567152,-33.84833657253434,173.69305372850758
2024-01-26 13:16:04,150.08678823534757,-35.68228008917977,173.06791928944043
2024-01-26 13:16:08,151.79086319058734,-34.26060739319226,172.53632578539762
2024-01-26 13:16:12,153.74880543859433,-36.22917908715227,173.65579162527268
2024-01-26 13:16:17,154.86978828641142,-35.15988733038745,173.13987813070077
2024-01-26 13:16:22,152.26225265817172,-33.87227873562432,172.58423818575372
2024-01-26 13:16:27,153.9428863019212,-36.666693585627854,172.97144805801167
2024-01-26 13:16:31,155.51176696206633,-38.27173923174729,170.37970282724328
2024-01-26 13:16:35,153.5501741526065,-40.24733591916239,172.18847761523995
2024-01-26 13:16:39,154.8447309466757,-41.924496352239885,174.97113050543445
2024-01-26 13:16:43,155.78746482464186,-40.79617135779408,176.34767465855916
2024-01-26 13:16:47,157.91941441935649,-42.8553806823075,177.28312930903854
2024-01-26 13:16:52,158.91917107629686,-44.855911302903394,174.7815007165739
2024-01-26 13:16:56,159.52967254416657,-42.32726727260078,174.41018411441468
2024-01-26 13:17:01,162.33301764040283,-43.26908135635017,173.26165075501552
2024-01-26 13:17:06,165.1276424981865,-41.41821000590991,172.60284357184992
2024-01-26 13:17:10,164.1830556493101,-42.135286014933875,173.76075817548067
2024-01-26 13:17:14,165.2686134006949,-39.92408903026322,174.48980447375808
2024-01-26 13:17:18,166.7689830864721,-40.325052399269076,172.95571039803286
2024-01-26 13:17:22,164.5172956953217,-39.59374033571825,175.0539706099176
2024-01-26 13:17:27,161.6164984424965,-40.93521868314544,174.92856532395777
2024-01-26 13:17:31,159.91736829653607,-42.50348496838231,172.6035522868633
2024-01-26 13:17:36,158.92106751903734,-40.84168707563268,173.6116980693181
2024-01-26 13:17:41,158.23298860740655,-40.19498304704893,174.2535140581834
2024-01-26 13:17:46,158.88020923402982,-39.63240586175306,174.29697803736565
2024-01-26 13:17:51,159.17213232130007,-37.14134856650776,173.42128394041313
2024-01-26 13:17:56,156.65817759204796,-34.881008448302424,170.88047602895818
2024-01-26 13:18:01,159.11228734402755,-32.33175890867308,171.6633595761599
2024-01-26 13:18:05,158.40108106599556,-34.240135596865116,168.82613384413386
2024-01-26 13:18:09,161.30396122510106,-31.376791534665557,166.25653541962922
2024-01-26 13:18:13,159.9495334452865,-28.54499311090035,166.1323277399319
2024-01-26 13:18:17,159.59593768070994,-25.864530783457766,166.73148234399468
2024-01-26 13:18:21,159.13603152670422,-25.27752152257322,164.02161645548114
2024-01-26 13:18:25,156.3696406742538,-23.427876423645774,165.2074857475157
2024-01-26 13:18:29,154.7434525199423,-24.55839087830421,164.55972480507685
2024-01-26 13:18:33,155.95873024420726,-26.40511939472693,167.2177007745852
2024-01-26 13:18:37,155.02556465339651,-27.81162598797005,165.40725848388507
2024-01-26 13:18:42,153.23154041983491,-26.240956019670364,164.5411508395095
2024-01-26 13:18:46,152.59712265642906,-28.623718056638474,163.73359875965346
2024-01-26 13:18:50,150.946885610345,-29.158232716943466,162.50657060155206
2024-01-26 13:18:55,149.72029050454373,-30.710578735327076,160.32892762255548
2024-01-26 13:18:59,152.6404356429189,-30.298467988279615,162.68552863044556
2024-01-26 13:19:03,150.49844632974524,-30.926616478274514,164.14562078919283
2024-01-26 13:19:07,150.93729324794717,-33.222216098011934,162.74314795430433
2024-01-26 13:19:11,152.05134383172194,-35.590761610147894,160.47552503265385
2024-01-26 13:19:16,153.32140132226246,-36.07786507370138,162.7970382093224
2024-01-26 13:19:20,156.1239468298076,-37.21268562142804,163.0242189582634
2024-01-26 13:19:25,159.01011397419018,-38.266323891132465,165.7255457723648
2024-01-26 13:19:29,157.57596689506016,-36.43576558024353,167.69239211520704
2024-01-26 13:19:33,155.41632255947164,-34.84433225632844,168.2653581435141
2024-01-26 13:19:37,157.4934970632041,-34.61249115357359,167.27594581797132
2024-01-26 13:19:41,158.5659160666965,-32.657946040608934,167.11572221443006
2024-01-26 13:19:45,160.59065714966476,-35.48029386351896,166.8237765287398
2024-01-26 13:19:50,161.060968942636,-36.10818016494951,164.50999961664206
2024-01-26 13:19:54,158.56167518027428,-33.97460924180291,166.66246024732268
2024-01-26 13:19:59,159.29541449183537,-32.59711236092655,167.44831279827127
2024-01-26 13:20:04,159.7666481839064,-32.23408155709989,166.94933178809762
2024-01-26 13:20:09,161.30387231478687,-32.05490678251697,166.52176722869348
2024-01-26 13:20:13,164.03892285314197,-32.88437578526273,164.43611155784913
2024-01-26 13:20:17,162.28971354292545,-35.63872219779098,161.71499256841037
2024-01-26 13:20:21,160.76884809517216,-33.61808341932964,162.48076837334
2024-01-26 13:20:26,161.7533098710189,-30.756795062065706,161.2750462520269
2024-01-26 13:20:31,160.55277075290428,-30.704879336559426,162.7702495325382
2024-01-26 13:20:35,159.1433001021025,-29.740517015497467,163.43860741924289
2024-01-26 13:20:39,156.43614944907486,-32.461179437452,161.1702176663551
2024-01-26 13:20:44,154.16270840949818,-31.602593177915683,163.30595519652508
2024-01-26 13:20:49,155.72625531521265,-28.860811454161766,163.0116085725303
2024-01-26 13:20:53,155.1274108420746,-29.046264982880395,162.80927135651405
2024-01-26 13:20:58,156.00621820412434,-29.79053904994463,163.1749919937701
2024-01-26 13:21:02,153.47864230150375,-32.524017370806874,160.49423917862183
2024-01-26 13:21:07,155.61624851503248,-33.480269532462984,162.7811052245822
2024-01-26 13:21:12,157.5670370538022,-32.78270085860467,161.426514283631
2024-01-26 13:21:17,158.40801998422535,-34.7587183605735,161.71360996029472
2024-01-26 13:21:21,160.78894614640592,-35.559166896275414,161.24752462774075
2024-01-26 13:21:26,161.58545192151146,-34.289436654861,159.8776216763788
2024-01-26 13:21:31,159.7112633462881,-35.24875680983797,158.83219106726122
2024-01-26 13:21:36,159.2640770920114,-35.20506520333966,161.3356367047214
2024-01-26 13:21:41,156.3240982401369,-37.692723470323,159.1065592914938
2024-01-26 13:21:45,155.4938222080518,-35.663235173288115,161.94659628105407
2024-01-26 13:21:50,153.90016641453346,-35.90339151153729,162.09179730677454
2024-01-26 13:21:55,156.11151161121876,-38.14335784305673,163.64294955027404
2024-01-26 13:21:59,157.74946936204952,-37.98975247397668,163.13092040338825
2024-01-26 13:22:03,158.18742003969854,-40.753631233095604,160.36477321637093
2024-01-26 13:22:08,159.7453425884204,-39.241217517325914,160.5464358032494
2024-01-26 13:22:13,160.00079855242575,-37.04011868327138,161.60844562269412
2024-01-26 13:22:17,157.15127592607718,-34.0605941965579,163.6852755920014
2024-01-26 13:22:22,155.9120436452505,-33.49222229770657,161.7173546100236
2024-01-26 13:22:27,155.06176622479882,-33.6476808957559,160.55707642693798
2024-01-26 13:22:31,155.60770872044463,-33.49439877706169,158.09328209261446
2024-01-26 13:22:35,155.36319639566926,-31.66495255237102,155.54282043802593
2024-01-26 13:22:40,154.1368409408999,-31.53471269306594,153.21893884007176
2024-01-26 13:22:45,154.2308456880011,-32.94460689919542,153.64282385396345
2024-01-26 13:22:49,156.1388487436732,-30.1718905705452,152.23422747545695
2024-01-26 13:22:54,154.3452717011191,-31.167115344585362,152.43704816358158
2024-01-26 13:22:59,154.8479907818278,-28.613987673495416,153.5745754694728
2024-01-26 13:23:04,155.47905885128984,-26.575133567587997,154.4237003035457
2024-01-26 13:23:09,157.6917168375193,-29.387863687678696,152.31451409649296
2024-01-26 13:23:13,158.57374882016143,-29.20399646686205,154.52735598155195
2024-01-26 13:23:18,161.46574682933414,-31.964323071720543,157.23809183726027
2024-01-26 13:23:23,163.0815186331398,-32.52397317235089,159.57561379505557
2024-01-26 13:23:28,165.11750338240117,-34.23340803938298,157.955581504645
2024-01-26 13:23:33,167.7341338858273,-35.01325096985395,156.71507630217485
2024-01-26 13:23:37,165.597116725181,-34.79187853707256,154.1328125223185
2024-01-26 13:23:41,165.02566272079721,-34.021497814415426,151.38956699172525
2024-01-26 13:23:46,162.3995874897292,-35.38220893388368,150.02742510942508
2024-01-26 13:23:51,163.20081860156324,-34.34408801624455,147.79504696826388
2024-01-26 13:23:55,162.27958149980745,-35.64729004394111,148.3595739317233
2024-01-26 13:23:59,165.02244531282355,-37.836805874188045,147.71690763627703
2024-01-26 13:24:04,163.63153877211622,-36.870823591321425,145.6706045515795
2024-01-26 13:24:09,162.4132641906966,-36.21406389031179,147.5547980085907
2024-01-26 13:24:13,164.53100960100522,-36.421313794320334,148.64202195803722
2024-01-26 13:24:17,162.4641735082756,-36.01391872474351,147.6120838659005
2024-01-26 13:24:21,163.47736411872668,-33.669575693397015,148.76032320234765
2024-01-26 13:24:26,165.88358413709366,-32.940644868179376,150.60978551559137
2024-01-26 13:24:30,164.73924310580804,-32.041470982801215,152.1046563435995
2024-01-26 13:24:35,164.7199100379819,-32.075363122632325,153.24199150455883
2024-01-26 13:24:39,165.82858381513827,-34.871753645598474,154.4271618334078
2024-01-26 13:24:43,167.59141618658936,-34.11350527851084,157.34845310884597
2024-01-26 13:24:48,168.22612069285734,-35.67740326291999,157.64582329298824
2024-01-26 13:24:53,170.11232128747517,-32.88090307719094,160.5288710425627
2024-01-26 13:24:58,170.1851449525625,-34.01401634257087,163.17631059328244
2024-01-26 13:25:02,168.41935128753983,-34.146670539730614,163.55787985801365
2024-01-26 13:25:06,165.7343370915649,-32.73140754372548,164.68552920191965
2024-01-26 13:25:11,168.72151133883264,-30.893571956317608,167.3029336352534
2024-01-26 13:25:15,171.15422845752204,-32.93676561398456,168.10173425663666
2024-01-26 13:25:20,171.7038014831679,-33.47012663325426,169.99936108861752
2024-01-26 13:25:24,172.18623690512493,-31.958809330655406,169.06430669666534
2024-01-26 13:25:29,174.2417032294622,-30.703337591682637,167.03753147594793
2024-01-26 13:25:34,171.52691386295012,-32.5343092671385,164.97789772485737
2024-01-26 13:25:38,169.9710993665059,-32.95996933544251,164.40882320261068
2024-01-26 13:25:42,169.6444724981998,-32.90402682090321,163.86552758744136
2024-01-26 13:25:46,171.10812212427615,-34.654880862109145,164.8198760140101
2024-01-26 13:25:50,171.02742589984322,-37.252612625507204,165.5736074862265
2024-01-26 13:25:55,174.0236701160828,-36.86935311682398,168.2659229817996
2024-01-26 13:26:00,171.83082841911676,-36.89666368951279,170.19454923814712
2024-01-26 13:26:04,173.87728506436304,-38.24972407817926,169.6065284224967
2024-01-26 13:26:09,175.5803685266574,-35.35017397592283,167.61385206829758
2024-01-26 13:26:13,177.94170918565536,-35.0977996425209,164.8090494352988
2024-01-26 13:26:18,177.47579472308286,-34.70115916126664,165.95603664327447
2024-01-26 13:26:23,179.31244565961862,-36.64685257516248,163.51763876381384
2024-01-26 13:26:28,178.3593739405695,-34.938525634699985,165.86852353826373
2024-01-26 13:26:32,180.0,-34.54362090899603,164.25375634568843
2024-01-26 13:26:37,180.0,-32.95086920969192,166.76621457927283
2024-01-26 13:26:42,180.0,-35.52247105425811,166.56142945611597
2024-01-26 13:26:47,180.0,-37.7311021652296,168.4086926689798
2024-01-26 13:26:51,180.0,-37.87443069832421,169.6528050693915
2024-01-26 13:26:55,179.21760180379627,-40.21782255709179,168.44754053352426
2024-01-26 13:27:00,177.1100784356941,-40.87926041764512,167.98742522468117
2024-01-26 13:27:05,179.2398344139409,-38.24255810288067,165.76345768987173
2024-01-26 13:27:09,180.0,-37.71584995101825,165.33837389017157
2024-01-26 13:27:13,180.0,-36.20054580144546,166.37825466661954
2024-01-26 13:27:18,178.91520076091913,-33.368973527144625,166.52432620981918
2024-01-26 13:27:23,176.93781300455456,-32.853362044022326,168.46670748819366
2024-01-26 13:27:27,174.36534313451344,-34.186297975124745,171.46205796661042
2024-01-26 13:27:31,176.47271029557604,-31.26052442522866,170.14051600792985
2024-01-26 13:27:35,175.66920358514602,-32.54645728297409,167.8534341701578
2024-01-26 13:27:39,173.8432388579141,-34.96018171390974,170.4582387934578
2024-01-26 13:27:43,175.48732299511886,-36.39146643427188,173.24471792719743
2024-01-26 13:27:47,176.81758340647318,-37.322028151989514,174.7601296730602
2024-01-26 13:27:51,179.33205890828236,-37.21225236232282,173.58104381773677
2024-01-26 13:27:55,180.0,-37.55609542282263,174.6364430593919
2024-01-26 13:28:00,177.09102400251328,-39.85854311471737,173.86030004356817
2024-01-26 13:28:04,174.70109530148198,-40.58144662518919,172.64004924360898
2024-01-26 13:28:09,174.8166850031785,-39.077428367403144,169.92140883111986
2024-01-26 13:28:14,174.96395702411218,-36.10296030380992,167.8029384080486
2024-01-26 13:28:19,176.5858482515482,-35.472577395534884,169.05846328740358
2024-01-26 13:28:24,177.2938579383763,-37.449917644298004,170.39001759179493
2024-01-26 13:28:28,177.965672010769,-36.60554135526439,170.87797029801212
2024-01-26 13:28:33,177.31812246423982,-34.550914014703594,170.23611137352856
2024-01-26 13:28:37,176.96278286410367,-35.79915001293187,171.67073805497262
2024-01-26 13:28:42,178.1230458720031,-33.016506371948765,170.6178992401063
2024-01-26 13:28:46,178.21054496162498,-32.521069919314854,173.3975626150339
2024-01-26 13:28:50,178.18588834558955,-30.08722493323649,174.78260112789735
2024-01-26 13:28:54,179.82294287888448,-31.556116820981188,174.3654698042086
2024-01-26 13:28:59,180.0,-33.38888484643936,175.8770134527532
2024-01-26 13:29:04,180.0,-33.18486369682644,176.83027398027562
2024-01-26 13:29:08,179.66828500342555,-35.86629282425091,175.19838643468134
2024-01-26 13:29:12,177.18159436080634,-38.387233047235405,174.24410655645073
2024-01-26 13:29:17,179.88868897595597,-39.03011207930767,172.87849970502205
2024-01-26 13:29:21,177.9418117400713,-41.5481066669134,174.4629711983379
2024-01-26 13:29:25,175.66837944577506,-40.15852543588682,176.56283022240734
2024-01-26 13:29:29,178.34505211004532,-42.740862018475035,175.30733098248595
2024-01-26 13:29:33,176.94934818711423,-43.613087491851495,173.59763245105992
2024-01-26 13:29:38,174.00561002583206,-42.33711666147434,174.3137990850083
2024-01-26 13:29:42,173.72806502151522,-39.48866577383773,173.47897437166299
2024-01-26 13:29:46,173.80959431797197,-39.819328851860185,175.19966139815725
2024-01-26 13:29:50,174.617015648836,-39.66276501738801,172.75272422698075
2024-01-26 13:29:54,177.1376807830649,-38.124228405943214,175.08133083551957
2024-01-26 13:29:58,176.79512499536466,-36.21568865280918,172.9096437031899
2024-01-26 13:30:02,175.6657352813738,-38.71234327912957,173.4820705696541
2024-01-26 13:30:07,173.70700849403164,-37.70794838007203,171.4458444484487
2024-01-26 13:30:11,171.16274366133894,-39.66700996761529,170.5510168116503
2024-01-26 13:30:16,170.83777214527626,-37.519219659772695,172.5559010774342
2024-01-26 13:30:20,170.47232251758203,-39.49119094504316,174.84611672661705
2024-01-26 13:30:24,173.33528981702608,-38.968704144606676,174.19916243960952
2024-01-26 13:30:29,174.4523200431605,-39.861696570919584,171.37081173402908
2024-01-26 13:30:33,171.67349989799146,-42.70498497332062,173.71687511427075
2024-01-26 13:30:38,169.7527333780838,-43.36241552017594,173.79129267580151
2024-01-26 13:30:42,170.93481719771074,-41.80784683336856,172.54683472090258
2024-01-26 13:30:46,169.00799964994263,-39.035980081650834,172.24848111874655
2024-01-26 13:30:51,170.8834741535186,-36.493609182880014,169.48967326639377
2024-01-26 13:30:56,168.69373127741414,-33.90570413680383,171.1122237147975
2024-01-26 13:31:01,170.391201871374,-32.82164059943841,169.03432741706558
2024-01-26 13:31:05,169.5714509895614,-31.594827710886356,167.45902833970587
2024-01-26 13:31:09,171.9573908545338,-32.360456087519324,167.7681118386452
2024-01-26 13:31:14,174.853034348527,-33.69140105596513,170.656512503215
2024-01-26 13:31:19,171.8930821330486,-32.613721084960005,168.90460661515945
2024-01-26 13:31:24,169.76953145327974,-30.942268410715478,170.56753948299217
2024-01-26 13:31:29,168.35831339341826,-32.714680542249,169.90253350671975
2024-01-26 13:31:34,166.25257834560946,-33.504612303983556,170.47806024782193
2024-01-26 13:31:39,165.15489101971613,-32.263880351954604,171.9479073560869
2024-01-26 13:31:44,164.86926101544526,-30.078587231764008,173.00699449396626
2024-01-26 13:31:48,167.83125174731265,-31.114270885391406,173.57278690345458
2024-01-26 13:31:52,170.77360782001733,-29.635409722911252,175.00684730775663
2024-01-26 13:31:56,170.3532202264481,-31.960324530431066,173.46106131287235
2024-01-26 13:32:01,172.17877979837064,-30.862303135384447,176.25452732489305
2024-01-26 13:32:06,175.10493334266366,-32.015208003595106,175.9033192628174
2024-01-26 13:32:11,177.729457354668,-32.45047889591993,176.68083288068368
2024-01-26 13:32:15,179.21781670523413,-30.45809512677391,177.36774362081573
2024-01-26 13:32:20,176.62126324916352,-29.148850210121694,175.80885926156537
2024-01-26 13:32:24,178.56388671900817,-31.965476673527913,173.27149364619368
2024-01-26 13:32:28,178.39963846819805,-34.8550307829734,175.96079535849344
2024-01-26 13:32:33,175.63036290992292,-35.99777650052079,175.11177364736258
2024-01-26 13:32:38,174.44644515225605,-36.802724864443064,176.53045048478387
2024-01-26 13:32:43,174.6041575541452,-34.392251088044894,179.52875391347237
2024-01-26 13:32:48,171.73141151985593,-32.306142237806135,180.0
2024-01-26 13:32:52,170.59942374924844,-31.18344980919007,177.95443968860747
2024-01-26 13:32:57,168.5779935962789,-30.638838777727255,180.0
2024-01-26 13:33:02,167.67037831705133,-31.13935271370366,180.0
2024-01-26 13:33:06,165.1201847119871,-31.778512625272707,180.0
2024-01-26 13:33:11,163.21858634949126,-33.10833618707425,180.0
2024-01-26 13:33:15,163.57770602088243,-34.22475830677456,180.0
2024-01-26 13:33:19,160.60845562206828,-36.80839479580296,178.051862315825
2024-01-26 13:33:23,162.30667058325054,-37.509885301877986,177.10303289488004
2024-01-26 13:33:28,164.7090071983914,-35.49168190871884,178.2526787995401
2024-01-26 13:33:33,166.22661431623916,-33.11913876002166,179.5389532012715
2024-01-26 13:33:38,164.62956008404055,-34.36977277307631,177.2728835105215
2024-01-26 13:33:43,162.27447939150065,-34.553162019924116,179.153533181231
2024-01-26 13:33:47,164.11167745571692,-35.71777462386463,179.02642056229251
2024-01-26 13:33:51,165.50080270795866,-34.81692640551951,180.0
2024-01-26 13:33:56,163.94651243007866,-32.18295206954609,178.6645863417111
2024-01-26 13:34:01,166.93764897208877,-30.86381986591669,177.81563075005585
2024-01-26 13:34:05,169.68971694213403,-33.33049519482665,176.19842175852972
2024-01-26 13:34:10,172.5241849754409,-32.79168542465219,176.01862264103002
2024-01-26 13:34:14,172.1847777276726,-34.64461719462171,175.0245033521217
2024-01-26 13:34:18,174.3924444256556,-31.89997733907135,172.11213773522462
2024-01-26 13:34:22,174.62720858911348,-30.05672670693157,169.55278455536416
2024-01-26 13:34:27,173.3547946617368,-27.37004449790868,171.44083906067925
2024-01-26 13:34:31,173.15082476950738,-27.048749273994652,173.17904506066122
2024-01-26 13:34:36,172.11561336695135,-26.2773513512558,170.52788895441958
2024-01-26 13:34:41,171.7902009139694,-23.991601007722878,172.87154004650395
2024-01-26 13:34:46,170.1608556754563,-24.735835752958874,174.76292061424024
2024-01-26 13:34:51,172.17907583427595,-25.98161211758549,177.26329439168265
2024-01-26 13:34:55,170.54917999287562,-27.661927982737023,178.40611665459306
2024-01-26 13:35:00,173.27309064772783,-29.53208484114508,179.55421182258323
2024-01-26 13:35:04,172.00082308005105,-32.29784392323343,180.0
2024-01-26 13:35:08,170.34109762020384,-30.997527689834847,180.0
2024-01-26 13:35:13,171.1298206111993,-30.701375113953713,179.72806751577684
2024-01-26 13:35:18,172.85026912142655,-27.811608044329965,180.0
2024-01-26 13:35:23,171.47766787049156,-28.161565159673632,179.23510047226569
2024-01-26 13:35:28,171.02136250010517,-26.683878084469942,177.35555985690428
2024-01-26 13:35:33,170.56804707662056,-25.041732371177655,175.24637651929683
2024-01-26 13:35:37,167.7164256816574,-27.968107109183016,173.29574764134344
2024-01-26 13:35:41,170.29242698838655,-30.055277035239452,175.59950441324827
2024-01-26 13:35:46,168.51236973463028,-30.34131959151386,174.26963125559035
2024-01-26 13:35:51,170.59684821705622,-28.324826039721536,171.75934709733875
2024-01-26 13:35:55,169.4965068696545,-30.988119217092947,174.7475581700891
2024-01-26 13:36:00,171.81049249784502,-33.97224974885083,172.82440991193837
2024-01-26 13:36:04,172.80785725819706,-32.989409066993716,174.99408784882723
2024-01-26 13:36:08,172.92633187610042,-35.94612078929701,177.1711177839561
2024-01-26 13:36:13,172.03964221688943,-38.16617170610184,178.33786609052765
2024-01-26 13:36:17,171.06172389125007,-40.026036916619844,180.0
2024-01-26 13:36:21,169.40547223632313,-42.89582838069005,178.05504461514877
2024-01-26 13:36:26,168.34544434985523,-43.15695163871304,177.66304077053698
2024-01-26 13:36:30,166.72518892795296,-43.64435953983033,176.62227492094914
2024-01-26 13:36:35,165.71044730069192,-45.30030394858067,174.61849845714931
2024-01-26 13:36:39,166.12244753309216,-42.8931800689101,177.5135290317801
2024-01-26 13:36:43,166.28788681940188,-41.33770011597957,174.59051290945067
2024-01-26 13:36:48,167.99767662591893,-42.63089647307663,173.28573347011852
2024-01-26 13:36:52,167.3630962524235,-41.966078324383865,170.64793399484293
2024-01-26 13:36:57,166.79518944799523,-42.81101523107652,167.85588617486167
2024-01-26 13:37:02,167.44233257553773,-45.685105968747656,169.73327290366632
2024-01-26 13:37:07,170.2615082119048,-48.51291419300741,171.9897667051819
2024-01-26 13:37:11,167.64615858977945,-47.38531510297264,170.95569835122313
2024-01-26 13:37:15,168.59755005627727,-45.02777381567356,172.26617861845756
2024-01-26 13:37:20,166.73206029665613,-45.07883375697713,172.78646530588912
2024-01-26 13:37:24,168.558017095398,-47.925547517201686,172.43318031376438
2024-01-26 13:37:29,170.74401745384836,-46.56268439306162,174.85927682681168
2024-01-26 13:37:33,168.33101565355338,-45.808192063723716,172.99657045219868
2024-01-26 13:37:37,167.9739027541019,-45.046079315696055,171.67190797095066
2024-01-26 13:37:41,169.06647944030902,-43.271754002571214,169.5976231145238
2024-01-26 13:37:46,167.09285042292788,-44.03802246944068,166.74895316696603
2024-01-26 13:37:50,169.788625553415,-46.64046623836896,169.51441564014024
2024-01-26 13:37:54,168.02663178930663,-48.18746698690553,169.35722329293645
2024-01-26 13:37:58,166.89885160758325,-46.194053642299096,170.84348709766894
2024-01-26 13:38:02,164.42964623577095,-46.660948234821554,169.3600214123877
2024-01-26 13:38:06,164.11050232679804,-45.05963852931247,171.62589724453483
2024-01-26 13:38:10,165.15588261111185,-44.35630320413056,174.46435864957664
2024-01-26 13:38:14,163.4265665005984,-41.39515071335209,173.6362609252488
2024-01-26 13:38:18,166.12214233152798,-43.693691844087766,170.66800254991713
2024-01-26 13:38:23,168.7864985437226,-44.881677661140245,170.45706184435784
2024-01-26 13:38:28,167.5732879105917,-46.04304549441551,167.8900737112656
2024-01-26 13:38:33,168.16302475882912,-45.58361005709926,170.7519985787493
2024-01-26 13:38:37,167.43656264302268,-46.53664446146888,172.6410648455606
2024-01-26 13:38:41,169.28643248648103,-48.789032304857734,174.00466208742284
2024-01-26 13:38:46,168.72639033418682,-50.510395931993806,172.43493698414957
2024-01-26 13:38:51,165.81804383929784,-53.003168339336476,173.8269032910221
2024-01-26 13:38:56,165.75457519386748,-51.63943038996171,175.90165252446448
2024-01-26 13:39:00,167.15232552573272,-51.75870825834574,177.76191486356163
2024-01-26 13:39:04,164.80712782493833,-51.84087543005308,178.23303365539408
2024-01-26 13:39:08,167.41338249051068,-54.23538888752965,175.43724407851548
2024-01-26 13:39:12,166.95641253786346,-52.23545012819297,177.53041708291363
2024-01-26 13:39:16,168.96126802747494,-50.925997457207934,176.1055611314897
2024-01-26 13:39:21,168.24232367679156,-53.457607050863444,174.96997373074922
2024-01-26 13:39:26,165.72177234564887,-55.23285596850763,174.4060179315005
2024-01-26 13:39:30,163.86874595790079,-56.623336680547915,175.53829754175322
2024-01-26 13:39:34,163.44634806031036,-53.893619837581,172.7060205625503
2024-01-26 13:39:39,163.87043113746608,-51.27656186131183,174.59640008519733
2024-01-26 13:39:44,163.24132671902035,-48.382595053492345,175.61855241924712
2024-01-26 13:39:48,161.77413663252702,-51.347974551943686,173.11338153200907
2024-01-26 13:39:53,161.76439594319146,-53.135759028640095,172.86566979450853
2024-01-26 13:39:58,160.25795743513362,-52.44330506420518,173.98235634985286
2024-01-26 13:40:03,161.68558198733902,-50.362183362281876,174.53805103820372
2024-01-26 13:40:07,161.8910684758392,-50.81720298117497,175.78071195988068
2024-01-26 13:40:12,163.53809279994132,-50.62296169641222,174.18248263165566
2024-01-26 13:40:17,162.76842719651899,-49.712004621167864,171.36752755811585
2024-01-26 13:40:21,165.12470040153718,-47.017206051726184,171.17044926776757
2024-01-26 13:40:25,165.0747004455595,-44.95167750198342,169.06788345445855
2024-01-26 13:40:29,166.8570648463415,-42.9706402707302,167.14738814080172
2024-01-26 13:40:34,164.78101747547475,-42.044641364881784,169.87134041587026
2024-01-26 13:40:39,164.5206669087642,-43.947972868613896,171.9863093777997
2024-01-26 13:40:43,165.9902766262861,-45.100222268146595,174.3973362909782
2024-01-26 13:40:47,165.1054246462858,-44.25040496577559,171.55038807575167
2024-01-26 13:40:52,166.2849965382868,-41.50324697416144,171.14937399709981
2024-01-26 13:40:56,164.031724351616,-40.0210682231599,168.65512561076133
2024-01-26 13:41:01,165.8446629165857,-41.68566851372417,170.15289397154464
2024-01-26 13:41:06,166.21701954940644,-40.80579154242357,167.4060184119259
2024-01-26 13:41:11,163.66035585603612,-40.262550773912196,169.14355465394047
2024-01-26 13:41:15,160.6777678450615,-41.40065576727605,171.50184361806365
2024-01-26 13:41:19,160.46763807789273,-39.18666301699756,174.2084413584046
2024-01-26 13:41:23,157.69554993260752,-37.353308183254576,172.29662503542224
2024-01-26 13:41:27,155.04346003360493,-34.83211722494424,175.18139399268404
2024-01-26 13:41:32,155.55628290087276,-33.72066044905818,174.5525913355352
2024-01-26 13:41:37,153.61084545169982,-30.85216268064469,175.54932539650284
2024-01-26 13:41:42,155.10211173611575,-30.971102913805133,176.9395442294292
2024-01-26 13:41:47,156.1398572232768,-31.638856117442092,175.82694241824854
2024-01-26 13:41:52,153.5168720604456,-33.63124002375441,173.7911395793924
2024-01-26 13:41:57,152.15674565252024,-34.43582026442945,176.00491395400277
2024-01-26 13:42:01,152.3453512397741,-33.424539898000745,178.20354485098082
2024-01-26 13:42:06,149.59418964716843,-31.68566083291826,179.3875615818913
2024-01-26 13:42:11,148.33357926699443,-31.038634109097092,179.47026211239978
2024-01-26 13:42:15,147.59594352463134,-31.72468598761617,180.0
2024-01-26 13:42:20,147.6260255016474,-28.901657682946585,180.0
2024-01-26 13:42:24,149.27972625602422,-30.02550165562559,180.0
2024-01-26 13:42:29,151.59951561157223,-30.419019030610386,177.4551202633606
2024-01-26 13:42:34,152.27356283685947,-30.20949215767558,176.0016516417699
2024-01-26 13:42:39,154.5999567785973,-33.06008526337595,176.42617242159844
2024-01-26 13:42:44,157.5046800934814,-31.61724114902581,173.79474255091495
2024-01-26 13:42:48,159.390264821023,-31.130440304331987,172.78210660136244
2024-01-26 13:42:52,157.4029228949539,-29.496135667050694,172.96902004381772
2024-01-26 13:42:56,158.42007153859487,-27.99081028340126,172.86292119407076
2024-01-26 13:43:01,160.66759530532786,-28.52763771886967,171.00056871973246
2024-01-26 13:43:06,159.6623526312332,-28.698786873969066,171.79660901094448
2024-01-26 13:43:10,156.83568272778163,-26.674620937494193,170.916099143577
2024-01-26 13:43:15,155.35071703930737,-24.69066448275555,169.91579137658525
2024-01-26 13:43:19,156.97645779303483,-25.002997876218906,172.1552845472381
2024-01-26 13:43:23,159.90115339853162,-25.04547477537655,172.31579119724827
2024-01-26 13:43:28,159.31261456623045,-26.280586510944048,172.90145925932023
2024-01-26 13:43:32,157.50772027357914,-23.55307350953688,175.09971613353986
2024-01-26 13:43:37,159.00167604070612,-24.683960270624734,172.90771401193822
2024-01-26 13:43:41,156.68190315821508,-22.368749649996985,175.81889804255374
2024-01-26 13:43:46,157.5743336198828,-24.10792041618097,175.4093244808025
2024-01-26 13:43:51,155.84063720246573,-22.08189004389508,176.47379931388153
2024-01-26 13:43:56,155.9177364059005,-22.747475287071932,178.0079542518792
2024-01-26 13:44:01,154.25719832954852,-22.67891572393842,176.40183469657046
2024-01-26 13:44:05,156.26655620930174,-25.66234992359702,177.3605547017483
2024-01-26 13:44:10,156.03081231241586,-24.89569427837476,179.71859824254219
2024-01-26 13:44:15,153.65283642304854,-22.67155939624267,180.0
2024-01-26 13:44:19,154.4455185024088,-21.985350280326784,180.0
2024-01-26 13:44:23,151.9255674470544,-19.489849543639828,180.0
2024-01-26 13:44:28,150.74842853630815,-22.137595214937978,180.0
2024-01-26 13:44:33,148.50027313158125,-19.782996089456862,180.0
2024-01-26 13:44:38,149.89726753653719,-20.72665578813233,179.14033973003993
2024-01-26 13:44:42,149.56213483923773,-23.139516680651738,177.92624863306216
2024-01-26 13:44:46,149.64266607057965,-20.79331423093434,176.1996959753038
2024-01-26 13:44:51,148.4017052935571,-23.112530183285973,177.14071774000308
2024-01-26 13:44:55,147.15635328645914,-22.938118190945396,177.8700722624276
2024-01-26 13:44:59,147.67139148278233,-25.731366092236392,176.2602900949956
2024-01-26 13:45:04,146.43380041146776,-25.764717879275068,175.8111354868921
2024-01-26 13:45:08,144.7582134492493,-25.455383380789122,177.8050490713809
2024-01-26 13:45:12,143.32160236552855,-27.974632036367737,179.94773376825373
2024-01-26 13:45:17,140.446776762355,-26.752179856904327,180.0
2024-01-26 13:45:22,142.70629267086522,-29.211589002527116,180.0
2024-01-26 13:45:27,140.86533235855234,-31.79873779928741,180.0
2024-01-26 13:45:31,138.57350337219947,-30.57315000656762,179.38477678840425
2024-01-26 13:45:36,137.7741943086767,-32.72027503924117,180.0
2024-01-26 13:45:41,136.7738060386179,-34.16252640420777,177.43746659045226
2024-01-26 13:45:45,134.47774987887277,-33.63056754517101,177.2599241179427
2024-01-26 13:45:49,136.29962148960877,-31.87843335783063,179.11740024993006
2024-01-26 13:45:53,134.88737228460388,-30.501327158392723,178.94245372438863
2024-01-26 13:45:57,136.5339938694351,-32.14131502794119,180.0
2024-01-26 13:46:01,139.0345123205346,-30.16284272671689,180.0
2024-01-26 13:46:06,138.1142314740229,-32.98024514270406,177.47826250090503
2024-01-26 13:46:10,135.16672870724793,-32.79230958157082,177.56235135848465
2024-01-26 13:46:14,132.66359081404434,-34.03837876120934,176.31414424327326
2024-01-26 13:46:18,130.340065226709,-31.79417187391819,176.53256018270133
2024-01-26 13:46:22,132.90953765374775,-31.639384073583347,176.20153657250282
2024-01-26 13:46:27,131.5586863279764,-31.762725186540873,177.81046638308203
2024-01-26 13:46:31,130.9486029254473,-29.41345240580705,177.40192518228497
2024-01-26 13:46:35,129.4807619685041,-32.37490879713657,177.28191722197147
2024-01-26 13:46:39,132.12311064436088,-30.977899610361128,177.50344673564953
2024-01-26 13:46:44,130.9470339696957,-28.32090269428279,178.65000465778877
2024-01-26 13:46:49,131.71698198329253,-30.289470799306756,176.62203309049252
2024-01-26 13:46:53,133.40067953876218,-28.686146422241155,177.80065390620584
2024-01-26 13:46:57,132.95236735516656,-31.309794409879995,180.0
2024-01-26 13:47:02,134.66141068004518,-31.626039683394488,180.0
2024-01-26 13:47:07,131.75880665061175,-30.512983938871457,180.0
2024-01-26 13:47:12,129.6132190424178,-30.18660334294869,180.0
2024-01-26 13:47:17,132.12298215221776,-27.87330216660655,179.30474621409633
2024-01-26 13:47:22,132.82654340560902,-27.543463059802534,176.3880777675869
2024-01-26 13:47:27,132.7967024927507,-25.546260729166658,176.49769936915115
2024-01-26 13:47:32,133.281231442647,-25.196588608885357,175.93465334916093
2024-01-26 13:47:36,135.52477448151654,-26.45140159380571,177.6902115347037
2024-01-26 13:47:41,135.8880450625003,-28.695264266550517,178.97950466645378
2024-01-26 13:47:46,135.78546452975448,-26.89708581138172,177.6664256019493
2024-01-26 13:47:51,133.0005371249745,-25.38606100626673,179.57592645656888
2024-01-26 13:47:56,131.2953823554335,-23.997751297453057,180.0
2024-01-26 13:48:00,129.9555217040916,-21.19364405582781,180.0
2024-01-26 13:48:04,129.25065976325573,-23.020816953849987,179.88468195959047
2024-01-26 13:48:08,131.97346316163987,-25.978649600318285,177.67028306189806
2024-01-26 13:48:12,130.45449369368302,-25.53085567135455,179.66052904286977
2024-01-26 13:48:17,127.96670856759053,-27.810131510114868,179.0229599875573
2024-01-26 13:48:22,129.78595776561514,-25.170108795540727,180.0
2024-01-26 13:48:26,129.98941103572864,-27.98955590511065,177.89878935453893
2024-01-26 13:48:30,131.22228581215697,-29.47770649120321,176.88398362459557
2024-01-26 13:48:34,133.12880524307218,-28.63836881230374,176.43974928825898
2024-01-26 13:48:39,131.6044918909002,-30.965871733619714,179.08431219125288
2024-01-26 13:48:43,131.38767996687082,-32.376622475132805,179.2495286610402
2024-01-26 13:48:47,130.17259765518,-30.02433964287868,177.46595295819236
2024-01-26 13:48:51,131.7726691601885,-28.153320856628163,177.1952832537298
2024-01-26 13:48:55,132.36040008768975,-27.641757759037183,179.34262284033233
2024-01-26 13:48:59,129.7601542707536,-25.819081038317083,176.68060266953387
2024-01-26 13:49:04,127.55286236601754,-26.812050997263828,178.35075032363403
2024-01-26 13:49:09,129.95834802893253,-25.01549299243928,177.48436714312672
2024-01-26 13:49:14,127.49698457974404,-22.22163723887644,175.29212522400903
2024-01-26 13:49:18,128.2697665121878,-24.493243622000662,172.63793063172147
2024-01-26 13:49:23,127.14407950895364,-25.255542988845328,173.57922803139917
2024-01-26 13:49:28,124.5984791750545,-23.231277535182986,173.62358383787037
2024-01-26 13:49:33,126.30604834624808,-20.43809913399412,174.86252560765902
2024-01-26 13:49:37,126.99328270811122,-21.74838605143645,177.60406496525619
2024-01-26 13:49:42,126.76084725688688,-24.28127088206423,180.0
2024-01-26 13:49:46,125.42956202960141,-24.454655891830434,180.0
2024-01-26 13:49:51,125.29397814327837,-24.474637754584226,180.0
2024-01-26 13:49:56,128.21315557559095,-24.89061862167666,180.0
2024-01-26 13:50:01,127.88323392462289,-22.86098233872341,179.0978603372508
2024-01-26 13:50:05,130.23216582580287,-20.252928621093837,179.6379947421974
2024-01-26 13:50:10,130.96828452213316,-20.829163444503685,177.05002362822992
2024-01-26 13:50:15,130.54655244782737,-22.961583779578078,177.1651481130221
2024-01-26 13:50:20,129.64083129420447,-23.9083727925278,178.18761717930013
2024-01-26 13:50:24,131.59504778413788,-22.225548846215602,178.12528530319318
2024-01-26 13:50:28,131.21774566191687,-20.7153184130621,177.9774340769371
2024-01-26 13:50:33,132.36228898717738,-21.718280899937263,179.82155525916568
2024-01-26 13:50:37,131.94920470892708,-24.454564766453398,179.7278440313142
2024-01-26 13:50:41,130.9917617942542,-24.12766603462005,178.10628766767775
2024-01-26 13:50:46,131.14918033975107,-23.188128852593852,180.0
2024-01-26 13:50:50,132.1295035525823,-21.181228401824058,180.0
2024-01-26 13:50:55,129.83150741449464,-23.517697963938705,178.17680142642504
2024-01-26 13:50:59,132.11431856468727,-23.25505692181545,176.96575321544336
2024-01-26 13:51:04,130.7439550845991,-21.149046459695754,176.0347525295397
2024-01-26 13:51:09,129.70614935641487,-20.469968817328557,174.13469553529538
2024-01-26 13:51:14,128.9486191910544,-18.274560900228973,174.90653246319272
2024-01-26 13:51:18,126.07766673153958,-19.411691896792455,175.66348036012465
2024-01-26 13:51:23,126.16743954789425,-19.29418032940071,172.77352425473228
2024-01-26 13:51:28,124.73764954576819,-22.195732105834793,171.659356263251
2024-01-26 13:51:33,122.34340440776236,-19.355203151233614,171.45380312219504
2024-01-26 13:51:37,124.21580921826458,-16.401057135604606,169.3588007465778
2024-01-26 13:51:41,123.68596245613918,-18.763874200752348,167.91202722155435
2024-01-26 13:51:46,125.42663667933584,-18.623564086090894,167.20219579848379
2024-01-26 13:51:50,126.13400720548682,-20.402045259413967,168.7142022361321
2024-01-26 13:51:55,127.13964627240631,-20.011758460980715,165.84285262958295
2024-01-26 13:51:59,128.4748983775391,-21.49526542445737,167.30246908615638
2024-01-26 13:52:03,131.11337154595572,-21.039212494020195,169.41011390858873
2024-01-26 13:52:07,129.0276653617073,-22.311958526465997,167.8077971979821
2024-01-26 13:52:11,127.74656770816475,-19.617422542966693,167.57695056709647
2024-01-26 13:52:16,126.2371506987046,-20.51056839298361,169.28369613752687
2024-01-26 13:52:21,127.08606167965533,-17.935285035514706,171.45243249227727
2024-01-26 13:52:25,125.08889825163277,-16.39288143056261,174.42881476862598
2024-01-26 13:52:30,127.11800497696717,-19.3406623991184,174.16658424035137
2024-01-26 13:52:35,127.89845606275011,-22.31311441901062,175.38061595807386
2024-01-26 13:52:40,127.70397062983915,-21.897662978667668,174.2810434137452
2024-01-26 13:52:45,126.50133542204924,-19.522067440046293,171.86068587100007
2024-01-26 13:52:49,129.09777126179088,-16.849641742380363,173.68369611168401
2024-01-26 13:52:54,127.60347863121333,-18.30279455910047,172.23396352938516
2024-01-26 13:52:59,126.85291063213671,-19.29152715852968,173.65662883165623
2024-01-26 13:53:03,128.7159508182199,-18.890185045920543,175.34447407060978
2024-01-26 13:53:07,128.24250768130526,-21.512477004101996,175.98322740280776
2024-01-26 13:53:11,127.50159114093196,-20.122014536606173,178.50174986430616
2024-01-26 13:53:16,125.8256546013553,-19.19715613502451,178.0010610927672
2024-01-26 13:53:21,125.28831638088622,-16.657126254337463,176.76889763690775
2024-01-26 13:53:25,122.77398040004269,-18.926706737415074,175.32042789407876
2024-01-26 13:53:30,124.19760698837341,-18.92728363573647,177.17782323820717
2024-01-26 13:53:35,127.1965146219595,-19.678952671502227,177.55154800666048
2024-01-26 13:53:40,128.70226431977596,-21.776266471724053,174.88487276787902
2024-01-26 13:53:44,130.7046261109976,-23.545817791100788,176.729258395688
2024-01-26 13:53:48,128.99153664354685,-25.47696784902834,173.94317716054005
2024-01-26 13:53:52,126.2546431817427,-27.667226194567824,175.5206036862166
2024-01-26 13:53:57,126.54331901400599,-27.731467516842688,173.49220337239413
2024-01-26 13:54:02,127.09362287142474,-29.04074035473034,173.8936539479682
2024-01-26 13:54:07,126.8114833297299,-27.28793886491779,171.07759490120674
2024-01-26 13:54:12,126.82791530157783,-26.87851548521645,170.28081242085108
2024-01-26 13:54:17,125.99277507358255,-24.104179589312842,171.80202639937815
2024-01-26 13:54:21,125.31806027197425,-27.01442071933269,170.08235793373146
2024-01-26 13:54:26,127.21526884850832,-25.318400224218085,167.50212343012933
2024-01-26 13:54:30,128.4590738218218,-25.31032348077989,165.57143120784167
2024-01-26 13:54:34,125.86932367578015,-26.473545317790744,164.9695970748657
2024-01-26 13:54:38,127.93267955549095,-28.606440129977226,164.71721001407522
2024-01-26 13:54:43,125.07411040516115,-31.511025096289867,161.72926168667132
2024-01-26 13:54:47,125.05077412246808,-33.34310272984016,158.87195033952332
2024-01-26 13:54:51,125.3571947205904,-35.3131209308221,160.6255333193895
2024-01-26 13:54:56,127.80996297663663,-37.27242151886857,163.05660240759704
2024-01-26 13:55:01,129.8828785486093,-39.22957724380485,163.6126446489284
2024-01-26 13:55:05,126.92329340831586,-38.98573449826668,164.65804637591145
2024-01-26 13:55:09,129.60903461091115,-41.85498299384438,162.54315502800435
2024-01-26 13:55:13,130.34820339933967,-40.20980599268858,159.67256536982217
2024-01-26 13:55:17,130.89279037427153,-39.46057739252967,162.27222810435535
2024-01-26 13:55:21,132.29226478472708,-42.18329030248559,165.0892969069319
2024-01-26 13:55:26,129.556575595911,-40.778105966687654,167.973595665917
2024-01-26 13:55:30,130.74342227088806,-43.69663374536169,168.63498320952615
2024-01-26 13:55:34,129.89615054730908,-44.150261428441326,169.7353115244083
2024-01-26 13:55:38,130.27266329168947,-44.17931236930458,166.95554559342878
2024-01-26 13:55:43,130.3887143446118,-45.989721997886605,164.2163741036939
2024-01-26 13:55:47,130.13142411563297,-44.50837189442495,165.86128230029078
2024-01-26 13:55:51,129.47272438629776,-42.23701479176388,166.37417650683997
2024-01-26 13:55:56,128.22185644777826,-44.57248226845825,168.05844117052064
2024-01-26 13:56:00,130.31397696428593,-44.17684978479429,169.22125491876918
2024-01-26 13:56:04,131.08743439856346,-43.375308630104136,166.86374893152595
2024-01-26 13:56:09,133.96356428636395,-41.27125259080856,166.8369663026099
2024-01-26 13:56:14,132.74992058266707,-39.398312969990954,164.79693373190497
2024-01-26 13:56:18,134.1655725458664,-38.97690981122245,165.99817804069707
2024-01-26 13:56:23,135.2024360226911,-39.09107517083429,166.52186096982885
2024-01-26 13:56:28,134.1918609321468,-38.9751536911843,169.36920503688268
2024-01-26 13:56:33,135.67212663303323,-41.19978606237407,171.80122794011092
2024-01-26 13:56:37,133.16697659649628,-40.700260707682446,171.06971528757998
2024-01-26 13:56:41,134.93540221993092,-43.45068254872336,169.33568579312634
2024-01-26 13:56:46,134.140401733283,-45.415110166886635,167.08322731058246
2024-01-26 13:56:51,134.30273960581684,-44.55306632046872,169.58835180910393
2024-01-26 13:56:56,134.57955015312876,-42.957056392387564,172.36643784065504
2024-01-26 13:57:01,133.13305330344278,-42.77050339180176,174.41407681461033
2024-01-26 13:57:06,131.73116120246974,-44.070216011853056,174.97073103576724
2024-01-26 13:57:11,130.64599856128135,-41.499012190537904,177.82248042811892
2024-01-26 13:57:15,128.7005031068373,-39.1026804862894,178.01641145790543
2024-01-26 13:57:20,129.55916375172524,-37.987612561995086,177.45073633683552
2024-01-26 13:57:24,128.93124459938377,-35.19322196675169,178.358800499304
2024-01-26 13:57:29,126.07838405532632,-32.24178460802888,178.21895048658845
2024-01-26 13:57:34,125.063284314013,-32.864246477183585,178.72879010354686
2024-01-26 13:57:38,123.41439527073418,-33.74963606632037,180.0
2024-01-26 13:57:42,124.41025877711901,-34.39925266018024,180.0
2024-01-26 13:57:46,122.57148497330618,-34.352664100093456,180.0
2024-01-26 13:57:51,124.98430549079598,-33.36673434536534,180.0
2024-01-26 13:57:55,122.93541217737977,-31.083990934380402,178.7090031477193
2024-01-26 13:57:59,123.06091504405858,-28.830966645371497,177.3539236386766
2024-01-26 13:58:03,120.76562206109018,-31.69673267943311,178.0170826222973
2024-01-26 13:58:07,118.5892422195952,-33.67596399141094,180.0
2024-01-26 13:58:12,121.52046497798284,-32.575500752848875,180.0
2024-01-26 13:58:17,124.01544523866278,-29.84941558555337,179.12698606356608
2024-01-26 13:58:22,124.5533823093583,-31.296250268506785,177.83888713141397
2024-01-26 13:58:26,122.76133631227128,-29.592814586536374,176.43177044376085
2024-01-26 13:58:31,120.66769039123494,-31.586530787377995,174.52555781997293
2024-01-26 13:58:35,122.12938702157146,-29.79811604450152,174.7153506026413
2024-01-26 13:58:40,120.84561175414207,-27.667371501047235,172.88671747512478
2024-01-26 13:58:45,122.28492256720958,-24.993407266875202,172.33344752403596
2024-01-26 13:58:50,123.81589056939877,-22.498281357192383,173.03875067418792
2024-01-26 13:58:54,123.9020946834536,-20.000075000852682,174.11595086347333
2024-01-26 13:58:58,124.61247494735758,-20.233933538558066,173.1639478953924
2024-01-26 13:59:03,127.4977098402776,-22.24438951968254,174.32813670271312
2024-01-26 13:59:08,125.52752716564501,-22.61325717297987,175.91395631035402
2024-01-26 13:59:13,123.89320114674324,-19.76183915205204,174.11742840491354
2024-01-26 13:59:18,126.4028723863851,-19.182066456288602,176.68447896489846
2024-01-26 13:59:22,126.7118162826649,-18.099398586175674,174.1842763046523
2024-01-26 13:59:26,126.98904369571989,-17.634886352846394,173.17658805885642
2024-01-26 13:59:30,129.46889394765216,-18.04919180979457,174.2881735274445
2024-01-26 13:59:35,132.3005163416524,-16.95227438616066,175.01679526317875
2024-01-26 13:59:39,130.0522768957366,-16.702389082127333,175.75334844893604
2024-01-26 13:59:43,128.9731833014693,-17.575739589982845,178.00122626335153
2024-01-26 13:59:48,126.1139363217948,-19.00581799100377,178.0250233433872
2024-01-26 13:59:52,127.62829978789765,-21.247887560408707,178.85152209512364
2024-01-26 13:59:56,128.46237729591928,-23.0274453434926,176.53919988918963
2024-01-26 14:00:01,128.6270154725937,-23.608992240895034,176.87922803113784
2024-01-26 14:00:05,127.77220817640782,-22.173079831187856,174.68356626944703
2024-01-26 14:00:09,126.0174970486234,-19.298699468001747,173.1247218850342
2024-01-26 14:00:13,127.81799747870122,-22.14780069149063,175.37632760668345
2024-01-26 14:00:17,129.50233834010973,-22.81441651907821,174.77191593341132
2024-01-26 14:00:22,126.67393196743186,-23.809316612014744,176.54198401928704
2024-01-26 14:00:27,124.33409452380437,-26.038800059197637,176.92569884601846
2024-01-26 14:00:31,123.2050240081334,-26.489072751342178,177.3511191876958
2024-01-26 14:00:35,124.4873522896859,-28.276316811354366,180.0
2024-01-26 14:00:39,123.74321040199885,-26.61047630129127,180.0
2024-01-26 14:00:44,122.4034773695874,-26.566328387839093,180.0
2024-01-26 14:00:49,122.46474127160404,-28.291862479092785,178.60202107402316
2024-01-26 14:00:54,121.79543084614146,-29.761753683423407,179.2732622209195
2024-01-26 14:00:58,121.91572432222476,-31.85481957721264,180.0
2024-01-26 14:01:03,124.41184684852925,-29.438166901790446,177.14071160363116
2024-01-26 14:01:08,121.77686797372324,-29.30040583746005,175.1424723086216
2024-01-26 14:01:13,119.44878285554262,-28.86891327805009,175.12023826677648
2024-01-26 14:01:17,117.33470801544289,-31.847864435044187,174.1689514730094
2024-01-26 14:01:21,119.01527858315545,-32.786031813011064,172.97569785244806
2024-01-26 14:01:26,120.00806834677404,-30.666033361707026,173.12329300509634
2024-01-26 14:01:30,118.15767101120636,-29.537973007623947,172.6746619210013
2024-01-26 14:01:34,118.64928548920729,-30.753936604690715,171.08609676900141
2024-01-26 14:01:39,119.10397164014562,-29.18323530118388,171.06643626058707
2024-01-26 14:01:44,116.15859468940064,-29.577536056252985,170.5650279230157
2024-01-26 14:01:48,115.11056469197027,-31.404717435334476,168.2173694294665
2024-01-26 14:01:52,116.2036959604288,-28.61510138262317,165.98601779612656
2024-01-26 14:01:56,115.20113926321264,-31.430399457106923,164.5802020905675
2024-01-26 14:02:01,117.0394420140512,-31.92103135069435,166.76527838513664
2024-01-26 14:02:06,119.95366245776295,-29.115288827254243,169.45499180339294
2024-01-26 14:02:10,122.65825027274727,-26.236505688231922,171.6884102279121
2024-01-26 14:02:14,121.6660058823307,-23.366149460789075,173.1991148491911
2024-01-26 14:02:19,120.95318893488499,-24.41176394202007,175.53358203264025
2024-01-26 14:02:23,120.77513444217846,-22.77461073707063,177.1164640941189
2024-01-26 14:02:28,121.37116497442871,-20.78887563973389,176.38927332514714
2024-01-26 14:02:32,121.78991814176038,-22.486297505943597,178.4578918704198
2024-01-26 14:02:36,122.25880401900145,-22.11211043486883,178.32666036933907
2024-01-26 14:02:41,122.061536492561,-22.308755214487288,176.88117913320696
2024-01-26 14:02:46,124.14483900969894,-22.64352708941815,177.8058550276566
2024-01-26 14:02:51,122.17652304080828,-24.257284253839206,178.49903245340002
2024-01-26 14:02:55,122.40349292470468,-24.526193416140686,179.0878827711397
2024-01-26 14:02:59,122.2201125073328,-26.890639865972123,177.42828513849688
2024-01-26 14:03:03,121.08554201640227,-26.055201398996214,180.0
2024-01-26 14:03:07,123.78090519003811,-28.10714956250136,180.0
2024-01-26 14:03:12,123.94400888235444,-27.949014215938018,180.0
2024-01-26 14:03:17,125.42101560171213,-29.81293537600377,180.0
2024-01-26 14:03:21,127.49966733437452,-30.24490264244639,179.78299078681937
2024-01-26 14:03:26,127.60765028244393,-30.103105623314466,176.92866542013232
2024-01-26 14:03:31,127.46426185982048,-28.90279504082775,175.21562945607187
2024-01-26 14:03:35,124.62597656178674,-28.091683859291663,174.95309678577976
2024-01-26 14:03:40,123.59164785822907,-26.83596692161994,177.93147490178814
2024-01-26 14:03:45,123.36058148290746,-23.940825946678967,176.98064467669147
2024-01-26 14:03:49,122.2701317010522,-24.33586803443504,177.94876071283127
2024-01-26 14:03:53,121.67583204548832,-23.228658974643878,176.39137838896704
2024-01-26 14:03:57,119.38684601297743,-25.455392956668042,177.53105818257546
2024-01-26 14:04:01,120.78988966643003,-24.991380947648953,175.14180185090333
2024-01-26 14:04:05,121.62459568360583,-23.3892698223005,175.67833002884612
2024-01-26 14:04:09,124.33376681945343,-21.961868297059414,175.14200433914448
2024-01-26 14:04:13,126.2421307591205,-21.916869567890828,177.7116817150215
2024-01-26 14:04:17,126.36419383568372,-19.543835078935494,177.87757200329457
2024-01-26 14:04:21,128.72614049727414,-19.80993116643405,178.11781503683525
2024-01-26 14:04:26,126.72760529387847,-21.28702753703811,179.95930017737314
2024-01-26 14:04:31,126.03672323679777,-22.643552329857705,177.04634700432365
2024-01-26 14:04:36,126.02448832324305,-20.006373451751486,178.16675764235654
2024-01-26 14:04:41,124.93488949681546,-20.0965317243428,177.5752235428251
2024-01-26 14:04:45,125.81041212750745,-18.74373952086685,175.16913055245075
2024-01-26 14:04:49,125.89972263335329,-16.14764580920645,172.89979233832184
2024-01-26 14:04:53,127.78706195632628,-18.6613527696899,174.80746390112898
2024-01-26 14:04:58,129.0461691247207,-16.184897780078224,176.75547339108354
2024-01-26 14:05:03,131.96095112722827,-16.8208572760129,177.64469352818637
2024-01-26 14:05:07,131.93183431197585,-18.384123202813882,180.0
2024-01-26 14:05:12,132.31848175841128,-17.8038194614182,177.18503623763246
2024-01-26 14:05:17,132.64857402863856,-17.284097918590085,179.53976247932812
2024-01-26 14:05:22,130.409137189943,-16.354681174221845,179.86450445091577
2024-01-26 14:05:27,129.53364517329297,-16.035262991213745,180.0
2024-01-26 14:05:32,128.19361839563393,-18.501249442736803,180.0
2024-01-26 14:05:36,126.30941105761343,-20.504838948072447,178.59790015576127
2024-01-26 14:05:40,124.4241978637932,-20.59660857657972,177.54259307304943
2024-01-26 14:05:45,121.61957797158563,-21.718558188766508,178.24440602663594
2024-01-26 14:05:49,123.82514219262617,-20.321407449852224,180.0
2024-01-26 14:05:54,123.99793894328319,-20.806386509897074,177.01575100522624
2024-01-26 14:05:59,123.95190941585896,-19.301028358950543,179.76503967675177
2024-01-26 14:06:03,123.32543906451754,-18.500305333096016,177.5621282763755
2024-01-26 14:06:07,120.4760884147971,-18.70039124074714,177.1208442116362
2024-01-26 14:06:12,117.82683534416911,-16.64479689539817,174.61683928886285
2024-01-26 14:06:16,115.85286631696698,-16.65226972570475,174.14871274227997
2024-01-26 14:06:21,114.51302454853491,-17.278187914437314,174.23321955888872
2024-01-26 14:06:26,113.13228565933939,-18.50749696623491,173.44905058364301
2024-01-26 14:06:30,115.39068004062787,-17.661728681844625,175.6724247472664
2024-01-26 14:06:34,115.34980760469742,-17.808364257858692,175.25693615530338
2024-01-26 14:06:38,113.99346037253945,-17.0763662648238,173.78939485673914
2024-01-26 14:06:43,113.586505791244,-19.548814101225673,172.3162372282161
2024-01-26 14:06:48,116.14829061849458,-20.96023299168199,170.5222675288229
2024-01-26 14:06:52,118.679146791728,-18.91299630503272,173.51405716441894
2024-01-26 14:06:56,118.14055405979902,-21.06335039000563,171.605418231496
2024-01-26 14:07:00,116.68928961096468,-22.436049342878132,173.3382437062966
2024-01-26 14:07:05,118.85685640769059,-22.782701264838384,173.07706883585197
2024-01-26 14:07:09,118.61167693518857,-22.43243514205337,170.43229688737554
2024-01-26 14:07:14,118.89050923915366,-24.376768932411768,169.77916780149602
2024-01-26 14:07:19,118.56137329176795,-26.60083524977649,171.5133695089509
2024-01-26 14:07:23,116.03011059950325,-25.97723301913032,171.0905670235561
2024-01-26 14:07:28,118.42371153541781,-26.993035185902208,168.95656153254447
2024-01-26 14:07:32,117.50919345561475,-24.44147356546785,170.86724077850943
2024-01-26 14:07:36,115.80821515358062,-27.310156346709526,172.70884572763364
2024-01-26 14:07:40,117.52074003913526,-24.55306202033279,171.06754450717486
2024-01-26 14:07:45,116.71412467203103,-25.05205007502642,172.15897833079626
2024-01-26 14:07:50,115.65584185461216,-24.62194784238552,173.97956590772242
2024-01-26 14:07:55,116.14668227607036,-22.98454518171942,171.34103059175314
2024-01-26 14:07:59,117.8019182361168,-23.903522873513396,173.11576460234767
2024-01-26 14:08:03,120.42034818239131,-24.06749300781174,170.4222902692512
2024-01-26 14:08:08,118.01491520218482,-26.509974711059265,171.8693687300818
2024-01-26 14:08:12,115.88049576280798,-26.375335486023804,170.4812868769076
2024-01-26 14:08:17,118.66666951690569,-25.22021956483367,170.98936132217548
2024-01-26 14:08:21,118.39410889789993,-24.779075323700724,170.86891773218176
2024-01-26 14:08:26,118.45941917790026,-23.827587715323343,167.88177618403745
2024-01-26 14:08:31,119.97882479058224,-26.314712283201093,170.86002533303048
2024-01-26 14:08:35,119.06325197692802,-27.443640933270572,168.4010639613073
2024-01-26 14:08:40,117.58805280795191,-26.67359687135984,168.96246801112545
2024-01-26 14:08:45,119.6504967705866,-28.673103370985533,166.49941450174575
2024-01-26 14:08:49,120.68735570840974,-30.63324907829446,164.26899569540703
2024-01-26 14:08:53,123.52165142701438,-30.52789188261075,163.73225776967072
2024-01-26 14:08:57,122.35481571534943,-32.6415365820096,165.18906030991866
2024-01-26 14:09:01,123.90027533835469,-30.03071354480091,167.7317538104519
2024-01-26 14:09:05,125.55268345086279,-29.21188986411238,169.0985918817402
2024-01-26 14:09:09,126.76110231442553,-29.858133510842435,170.66581253285528
2024-01-26 14:09:14,128.89820939994556,-27.238676857343204,171.6191472164851
2024-01-26 14:09:18,126.78614907295537,-29.84874702255402,168.9622973537346
2024-01-26 14:09:22,127.36178343911351,-28.061241918957425,166.09395761904076
2024-01-26 14:09:27,125.69656923275573,-25.096005754426166,163.24906252302787
2024-01-26 14:09:31,125.78109750230874,-23.104615787653316,165.22322815835176
2024-01-26 14:09:36,126.32750304512868,-25.361725098515173,166.68671673972995
2024-01-26 14:09:41,127.18523485731626,-24.217376118850154,169.13859423928028
2024-01-26 14:09:46,127.67151791449021,-23.13776717655574,171.91392919085357
2024-01-26 14:09:50,127.89590385443563,-25.47838896057869,169.72058729630777
2024-01-26 14:09:55,125.11915253128186,-26.48918494541452,167.568371317334
2024-01-26 14:09:59,125.23089756125293,-23.490183849215832,165.77372247588525
2024-01-26 14:10:04,126.26396325703416,-22.593678706695307,165.05168403922983
2024-01-26 14:10:09,127.62558969690801,-20.81227363719976,166.18867386259524
2024-01-26 14:10:13,129.51226893288901,-21.555591218704905,165.01973465683236
2024-01-26 14:10:17,129.6542487326046,-19.942208100751046,162.5435911388145
2024-01-26 14:10:21,127.09408631440596,-20.062352330304147,163.46022605817043
2024-01-26 14:10:26,127.41807911555972,-21.148923581963036,165.12752301942612
2024-01-26 14:10:30,126.31713098995169,-23.222420486913045,162.8257124997812
2024-01-26 14:10:34,126.64562652877771,-24.015677550694726,164.5731399469821
2024-01-26 14:10:38,125.36753954842155,-21.016597773453,163.50331040413218
2024-01-26 14:10:42,123.53479609713017,-21.943724636282106,163.25706538510744
2024-01-26 14:10:46,124.32537158124747,-24.77615394579605,161.68509618156756
2024-01-26 14:10:50,125.96704400304475,-22.67202704749113,161.5275739308441
2024-01-26 14:10:55,125.0865482392064,-23.86737375227613,163.6243873561887
2024-01-26 14:10:59,125.85200205661067,-21.430818794727763,164.14448455304742
2024-01-26 14:11:03,124.90310631191515,-22.068165901053977,161.81899904509112
2024-01-26 14:11:07,124.7626560955122,-19.396253650582487,163.91019246676726
2024-01-26 14:11:12,124.60355135892608,-19.997415096041138,164.58630840160956
2024-01-26 14:11:16,125.46413650013852,-18.976756399481992,164.7936657415121
2024-01-26 14:11:20,127.31250649605508,-19.24423539535939,162.98716652440459
2024-01-26 14:11:25,128.54299732205737,-21.442037017662795,161.34855659550348
2024-01-26 14:11:29,130.97227660124167,-22.436714643830943,159.50029896897473
2024-01-26 14:11:34,128.7267991540235,-20.14438194864435,162.42725730571468
2024-01-26 14:11:38,126.93917157057666,-17.69923860497981,162.55585902077397
2024-01-26 14:11:42,125.41367450926663,-15.079603923916977,160.95230619602862
2024-01-26 14:11:46,123.42499189036606,-17.247742506234314,158.89071643532384
2024-01-26 14:11:50,125.91275036257576,-16.493257412475074,157.08891592624016
2024-01-26 14:11:55,123.4976999683195,-17.208027895722072,159.63146546954454
2024-01-26 14:12:00,125.9072409110002,-19.612766586317857,159.509521145123
2024-01-26 14:12:04,124.98400783500972,-18.921131789603507,161.248023930857
2024-01-26 14:12:08,126.96589729073276,-19.433544793670443,161.4642117191623
2024-01-26 14:12:12,125.09669512570153,-19.006961442852848,158.99103650507976
2024-01-26 14:12:16,123.02300504451557,-21.579010905886438,156.5851013949844
2024-01-26 14:12:21,122.89094684046644,-22.51905242407214,157.38119606964437
2024-01-26 14:12:25,122.0724405984624,-24.16590087425411,158.17517059430762
2024-01-26 14:12:29,124.84149793140716,-24.7873587168713,157.58236170840934
2024-01-26 14:12:34,123.4844305405177,-24.503319614370497,157.15241710592952
2024-01-26 14:12:38,120.95728133448605,-24.587422111217776,158.69980605038592
2024-01-26 14:12:42,119.63089912322582,-26.088037426089574,155.8761602324175
2024-01-26 14:12:46,122.59966220814903,-26.76594834271897,157.37376597748104
2024-01-26 14:12:51,124.4508188851271,-28.197632991709746,155.6200560419072
2024-01-26 14:12:55,123.93171422255779,-25.48477937433533,158.096334739056
2024-01-26 14:13:00,125.36692494647997,-27.780874231689637,160.69143542765644
2024-01-26 14:13:04,122.64611722046101,-26.63497002642471,158.74302862434445
2024-01-26 14:13:09,125.0500537929777,-28.928131519512643,157.07034654145548
2024-01-26 14:13:14,126.16731694617457,-26.4516716655235,155.93459387262465
2024-01-26 14:13:19,124.86491684227109,-25.549630473215284,156.84999804498773
2024-01-26 14:13:24,123.06117173442154,-24.071390858228437,157.20441787026832
2024-01-26 14:13:28,124.96905313209665,-26.33753137761179,156.67763460636615
2024-01-26 14:13:32,126.81644085037581,-23.808866315578882,154.8753897068806
2024-01-26 14:13:37,125.36125492352082,-23.664082955754917,155.1112392319163
2024-01-26 14:13:41,124.00547917419753,-21.811917659861336,152.5094284874307
2024-01-26 14:13:46,122.91436969775671,-19.068855874752927,152.8640683274965
2024-01-26 14:13:50,122.23731085617696,-20.95421835927065,152.9707385544423
2024-01-26 14:13:55,120.46902474616901,-18.202475663287796,151.8935424455536
2024-01-26 14:13:59,121.91115335776861,-16.1967227156087,151.21528425971445
2024-01-26 14:14:03,120.24082475980607,-16.27093264769705,152.58007316578195
2024-01-26 14:14:07,120.4713614633911,-16.842530861823207,150.39480107100033
2024-01-26 14:14:11,119.81788678874818,-14.24050696582151,150.67181735010877
2024-01-26 14:14:15,116.92343041211623,-14.620847129527059,150.99052505788885
2024-01-26 14:14:19,119.14780331074209,-14.478414342317087,152.80245052101748
2024-01-26 14:14:23,116.9605543038906,-12.600652932976779,153.49036227844346
2024-01-26 14:14:27,115.7357184485245,-12.279469628748618,151.48553478283912
2024-01-26 14:14:31,118.25242098259274,-9.945568391026972,148.96888517299564
2024-01-26 14:14:36,120.04280509530828,-9.555508794999495,150.34850809927167
2024-01-26 14:14:40,119.69651248021422,-11.959260300398356,151.7766779736425
2024-01-26 14:14:44,117.05789470704407,-12.713811176969916,149.21743685217177
2024-01-26 14:14:48,119.11902642158552,-10.16246251493688,148.16210042376602
2024-01-26 14:14:53,119.87320001293584,-8.785184459712298,148.31429865226923
2024-01-26 14:14:57,122.32711970695979,-8.431666951259217,150.79257673670492
2024-01-26 14:15:02,121.18545403141749,-11.382324730140539,152.4492518326059
2024-01-26 14:15:06,119.88132143109453,-9.412385311371912,153.13891082297127
2024-01-26 14:15:10,117.66217582880108,-7.134528370888653,155.09627287980882
2024-01-26 14:15:15,117.32208721996001,-9.588135047660545,154.8409884071147
2024-01-26 14:15:20,116.218037470611,-9.64903878226599,155.32749882544758
2024-01-26 14:15:25,115.95793018202404,-10.199154923545997,153.7397224753116
2024-01-26 14:15:30,115.1182770429075,-10.270566051435,153.48945014239808
2024-01-26 14:15:35,112.96177006598688,-12.359263533789274,155.2777659133014
2024-01-26 14:15:40,115.61810531206211,-13.365336637374298,153.32425430800626
2024-01-26 14:15:44,113.6043080954,-10.409549707609465,151.5031296577251
2024-01-26 14:15:49,113.69085929487022,-10.22819696759575,153.05767798640758
2024-01-26 14:15:53,112.7214720471181,-11.577505745398724,152.62503395295587
2024-01-26 14:15:57,110.6234484637304,-14.513943946379156,152.17998837993062
2024-01-26 14:16:01,112.34640190829556,-14.751459365596531,150.54871358327293
2024-01-26 14:16:06,112.23059399968285,-16.946001397320344,150.07799922224564
2024-01-26 14:16:11,111.40672037713645,-18.55744871998051,152.55175430752405
2024-01-26 14:16:16,108.80550727786654,-21.50312122247077,149.86551139012633
2024-01-26 14:16:20,107.79807162065251,-18.670971490367634,150.6080204959312
2024-01-26 14:16:25,105.49336073816744,-20.179631937744333,148.8064847394184
2024-01-26 14:16:30,104.67342471808905,-19.95725140105668,151.4282359522266
2024-01-26 14:16:34,104.18851972813897,-17.32629166395074,150.77549572553485
2024-01-26 14:16:39,104.25865671910394,-17.352102412582298,151.72778818355323
2024-01-26 14:16:43,106.71388576296843,-14.852501739526893,148.80572860882288
2024-01-26 14:16:47,105.52398680509198,-14.766826610523127,149.00628378968722
2024-01-26 14:16:52,105.88417498969108,-14.511978770358624,148.51219409949073
2024-01-26 14:16:56,104.04237986322427,-15.613190197505052,148.91406130970176
2024-01-26 14:17:00,106.81289646958874,-13.158802774258046,150.9671769215148
2024-01-26 14:17:04,107.3564488109691,-12.549568334472532,152.98007441729098
2024-01-26 14:17:08,108.62249985299059,-9.848875095506363,152.50086314933108
2024-01-26 14:17:13,110.56352300076998,-11.530958251460813,150.1611486221909
2024-01-26 14:17:17,109.22067680923023,-9.678972878635776,148.3473879771204
2024-01-26 14:17:21,109.60579499951267,-7.247563080218755,146.96146430525908
2024-01-26 14:17:26,111.60019319893803,-6.388929575957011,146.02187120052852
2024-01-26 14:17:31,110.9881651279169,-4.6737584057362005,147.14335375202697
2024-01-26 14:17:36,109.15986252155312,-6.175357641332578,149.8950997335332
2024-01-26 14:17:40,107.1855054375768,-4.661549720139863,151.39991618965504
2024-01-26 14:17:44,104.87844350617259,-7.082154952120121,153.58567479033448
2024-01-26 14:17:48,107.22724381921432,-5.929984641012429,152.83761815397946
2024-01-26 14:17:53,109.63440822459583,-4.741851276257157,151.04256784643567
2024-01-26 14:17:57,112.31148890750814,-6.768151511161864,152.80049666027767
2024-01-26 14:18:01,115.00977055923079,-8.204970249674261,154.34881320874075
2024-01-26 14:18:05,112.76365739981357,-6.299764902192881,153.9349611212743
2024-01-26 14:18:09,115.39327357855174,-8.52025857552428,151.83854049560048
2024-01-26 14:18:13,117.61040283564091,-9.223628963856067,154.2889614837133
2024-01-26 14:18:17,114.8306332037969,-10.994462945791732,151.54401836543488
2024-01-26 14:18:21,114.84018845865486,-8.433718602699516,154.2713639431144
2024-01-26 14:18:26,116.45413046947706,-9.485122499542513,153.1536619149467
2024-01-26 14:18:31,117.82786314190999,-10.137673882405496,155.22470312947326
2024-01-26 14:18:35,115.34266308091811,-8.73505247533949,153.82553968425776
2024-01-26 14:18:39,114.24682079383732,-9.832162997041081,152.63026014457284
2024-01-26 14:18:43,113.77748204411354,-11.78791323848542,151.88375271340692
2024-01-26 14:18:47,114.7616399225716,-12.07328751810387,149.41158082701634
2024-01-26 14:18:51,111.99552674736745,-14.719102811716754,147.96150950324576
2024-01-26 14:18:55,109.3575706388324,-17.550990499943985,146.53547819649435
2024-01-26 14:19:00,109.12417361114458,-18.44688084060222,149.46598425554805
2024-01-26 14:19:04,106.90119207177415,-19.480512781383695,147.30272557078658
2024-01-26 14:19:08,106.87842371015282,-21.528151897955645,149.1457383781961
2024-01-26 14:19:13,109.24714127474056,-19.1068862094206,149.4233874412094
2024-01-26 14:19:18,109.29823531275596,-20.7553825201801,151.660652189219
2024-01-26 14:19:23,107.30736623147469,-22.695582578936595,149.79191235715055
2024-01-26 14:19:28,107.00069728409659,-23.532505216148667,148.96397559974415
2024-01-26 14:19:33,106.56504323351307,-22.88730837674862,151.7055440659267
2024-01-26 14:19:38,109.01838318947975,-23.572909861187934,153.12375871073752
2024-01-26 14:19:42,110.82156992867915,-24.055280020919305,155.44700510072693
2024-01-26 14:19:47,110.00087256945925,-25.811829238376713,157.2212428408118
2024-01-26 14:19:51,110.5742181555536,-27.78811964370215,155.70026235104535
2024-01-26 14:19:56,110.47157022646061,-28.11153477465479,156.98862372233256
2024-01-26 14:20:01,112.67882291210141,-26.10553139248133,157.25543578253405
2024-01-26 14:20:06,110.75727594827153,-25.161469692719386,154.6512065471283
2024-01-26 14:20:10,109.15430768842175,-23.4650449048089,152.526190387686
2024-01-26 14:20:14,106.94368465441757,-21.496022616354544,155.43163263113755
2024-01-26 14:20:18,104.4022283489536,-23.506999086512792,156.0342487606308
2024-01-26 14:20:22,102.44841410316823,-24.534345400343163,154.06223340927565
2024-01-26 14:20:26,102.2154051519611,-21.601831565143502,153.56245622075758
2024-01-26 14:20:31,102.81672602960812,-21.460381516850365,156.09528469436984
2024-01-26 14:20:35,99.88455717078341,-21.548898922460683,154.91661294822723
2024-01-26 14:20:39,97.23038301838398,-18.872456243011946,154.5738904397602
2024-01-26 14:20:44,99.15656966912583,-21.757624046360835,151.71234555836173
2024-01-26 14:20:48,101.31363228346635,-21.587783343359195,154.43992613633876
2024-01-26 14:20:53,100.1151129778978,-24.459769722260702,151.83578123291738
2024-01-26 14:20:57,97.76161102456136,-23.83151084549263,150.75584656947677
2024-01-26 14:21:01,95.87687264063484,-22.20765422298984,150.86108011302053
2024-01-26 14:21:05,95.26672626807738,-24.615078460477815,150.67429513899856
2024-01-26 14:21:09,94.05711731497418,-23.3399620751334,150.0488025648855
2024-01-26 14:21:14,93.30842737806947,-23.574754267204703,152.48175288627502
2024-01-26 14:21:19,90.80563926350463,-22.491357827318453,154.619684008463
2024-01-26 14:21:23,92.50518952208544,-23.96952552252702,154.8115820786543
2024-01-26 14:21:27,92.94270215008474,-23.657189073381918,157.4473362656935
2024-01-26 14:21:31,90.3821477120668,-21.760485999386855,156.9388204015125
2024-01-26 14:21:35,89.14724027360829,-19.968865816218962,156.65977772093467
2024-01-26 14:21:40,89.69081006732718,-21.481658728968235,158.2368745674716
2024-01-26 14:21:45,89.77332961705906,-24.199049140583348,157.15582707176202
2024-01-26 14:21:50,89.69141998672895,-26.65834021026334,154.19246155691155
2024-01-26 14:21:55,90.90099621462433,-25.73896454503708,153.71899956339288
2024-01-26 14:21:59,91.24575469370247,-24.597240622766734,154.5431401959849
2024-01-26 14:22:03,91.01221145955441,-24.06343114308867,156.54725726969207
2024-01-26 14:22:08,90.9068070770434,-21.652153886597365,157.98795780695067
2024-01-26 14:22:13,88.06962130692793,-22.179228985098906,157.25337069336817
2024-01-26 14:22:17,88.19610786305863,-24.546007799871596,156.2197359624949
2024-01-26 14:22:21,86.17047989230208,-23.811713034255927,158.95916169175882
2024-01-26 14:22:26,89.03152995854592,-24.864918348975003,158.2186254443409
2024-01-26 14:22:30,90.49838250717521,-26.847204715187104,157.0228984455272
2024-01-26 14:22:34,92.58325983210001,-26.561842261842894,157.52599045768503
2024-01-26 14:22:38,93.94621443168208,-25.644766564886137,158.5097258281102
2024-01-26 14:22:43,91.06019360343973,-24.125885172573998,160.0824026480206
2024-01-26 14:22:48,90.75700708040041,-21.286214845772772,161.14495718389577
2024-01-26 14:22:52,90.07507544868723,-22.762675387207903,163.75392434271393
2024-01-26 14:22:56,87.09139105167331,-24.417635135356846,166.53838708784258
2024-01-26 14:23:00,84.9498033225745,-22.621174161671387,165.41568412473973
2024-01-26 14:23:05,86.46674674191728,-20.04993465733108,165.89876482853634
2024-01-26 14:23:09,87.54267562201213,-19.60267827215267,168.74822471042694
2024-01-26 14:23:13,89.21967317206436,-20.580722227486156,170.4436292258553
2024-01-26 14:23:17,90.77683790988088,-21.186063995130286,167.4727667146197
2024-01-26 14:23:21,88.47382371447,-19.910821086571026,165.75642412590574
2024-01-26 14:23:26,88.04830746974709,-17.428943882382036,168.40783093504422
2024-01-26 14:23:30,85.28623162554149,-16.794422997605793,166.1854600060342
2024-01-26 14:23:35,85.56163544876398,-14.61831824082354,168.52671184259236
2024-01-26 14:23:40,85.79950575379024,-12.429246375789242,170.06182036336256
2024-01-26 14:23:44,87.25558395119735,-11.436074133808326,168.57474286861208
2024-01-26 14:23:48,88.93675422373137,-13.411665849348804,167.91755417513258
2024-01-26 14:23:53,86.27583227535283,-13.013698211740543,170.86278647835192
2024-01-26 14:23:57,86.01148216970769,-10.45488187386769,172.22713811897134
2024-01-26 14:24:02,88.46700186688079,-10.998618336572763,171.89984103931204
2024-01-26 14:24:06,87.45351203986148,-9.992890462607548,169.88104758613648
2024-01-26 14:24:11,86.2748645858354,-10.58529128643086,170.61431069749167
2024-01-26 14:24:15,85.57573302854117,-9.126002704288691,172.58903095109096
2024-01-26 14:24:19,85.09913628646024,-9.456156421269288,173.1961354975099
2024-01-26 14:24:23,82.37761553726108,-6.929727264568631,175.7655764716063
2024-01-26 14:24:27,79.84944766298749,-7.601903873947063,178.0213436962864
2024-01-26 14:24:32,81.22121216306934,-7.054104319411934,180.0
2024-01-26 14:24:36,83.97243539484623,-7.957113853467791,179.56068531879126
2024-01-26 14:24:41,86.85903812948158,-5.245791808706862,177.11482610183467
2024-01-26 14:24:46,88.84499897981283,-4.024910710852261,174.62466772328665
2024-01-26 14:24:51,86.5993793009323,-2.1349209992479805,176.86242732202356
2024-01-26 14:24:55,86.48797576061192,-1.2774688197407018,175.9223729915006
2024-01-26 14:25:00,89.37623023240735,0.7943019193161218,178.24320314593785
2024-01-26 14:25:05,87.7399146444928,-0.4713652906424586,178.04575167566014
2024-01-26 14:25:10,87.1759589061535,-3.2730676115382114,178.75672482489827
2024-01-26 14:25:15,86.76628755304918,-1.9242428773488447,179.28099232305496
2024-01-26 14:25:20,89.26211345225533,-1.9586588078179448,180.0
2024-01-26 14:25:25,87.56807155990086,-4.636814633999998,178.7194313890393
2024-01-26 14:25:29,88.42935930554665,-4.892999915423032,177.72467467705465
2024-01-26 14:25:33,90.60680496319242,-6.294190618770439,176.91258992732634
2024-01-26 14:25:37,89.95925583497913,-8.779121162690021,175.98473218720284
2024-01-26 14:25:41,91.056243826804,-7.7032153486630675,175.7238992167529
2024-01-26 14:25:45,91.00127643143288,-9.063081753668284,178.2301139387401
2024-01-26 14:25:49,89.14722328284257,-11.615133329883903,180.0
2024-01-26 14:25:53,88.96453302917584,-10.953139553462243,179.03811740270245
2024-01-26 14:25:58,87.0610702155462,-13.671065593398676,179.40784536471284
2024-01-26 14:26:02,87.89370172061123,-11.389472342123092,180.0
2024-01-26 14:26:06,86.87874431545366,-12.967059281783822,178.36014218998926
2024-01-26 14:26:10,87.14970238363604,-15.955505801371682,177.59893713033608
2024-01-26 14:26:14,86.62129938288399,-13.367024962865724,180.0
2024-01-26 14:26:18,86.00483204572927,-14.135651490218965,178.24629561540533
2024-01-26 14:26:22,88.61740372528932,-12.48542485247184,179.86466360670474
2024-01-26 14:26:27,86.70167594748686,-11.078233573891406,180.0
2024-01-26 14:26:32,88.52907032976944,-10.378882037889738,179.39534770671918
2024-01-26 14:26:37,90.78641559950906,-12.98840981257724,180.0
2024-01-26 14:26:42,88.23824003562225,-12.861061667536681,180.0
2024-01-26 14:26:46,86.85179217000436,-14.284378656649986,180.0
2024-01-26 14:26:50,84.4215192971238,-16.759821624585182,177.19702299373824
2024-01-26 14:26:55,84.84925367170757,-16.305022898489952,174.57765991336495
2024-01-26 14:26:59,85.78902528889014,-16.750234491205394,176.08921061728006
2024-01-26 14:27:04,86.06490401558817,-17.875866756712284,178.0692072461521
2024-01-26 14:27:09,83.5148281352243,-15.529529350467396,176.07077494353624
2024-01-26 14:27:13,84.35051882870967,-17.71167974337279,176.13191927787426
2024-01-26 14:27:17,81.42195779311747,-15.679604521792903,175.05781139377513
2024-01-26 14:27:22,78.94028156122751,-13.472619060622927,174.6593604149634
2024-01-26 14:27:26,80.93066635472407,-15.922674229526159,174.38760869011807
2024-01-26 14:27:31,82.63023371870152,-17.461353379441157,174.92526911630807
2024-01-26 14:27:35,79.89718732205549,-19.892961953894122,175.6430768207454
2024-01-26 14:27:40,77.40180284587767,-20.42020734921357,174.14313639019832
2024-01-26 14:27:45,77.87127681510994,-22.676226862425107,174.2416763748699
2024-01-26 14:27:50,75.72268167243674,-21.552333500780296,175.76687476910735
2024-01-26 14:27:55,73.39849223803805,-21.330689476998913,177.75733382840522
2024-01-26 14:28:00,70.47121131684152,-18.711304003799114,178.9398698973607
2024-01-26 14:28:04,69.16585374818652,-20.574248990077315,180.0
2024-01-26 14:28:09,67.24044507524636,-18.971001310629482,178.04764253711963
2024-01-26 14:28:14,64.52031194212589,-19.949336599039647,177.02564353579666
2024-01-26 14:28:19,64.76690843782487,-17.105377958252298,176.6007356498213
2024-01-26 14:28:24,67.3811618714866,-17.422221813266425,178.62142347246234
2024-01-26 14:28:28,65.86690327109802,-17.381209699496228,177.8327290932741
2024-01-26 14:28:33,62.97008176295758,-20.24913440463243,174.8377415049306
2024-01-26 14:28:38,60.684727409421704,-21.490171569423175,172.91483626398067
2024-01-26 14:28:43,59.42171684199187,-23.743155464278296,172.54420815504818
2024-01-26 14:28:47,62.330567766997305,-24.833753344209093,172.40578354198848
2024-01-26 14:28:51,62.136628893304916,-26.410540389977225,172.26853217833116
2024-01-26 14:28:55,60.58144413467516,-29.27618002150784,169.3810017518477
2024-01-26 14:29:00,62.04101274679681,-30.259620215182927,172.22526232674605
2024-01-26 14:29:04,60.38129080191222,-30.22258548312183,173.93039554294032
2024-01-26 14:29:09,62.37213289071218,-32.97020089226262,171.77126083130798
2024-01-26 14:29:14,60.53782542538459,-33.9271788099328,172.77803544724966
2024-01-26 14:29:19,61.00619938830883,-34.455290025957986,173.64933082339218
2024-01-26 14:29:24,62.93093619509821,-31.978020863864135,171.76095929804183
2024-01-26 14:29:29,61.22485495914938,-30.85105674195005,171.99240734281236
2024-01-26 14:29:33,64.09162949224299,-33.67536087942565,170.95132167099598
2024-01-26 14:29:38,62.38035239176334,-34.2263737377275,172.036764268282
2024-01-26 14:29:43,60.09757689012957,-34.650204600328145,171.90187296184223
2024-01-26 14:29:47,58.05529709510924,-35.50237382907329,171.39157446198834
2024-01-26 14:29:52,60.18975373815839,-36.4905632012985,172.83321451203707
2024-01-26 14:29:57,59.255147188369236,-35.19980356027466,172.258348044211
2024-01-26 14:30:01,61.13015163029321,-32.6953726331334,172.47672228664112
2024-01-26 14:30:06,61.55078191119166,-29.959073477903125,174.18824959833327
2024-01-26 14:30:11,62.19194167937668,-29.92130840478317,176.68834390253923
2024-01-26 14:30:16,63.86980336799985,-32.58311399825033,178.71692613713697
2024-01-26 14:30:20,64.46763154949113,-35.041436144001665,178.85187024256297
2024-01-26 14:30:24,61.623778170012116,-32.73561447358678,180.0
2024-01-26 14:30:28,60.13471715080435,-33.77378505016123,180.0
2024-01-26 14:30:33,58.32666615640622,-34.26842137237263,177.09615131999425
2024-01-26 14:30:37,61.03452890318586,-35.56274760775225,176.70623429337599
2024-01-26 14:30:41,58.74047254104538,-33.12922039284848,178.81843018142686
2024-01-26 14:30:45,59.837824264508306,-34.11118157630564,179.18645856361007
2024-01-26 14:30:50,59.91819182065173,-36.270172010885304,180.0
2024-01-26 14:30:55,60.510852246494736,-38.82498151860398,180.0
2024-01-26 14:30:59,60.7812394990843,-36.84888721988423,179.41924441727775
2024-01-26 14:31:04,63.20652687058859,-39.80549362877872,180.0
2024-01-26 14:31:09,61.213078876437905,-40.89347754739974,178.8211426790743
2024-01-26 14:31:14,62.55718740685799,-42.79307707939516,180.0
2024-01-26 14:31:18,61.67649527408412,-44.8235407898802,179.30195341852266
2024-01-26 14:31:22,59.34396066743941,-45.88387373144103,177.33175736207517
2024-01-26 14:31:26,56.521401867005,-47.5674614782385,179.06819180055484
2024-01-26 14:31:30,56.28845338672998,-46.317555074257,180.0
2024-01-26 14:31:35,58.31514887418042,-48.19622765632487,179.7153726164086
2024-01-26 14:31:40,60.96228845419655,-46.10797728937108,180.0
2024-01-26 14:31:45,60.682455221033656,-47.79721933973157,180.0
2024-01-26 14:31:49,62.461546939670455,-47.20446055522618,179.85832069187975
2024-01-26 14:31:54,60.95140429477933,-47.458486473705506,179.68494677215295
2024-01-26 14:31:58,63.73550197426617,-49.86303247210049,180.0
2024-01-26 14:32:03,61.77912868430725,-48.55455114345223,177.79624835645612
2024-01-26 14:32:08,64.23858478283245,-45.67877984272559,180.0
2024-01-26 14:32:12,65.7888828801183,-46.80487323813358,179.21781451418548
2024-01-26 14:32:17,65.55348733323149,-48.87247652705565,180.0
2024-01-26 14:32:22,67.5701749906921,-49.16186137698843,180.0
2024-01-26 14:32:26,68.27220679767608,-50.88904769182686,177.91860381111275
2024-01-26 14:32:30,69.50409183677975,-48.83598191225052,177.62493170623668
2024-01-26 14:32:35,70.45803289985615,-46.045978494607745,176.48389434880679
2024-01-26 14:32:40,71.10440572077627,-43.18713837041138,178.20969659973838
2024-01-26 14:32:44,69.99983268886272,-44.46980308981341,175.75310111202973
2024-01-26 14:32:49,72.31589264909124,-46.69115461471015,175.21966966580212
2024-01-26 14:32:53,73.4554326277738,-47.76286807908732,175.27919226506557
2024-01-26 14:32:58,73.2241508505688,-45.02976277580663,173.95384821043316
2024-01-26 14:33:02,71.02100531054839,-43.11548498144859,172.0319257673106
2024-01-26 14:33:07,72.39047047118295,-42.548070243966954,171.30306733279892
2024-01-26 14:33:12,72.11867230137595,-41.7859865500311,170.96536046982226
2024-01-26 14:33:17,72.43543600738757,-42.61110479049839,171.26039786980164
2024-01-26 14:33:22,70.53088356308727,-39.913738044120336,173.09010818978143
2024-01-26 14:33:26,70.71572873861302,-37.73040623796518,173.77956717325492
2024-01-26 14:33:31,69.55329489944354,-38.00547666231805,172.05055303774205
2024-01-26 14:33:35,69.52572550076513,-35.21836975531478,173.39534073239844
2024-01-26 14:33:40,69.84835489615685,-37.6060594337251,175.0427121729892
2024-01-26 14:33:45,68.66493564900999,-37.46827989666156,172.4396799001322
2024-01-26 14:33:50,67.58314680553984,-40.351285857223445,173.30232124238995
2024-01-26 14:33:55,67.25536446999817,-41.44689521634983,174.05577789221798
2024-01-26 14:34:00,69.5831600508534,-39.190923218338014,174.88878625538135
2024-01-26 14:34:05,69.83278064063579,-40.22439023308949,176.53621192619497
2024-01-26 14:34:09,71.2778639447144,-37.415103043686045,173.66972224086686
2024-01-26 14:34:13,71.61245908343953,-38.1925991964743,176.43087127491762
2024-01-26 14:34:18,72.26780397769119,-35.70986243999372,174.79144958246823
2024-01-26 14:34:22,73.84498201624788,-37.35739453469233,175.38316432170262
2024-01-26 14:34:26,71.06433962449161,-35.555785183766154,175.93962215627326
2024-01-26 14:34:31,72.03795076562248,-36.57843034077673,177.03717463390439
2024-01-26 14:34:36,72.63526259217798,-35.552587623994214,176.93141401346787
2024-01-26 14:34:40,73.84414574703877,-35.92494353734189,175.29018562468593
2024-01-26 14:34:45,74.95838747403701,-34.3942876844767,177.04835775514383
2024-01-26 14:34:49,75.42339060108705,-31.412635337807338,174.22615329238812
2024-01-26 14:34:53,77.30839460523163,-30.407319540230297,176.32105398565932
2024-01-26 14:34:57,75.28135178371426,-30.325399660479153,175.51840088701118
2024-01-26 14:35:02,76.3835807361767,-29.827208484673413,176.72578518880186
2024-01-26 14:35:07,74.63257355667764,-28.517448207454265,175.5530042456921
2024-01-26 14:35:11,75.53653999740963,-26.380914670422744,174.8987853871984
2024-01-26 14:35:16,78.48313624054863,-28.058766019433563,177.397666191368
2024-01-26 14:35:20,79.24071492844881,-27.2112083566693,175.82425053958417
2024-01-26 14:35:24,81.11857002638905,-27.991247284045144,178.09174241472022
2024-01-26 14:35:29,84.06099234124777,-28.86839924379753,180.0
2024-01-26 14:35:33,85.03166958388941,-31.51957579114868,180.0
2024-01-26 14:35:38,87.49032199889741,-31.846853605169848,179.99993002642466
2024-01-26 14:35:43,89.56106845690465,-30.35157051165632,180.0
2024-01-26 14:35:47,91.65463915192538,-31.54898080966578,178.56980219841236
2024-01-26 14:35:51,91.31857835173025,-31.457252923010824,178.29042825614405
2024-01-26 14:35:56,91.99355420062521,-31.636506734364833,175.61727626522273
2024-01-26 14:36:01,89.13056212637562,-29.35807644035522,173.1853516431455
2024-01-26 14:36:06,91.34877351495926,-30.986645382952727,170.27760805545373
2024-01-26 14:36:10,90.03412830979137,-28.43874843126573,170.1456356783892
2024-01-26 14:36:14,87.59729612574401,-30.81400988088226,170.70450550331037
2024-01-26 14:36:18,89.74092263097415,-28.839506056748267,172.32137656925138
2024-01-26 14:36:22,87.78233179910893,-29.848186490175532,169.80884752022703
2024-01-26 14:36:27,85.99069842210594,-28.54470063450305,167.24073993258915
2024-01-26 14:36:31,88.09532408938068,-26.311225995000832,169.2446179688313
2024-01-26 14:36:36,88.46472955128323,-28.488654696876278,166.65229007192593
2024-01-26 14:36:40,88.31195701730637,-28.721405664410714,169.14719071459334
2024-01-26 14:36:44,87.04091999101327,-27.605091517928436,171.1233359481307
2024-01-26 14:36:49,84.91598577281395,-25.292257437453983,168.66724919239786
2024-01-26 14:36:53,82.11399491247144,-27.661221371706382,166.67091066167345
2024-01-26 14:36:58,81.47874780640768,-28.994910561250023,167.4568844070398
2024-01-26 14:37:02,80.93016567757321,-28.28033464507663,167.1378261408023
2024-01-26 14:37:06,80.60542717308465,-27.922385008803857,168.0403953006675
2024-01-26 14:37:11,78.62708739151766,-30.781307856786764,165.51814936952456
2024-01-26 14:37:15,79.0170720852642,-30.452268363270203,166.2862621241739
2024-01-26 14:37:20,82.00476710679418,-30.707049540618115,163.73489931745394
2024-01-26 14:37:24,81.75667157280581,-28.618217752423817,162.1757432428253
2024-01-26 14:37:28,80.21939907396276,-29.42133631457053,162.08385388818456
2024-01-26 14:37:33,78.30163883488088,-28.996722051869163,160.65840157904256
2024-01-26 14:37:38,75.33324678478421,-31.860620406386758,162.06630003351282
2024-01-26 14:37:42,74.34448082065482,-30.622065340862317,165.04746216031015
2024-01-26 14:37:46,74.83132932471983,-31.627189803847465,165.58718957540003
2024-01-26 14:37:51,73.83087348081602,-30.551870636449166,165.30844003288036
2024-01-26 14:37:55,71.38581661722867,-30.045548008628096,167.46542074571303
2024-01-26 14:38:00,72.44295047741296,-30.934547789373195,169.54601045882427
2024-01-26 14:38:05,72.61026587818635,-31.5301587598169,172.46000444927657
2024-01-26 14:38:10,75.081691121809,-29.13507549778992,169.7973096011246
2024-01-26 14:38:14,76.31813383213891,-30.499468915514868,168.58297877152373
2024-01-26 14:38:18,75.04990396659306,-30.161571511738924,171.28320864873368
2024-01-26 14:38:23,75.88656909967366,-28.27056584622765,170.24122100364738
2024-01-26 14:38:27,76.87862665084036,-28.041648002237878,167.89723333389054
2024-01-26 14:38:31,79.60595473308227,-26.920666147143226,167.12343302646198
2024-01-26 14:38:36,81.56377317655503,-25.835199926406123,166.7672141793613
2024-01-26 14:38:40,79.57684423572304,-27.260343708052122,166.7284390234592
2024-01-26 14:38:45,82.17103159507775,-27.37547544046631,165.48029751840224
2024-01-26 14:38:49,82.89621534739683,-25.231108313863057,166.3894744459769
2024-01-26 14:38:54,82.24239022285059,-23.74935491308109,168.30812514609497
2024-01-26 14:38:58,82.15765319119232,-21.761580493630532,170.69932138002957
2024-01-26 14:39:02,84.6282571091531,-20.66568479093413,172.19198455761583
2024-01-26 14:39:06,85.4802346897345,-22.7520415735716,171.67911499003452
2024-01-26 14:39:11,86.12491456072887,-23.262192515711643,174.49346933467947
2024-01-26 14:39:16,87.4542043121637,-25.94729279545751,176.8908685477691
2024-01-26 14:39:20,84.96253644093235,-24.520666119453104,175.65878706724044
2024-01-26 14:39:24,82.92709823778273,-26.46007932937936,175.25576852640106
2024-01-26 14:39:29,85.08889483009345,-27.895171780919497,177.19514625765294
2024-01-26 14:39:34,86.0607748229654,-26.16966023054956,176.6767075803255
2024-01-26 14:39:39,89.05609602575205,-25.92257677091785,174.6290877535991
2024-01-26 14:39:44,89.02247811166374,-23.92227741552498,173.29592848624955
2024-01-26 14:39:48,88.58750249296244,-25.80449382626544,171.40457975654422
2024-01-26 14:39:52,87.97795712003662,-24.486775285291326,173.94661050722166
2024-01-26 14:39:56,88.19248930209021,-26.643444641349802,173.201247242841
2024-01-26 14:40:00,88.12028937650086,-28.36162183391954,173.34455942063914
2024-01-26 14:40:04,89.24291602939371,-28.97374000665479,175.8455585687494
2024-01-26 14:40:08,89.40336125122361,-31.737301102630216,173.63417857302252
2024-01-26 14:40:13,91.05720932278643,-31.47971593985167,175.57965854096386
2024-01-26 14:40:17,93.92943742054621,-30.94219463073327,175.86160154625864
2024-01-26 14:40:21,95.66953354220972,-30.974176080638156,177.23478450689677
2024-01-26 14:40:26,98.65579669742381,-33.755019829525104,175.24225613488494
2024-01-26 14:40:30,96.79533948188391,-32.819442003624516,173.08249300749137
2024-01-26 14:40:35,95.2596435198099,-31.476758659077127,172.09913218455412
2024-01-26 14:40:39,96.46883804223141,-32.89761327272167,169.9571601435756
2024-01-26 14:40:43,96.79832591791812,-32.92446350092155,172.56572688300756
2024-01-26 14:40:47,97.02118511725601,-35.434247182268976,169.70082276122986
2024-01-26 14:40:51,95.8905838876695,-38.03330522982288,171.84438848288644
2024-01-26 14:40:55,98.15202380017624,-39.55208993242732,170.0318985916217
2024-01-26 14:41:00,98.81456629462247,-40.42531496521441,170.45178491789443
2024-01-26 14:41:05,98.92934071826573,-42.90471533319337,172.95523390203698
2024-01-26 14:41:09,99.88711739118408,-41.552052638147686,173.24869842376097
2024-01-26 14:41:13,99.31951229401636,-41.39271886231239,171.270536824863
2024-01-26 14:41:17,96.94014696658118,-39.81784776675601,172.0896984822994
2024-01-26 14:41:21,98.92839202493302,-38.24784729716118,172.0644956093544
2024-01-26 14:41:25,98.88740309858872,-37.78838078671534,171.57117081010793
2024-01-26 14:41:29,100.64095693415626,-39.566820613155414,169.21965355582523
2024-01-26 14:41:33,101.98043159727351,-40.73787341938775,167.67514065236662
2024-01-26 14:41:38,99.4627141058506,-38.30212255826844,166.09977379525878
2024-01-26 14:41:42,96.7192213131898,-36.06106010044522,163.92180035948869
2024-01-26 14:41:47,95.94560811970221,-35.693983562643346,162.987340796458
2024-01-26 14:41:52,96.16338563488482,-38.61090337145231,162.09117887270523
2024-01-26 14:41:57,94.32795356891822,-36.455363446038675,160.62555310577326
2024-01-26 14:42:01,95.51247819955225,-34.684180389966315,162.53354126656205
2024-01-26 14:42:05,95.80367728621717,-33.01178751878868,165.1042518740887
2024-01-26 14:42:10,95.10516010958388,-34.42754488769983,164.14323650649004
2024-01-26 14:42:14,93.49153534296126,-37.37580400059404,166.297762800216
2024-01-26 14:42:18,92.80737820150048,-35.10650209898379,164.38992252782987
2024-01-26 14:42:23,93.88548382192025,-33.299753637732636,164.11849656131142
2024-01-26 14:42:28,96.82660982263707,-34.4853261721087,166.02879569507056
2024-01-26 14:42:32,96.84546749094775,-31.642934222909922,163.4979201389875
2024-01-26 14:42:36,99.76759580147102,-29.12805327516073,160.5419762875514
2024-01-26 14:42:40,98.66325236095742,-27.99446693182292,161.76881957572402
2024-01-26 14:42:44,101.46705475173172,-28.237421658558105,159.19787988422644
2024-01-26 14:42:48,103.54303694546624,-29.15534905613748,159.3033854982262
2024-01-26 14:42:53,102.24244722238426,-27.739642302339934,158.78907749573327
2024-01-26 14:42:57,104.48898128941434,-30.53929829357986,157.34280689610068
2024-01-26 14:43:01,101.84425098122819,-33.437979299195774,156.06592216418716
2024-01-26 14:43:06,101.98385075276472,-33.1273682854659,156.21160052124927
2024-01-26 14:43:11,101.2524692894739,-33.498415403683694,157.69983446050327
2024-01-26 14:43:15,98.84794487182836,-34.969143930972905,156.3547606977293
2024-01-26 14:43:19,101.06664270500072,-32.0938255688167,155.0071726888532
2024-01-26 14:43:24,103.07791966112406,-32.97489989247059,154.89950274392288
2024-01-26 14:43:28,103.3280657186799,-33.19973252895484,156.98398781728378
2024-01-26 14:43:32,101.36293372373751,-36.00468962121759,156.3963597429016
2024-01-26 14:43:36,101.37365117157059,-38.343353615297836,155.90685132469267
2024-01-26 14:43:40,102.9495438979272,-39.538735023898646,155.7809160267653
2024-01-26 14:43:45,102.64965702199655,-41.15512017226721,156.46359359819138
2024-01-26 14:43:50,102.4726380804159,-38.76256808798206,157.9601931547026
2024-01-26 14:43:55,103.10598206876672,-40.39448992302402,159.89241250820635
2024-01-26 14:43:59,101.71967016568911,-39.406913636086394,162.55573195762472
2024-01-26 14:44:03,100.52275617381248,-36.66737020879455,160.52012557926932
2024-01-26 14:44:07,98.39700540845016,-34.73466978038442,158.5065186489236
2024-01-26 14:44:12,95.52793302779452,-34.093135101272956,158.50681342938626
2024-01-26 14:44:17,95.05827931501048,-35.914748475271125,159.76957929321455
2024-01-26 14:44:22,95.21640644442861,-33.4871137849372,160.49530327206432
2024-01-26 14:44:26,96.82901049216954,-35.70228905266302,159.18825232461313
2024-01-26 14:44:31,94.16562828865,-36.29980746309741,161.21296126749323
2024-01-26 14:44:35,92.77546900717975,-39.17707946222,163.42520568622422
2024-01-26 14:44:39,92.04113502840758,-41.00380716883778,164.53693715733257
2024-01-26 14:44:43,94.77751313956901,-38.958934200887406,164.2520636719066
2024-01-26 14:44:47,94.5850254987973,-40.040443924244464,163.93477665301194
2024-01-26 14:44:52,95.76720761190532,-41.929547565216126,165.32417902437456
2024-01-26 14:44:57,93.6089933726178,-41.97168674729136,165.12499482173718
2024-01-26 14:45:02,91.98196546434917,-39.120937882086594,165.81151489617218
2024-01-26 14:45:06,93.86455117326513,-40.3130248607527,164.6113368843168
2024-01-26 14:45:11,92.81637376029572,-38.19033130022882,162.31009786511225
2024-01-26 14:45:15,90.88055120716582,-38.33518147518936,163.46479906648085
2024-01-26 14:45:20,92.09353871138826,-41.10755322731908,163.91667021422805
2024-01-26 14:45:24,89.72920100170079,-43.41527118104457,161.36755856956026
2024-01-26 14:45:28,91.24478930275276,-41.85074152276716,162.91300305035014
2024-01-26 14:45:33,88.95673458214725,-41.0991135576422,163.21980961700976
2024-01-26 14:45:38,91.81527857142422,-42.360043808222414,164.53027624115686
2024-01-26 14:45:43,93.34060528245536,-39.8731181198695,165.7494380634895
2024-01-26 14:45:48,94.66977575793197,-41.114176371676216,167.8646850630434
2024-01-26 14:45:53,93.40751128307475,-41.925414190885014,168.91436801574312
2024-01-26 14:45:57,95.925842255557,-42.715493005375095,171.84318790334603
2024-01-26 14:46:01,94.57438114630112,-39.818232666150685,171.9073169624857
2024-01-26 14:46:06,94.274733296293,-39.525971066459924,168.9821392220839
2024-01-26 14:46:10,92.05073379845597,-38.8561708065219,168.92005988858764
2024-01-26 14:46:15,90.43291024938337,-38.68861107956976,168.4350069521012
2024-01-26 14:46:19,90.12649473311376,-39.62518286261856,169.1047382180879
2024-01-26 14:46:24,87.76785346464116,-37.788248460763135,166.12849345301098
2024-01-26 14:46:29,87.19574433549126,-36.3105074212873,165.8882462215293
2024-01-26 14:46:34,88.844402590472,-37.07106436511224,167.7112766267653
2024-01-26 14:46:38,86.17316313348283,-35.453375405084415,165.56535484381402
2024-01-26 14:46:42,87.330157209406,-33.53584189672178,162.76478257434405
2024-01-26 14:46:46,89.41505413567559,-34.24811265864839,161.84322987401907
2024-01-26 14:46:50,89.74526283667929,-35.218373955579594,164.48313710465496
2024-01-26 14:46:55,91.68112085944813,-37.26065453834439,161.86996902895976
2024-01-26 14:47:00,92.65912487292152,-36.23328407982328,164.7901877148634
2024-01-26 14:47:04,90.91983840177018,-33.40848321799997,163.34912531420724
2024-01-26 14:47:09,91.70236313095769,-31.456728783781564,165.949644089724
2024-01-26 14:47:14,92.03868091134285,-29.412923450701683,165.4136347553282
2024-01-26 14:47:18,94.18920965871598,-31.648680648481395,167.9506223196419
2024-01-26 14:47:23,94.4689794115199,-32.80010843332896,169.964520536793
2024-01-26 14:47:27,94.46034866342552,-33.70084186690745,171.61214393653427
2024-01-26 14:47:32,97.31017581531822,-31.780294930446654,170.2417761516761
2024-01-26 14:47:36,99.77663640633949,-34.67956109107473,167.9811738776298
2024-01-26 14:47:41,97.76009382247963,-35.104814192788815,169.4574527924787
2024-01-26 14:47:46,98.63693086042787,-34.02142641767941,168.58551915183187
2024-01-26 14:47:51,101.3130990327664,-36.32141686381858,167.38529791699025
2024-01-26 14:47:55,103.73959779819226,-38.46184168930515,167.53444149277774
2024-01-26 14:47:59,104.68081719047497,-41.14418713937659,164.84251942442327
2024-01-26 14:48:04,105.44413192595218,-39.083082769401315,166.94801132791744
2024-01-26 14:48:09,107.4171569525765,-40.62122902162573,165.3017858480822
2024-01-26 14:48:14,105.0763986014676,-41.29112280073366,163.34896927762776
2024-01-26 14:48:19,104.21093792557457,-40.705674615017735,165.76904353877035
2024-01-26 14:48:23,104.03325639234541,-42.168878269733725,168.63642288308904
2024-01-26 14:48:27,105.68171266424825,-44.162998955924465,168.01825704964608
2024-01-26 14:48:31,107.73623842313145,-44.552121907400505,168.53894921439772
2024-01-26 14:48:36,109.02856918997601,-42.50149324061745,167.26915136241942
2024-01-26 14:48:40,107.44502171647277,-41.77779044197456,164.91092671512897
2024-01-26 14:48:44,110.2475877817462,-40.901249927777,162.68530050561202
2024-01-26 14:48:49,112.42880947677293,-42.50610976234153,164.18428861878738
2024-01-26 14:48:54,109.7360940083168,-40.21652783431819,165.02219381114418
2024-01-26 14:48:59,106.87725865693187,-38.92054033943627,164.040555349209
2024-01-26 14:49:03,106.59787575500192,-41.46594513969156,164.70245094528676
2024-01-26 14:49:07,109.38383638703661,-43.956387649952006,163.42323949920907
2024-01-26 14:49:12,108.3757966550662,-44.89539226649653,160.81215251554758
2024-01-26 14:49:16,107.9932166196241,-43.302274600230184,162.32685090047445
2024-01-26 14:49:20,109.49802843947688,-42.08126644198211,162.861169652357
2024-01-26 14:49:24,107.62194309323785,-41.19243760979032,160.6701658920156
2024-01-26 14:49:29,107.20874962905971,-41.20475222915247,158.6062534713106
2024-01-26 14:49:33,106.04833865815667,-41.351924663255154,158.46022822762214
2024-01-26 14:49:38,105.03354768427323,-43.57881557794621,159.1154017955298
2024-01-26 14:49:42,103.25307228874587,-41.18654000463512,156.39446175352234
2024-01-26 14:49:46,101.25499976131726,-43.962878762751416,157.6887039647427
2024-01-26 14:49:51,102.87503813042287,-45.99288803523881,158.54079650704838
2024-01-26 14:49:56,105.60370063870194,-44.53722417949436,159.9871509878982
2024-01-26 14:50:00,108.52341493676113,-41.94288110196172,162.3400606968824
2024-01-26 14:50:05,107.8234524170799,-41.42197291605994,162.80694157913985
2024-01-26 14:50:10,110.23291328115772,-43.324076606134575,164.34153024847592
2024-01-26 14:50:14,109.59704285011125,-46.1428314253804,166.49860990897724
2024-01-26 14:50:19,109.20203047332221,-45.90153581605816,165.43576671829166
2024-01-26 14:50:24,107.47682373731976,-46.33302785309714,166.62831706149794
2024-01-26 14:50:28,105.61345634084185,-44.00381574037321,164.667929534965
2024-01-26 14:50:33,105.23460741466627,-46.11500440992104,165.33645716023312
2024-01-26 14:50:38,104.71554604271552,-46.29290711989617,168.0805817013518
2024-01-26 14:50:42,104.7861559702519,-47.65010830388475,169.55040240192918
2024-01-26 14:50:47,106.8457439302215,-46.232673395345735,168.48804512421665
2024-01-26 14:50:52,103.88921964050908,-43.50419730263052,168.93258641769552
2024-01-26 14:50:57,102.48472493080888,-41.05784324135041,168.6066022013113
2024-01-26 14:51:02,103.36197135457783,-38.89314405126549,169.56165444551954
2024-01-26 14:51:06,101.93196225398583,-39.69774156480335,171.80258702260844
2024-01-26 14:51:11,104.45191522318795,-40.9037061211751,169.39754099650452
2024-01-26 14:51:16,102.50225063258287,-38.51148906765012,167.30569056150364
2024-01-26 14:51:21,104.332515028486,-35.51445553477729,166.99772202156612
2024-01-26 14:51:25,101.64001178518181,-37.666309772450575,168.6352457373026
2024-01-26 14:51:30,104.02167262490455,-35.16301623638133,171.55975265241634
2024-01-26 14:51:35,106.86609004476468,-32.393336382973175,171.99152735026323
2024-01-26 14:51:40,104.05592102007259,-32.79266146166507,172.48232794786543
2024-01-26 14:51:45,103.21314109855437,-33.652923115844985,174.1085289231682
2024-01-26 14:51:50,104.36792695716744,-32.7658393855046,173.23708858803536
2024-01-26 14:51:54,105.48185078444855,-33.067089364381886,174.6479574326395
2024-01-26 14:51:59,107.50643941502224,-34.683649279861385,172.80168606120634
2024-01-26 14:52:04,110.40193552387403,-32.60216998970497,173.73546064684734
2024-01-26 14:52:09,111.21369072651959,-32.10370838319783,176.47880031220095
2024-01-26 14:52:14,114.17863712576245,-30.35521971477312,177.13406776362137
2024-01-26 14:52:18,111.80970300531577,-29.287618502249273,176.44794570584594
2024-01-26 14:52:23,113.72474272996452,-29.51810817759089,174.76082705704175
2024-01-26 14:52:27,111.80765693733375,-27.477217042965123,174.1998885522623
2024-01-26 14:52:32,109.13228638182161,-27.116422640846153,174.32129247049693
2024-01-26 14:52:36,108.59196168229809,-29.45927230066539,175.0538548306922
2024-01-26 14:52:41,106.27201034092047,-32.21242608329911,173.34370390352132
2024-01-26 14:52:46,106.5223443539097,-34.25585278044541,170.36197062886578
2024-01-26 14:52:51,107.60715334954618,-32.00901060164715,170.6430181276463
2024-01-26 14:52:55,105.80927074708062,-30.0176925717695,170.5220563460378
2024-01-26 14:53:00,103.32129574005006,-31.20124183401735,168.00930137979444
2024-01-26 14:53:05,105.00242343910294,-31.950125943559677,170.17788463421175
2024-01-26 14:53:09,105.61102968832543,-30.133660810981645,168.56881292350454
2024-01-26 14:53:13,107.83229637964797,-27.99191614566754,167.15980084704893
2024-01-26 14:53:17,106.64733088398685,-29.819328504640698,166.99130093661498
2024-01-26 14:53:21,105.21779923514431,-31.21563603856709,165.6353677997675
2024-01-26 14:53:25,107.86234571240561,-29.879595702438237,165.71198779905868
2024-01-26 14:53:30,110.82538179517162,-31.68385267993897,163.41702543921517
2024-01-26 14:53:34,109.48175879510215,-31.73064545065417,163.73089041270896
2024-01-26 14:53:39,108.47559261702986,-33.39577340545581,160.84406101180213
2024-01-26 14:53:43,105.81851005245312,-35.067043985257776,159.93783160652708
2024-01-26 14:53:48,108.68863955762586,-37.4081163371422,161.26282573453673
2024-01-26 14:53:52,107.32958931578634,-35.139237609399565,158.28072469942828
2024-01-26 14:53:57,108.77312857535806,-32.64770357830939,160.89246148083512
2024-01-26 14:54:02,109.0113328059819,-32.49188922584447,163.45740000959466
2024-01-26 14:54:07,110.10618735080405,-32.02484397099197,166.44735787155236
2024-01-26 14:54:11,109.82714100436851,-33.13101446943705,165.76412342553374
2024-01-26 14:54:15,111.08263177694195,-31.86091435036318,164.08794860531623
2024-01-26 14:54:19,112.84087683310467,-30.5465770784174,164.90518803928376
2024-01-26 14:54:24,114.90774379657836,-28.91167038130006,166.13423934963333
2024-01-26 14:54:29,116.0026310831096,-31.148288098789433,167.8594168049573
2024-01-26 14:54:33,113.66610364269421,-32.49357381020781,165.5333669950572
2024-01-26 14:54:37,116.11245761250329,-33.5487725354816,163.9828145614314
2024-01-26 14:54:41,114.0957023778521,-34.089713777619636,165.71711825299172
2024-01-26 14:54:45,113.31520681744328,-32.13255469399195,166.49663595966166
2024-01-26 14:54:50,114.51956224481417,-33.1982900105203,164.79073645243767
2024-01-26 14:54:54,116.89328791675895,-35.613982604197915,164.9082033976914
2024-01-26 14:54:58,114.88305289548924,-32.89489861789845,165.73428392066754
2024-01-26 14:55:03,115.33310016191429,-31.79733909602197,163.26612355932969
2024-01-26 14:55:08,117.88256254297814,-32.756899375964096,164.09425878485388
2024-01-26 14:55:13,119.51169477493725,-31.023235160315863,163.11303163617285
2024-01-26 14:55:17,121.79480494889562,-31.240361377730743,162.0230113551955
2024-01-26 14:55:22,120.25900675735662,-29.208141438164898,161.25812688995447
2024-01-26 14:55:26,122.5372683234014,-32.10955249110549,160.17742695866966
2024-01-26 14:55:31,119.66871515434744,-31.863799430312387,158.03801241884887
2024-01-26 14:55:35,118.49031421747692,-29.07558869910357,157.65213174314368
2024-01-26 14:55:40,118.73712767857829,-28.765156590750713,155.16416964443985
2024-01-26 14:55:45,119.86525442971015,-29.93593769411492,158.00314234252195
2024-01-26 14:55:50,117.19309680847041,-27.230730806098347,156.82713156692688
2024-01-26 14:55:54,117.70570609546336,-29.684331155270904,156.38419996474698
2024-01-26 14:55:58,116.38286365493887,-31.119500050586844,158.28646657697476
2024-01-26 14:56:02,119.17083604463748,-34.08643898478738,159.46182031923018
2024-01-26 14:56:06,121.92239373436328,-34.96161868267724,157.68036163526844
2024-01-26 14:56:11,122.38481647677075,-33.37869309879082,156.57388245470656
2024-01-26 14:56:16,119.93031274050763,-36.21877757083087,157.0890565294738
2024-01-26 14:56:20,120.35257081256894,-37.483421685868976,157.64636014197728
2024-01-26 14:56:24,123.05968416096951,-35.98733850972293,156.83767831537853
2024-01-26 14:56:29,121.55784050112187,-33.18790490580729,155.97575565664732
2024-01-26 14:56:33,118.78763584827016,-34.135778437011155,157.23160977222975
2024-01-26 14:56:37,116.53899817336773,-32.168991836614495,156.51154548149327
2024-01-26 14:56:42,117.08466163671378,-29.956794573762256,155.16822492878515
2024-01-26 14:56:46,114.22236123504955,-29.133704908619304,154.15798224833932
2024-01-26 14:56:51,112.84036775882134,-28.397629883520832,155.49483667458946
2024-01-26 14:56:55,112.78543038032385,-26.705199372666513,152.71658598017072
2024-01-26 14:56:59,114.56564209271346,-24.393012505572123,153.27770137597244
2024-01-26 14:57:04,117.26378132294572,-27.214586703524272,150.4977557692924
2024-01-26 14:57:08,118.95742314809144,-27.994710965648515,153.03836979362944
2024-01-26 14:57:12,116.50519096980457,-27.238383909928462,150.20885296743904
2024-01-26 14:57:16,119.09658248043147,-28.98499497383621,152.06377501832498
2024-01-26 14:57:21,116.63984892479412,-30.599642154803433,150.19275831758168
2024-01-26 14:57:25,116.43039580614892,-29.841607719349796,149.11117370393922
2024-01-26 14:57:29,119.20648112183156,-32.764054239648665,150.49532246771284
2024-01-26 14:57:34,120.54813824768733,-34.163496166617946,149.88274800523862
2024-01-26 14:57:38,117.58577954533612,-34.17095120520908,150.10430402484081
2024-01-26 14:57:43,118.76171293253203,-32.76156964802258,149.22599893952687
2024-01-26 14:57:47,119.48976142668745,-33.929705086236396,146.55996498964944
2024-01-26 14:57:51,119.2558675645376,-36.50827730855865,148.90057653752217
2024-01-26 14:57:55,120.46661903789675,-36.911937897874076,148.81359673383852
2024-01-26 14:57:59,120.27126456801359,-34.943069681957496,151.4546744060037
2024-01-26 14:58:04,119.673677607322,-36.537276570579756,153.47305655390608
2024-01-26 14:58:08,119.55461423685323,-36.29622818689597,156.2954406924858
2024-01-26 14:58:12,121.47352291605391,-36.86042198307444,155.0102289260199
2024-01-26 14:58:16,118.87310036555941,-35.38756219615057,154.45831532878697
2024-01-26 14:58:21,117.71248094058913,-32.9581762529867,153.5704870002672
2024-01-26 14:58:25,118.68633222376944,-31.80384870138158,151.8196424952838
2024-01-26 14:58:30,116.53184297470732,-32.48972855098124,153.30301724843466
2024-01-26 14:58:35,116.24303498244115,-34.38905420411883,156.20629260347192
2024-01-26 14:58:39,114.69282769383432,-35.18994504212037,155.75015952463943
2024-01-26 14:58:43,113.55552517716596,-32.8948777689528,155.66614344437647
2024-01-26 14:58:48,115.07450469756677,-34.049456823157456,153.88024309800159
2024-01-26 14:58:53,113.83246876880801,-34.21253582662809,153.09533881921854
2024-01-26 14:58:58,114.99407595208746,-35.31818866984128,155.4495966091092
2024-01-26 14:59:02,114.97992474210115,-34.701414444426305,152.94537437190334
2024-01-26 14:59:07,117.85157327218126,-33.319742169359905,151.2570791876808
2024-01-26 14:59:11,119.64969869543353,-31.42569049209085,149.61935335412855
2024-01-26 14:59:15,122.55458060717426,-32.545001804499975,147.17981542564144
2024-01-26 14:59:19,122.29746607766687,-31.382795963838724,147.1187198796857
2024-01-26 14:59:23,125.14882277131412,-29.92954184242518,145.71961764968268
2024-01-26 14:59:27,125.90216773485781,-29.800645432692782,143.42279513815492
2024-01-26 14:59:31,127.22372294425605,-27.430205954750186,141.27248204912584
2024-01-26 14:59:35,128.80999237169024,-24.43124585558711,139.89327626652218
2024-01-26 14:59:39,131.1457522374955,-23.154563697497196,141.50505076793098
2024-01-26 14:59:43,128.3336823961215,-20.69239178155964,143.64589220510737
2024-01-26 14:59:48,127.59204347207242,-21.722691251966285,141.66060768182123
2024-01-26 14:59:53,128.53509616048055,-24.04890231243176,140.68245135823275
2024-01-26 14:59:57,127.09768308004064,-23.537396319050636,141.1040684225689
2024-01-26 15:00:02,129.2283353249939,-26.24121528015749,141.2886674807607
2024-01-26 15:00:06,127.27519523586517,-24.337217318236334,140.00740803523678
2024-01-26 15:00:11,124.55158879572814,-23.72615835395235,140.46687281181852
2024-01-26 15:00:15,127.23182144572434,-22.319789859602565,143.0904163444058
2024-01-26 15:00:20,126.6978705671134,-21.6760961179538,143.1747499127678
2024-01-26 15:00:24,128.84401356768274,-21.61385884856606,140.95294977233314
2024-01-26 15:00:29,129.46699750405878,-19.305672017670275,138.0993054484686
2024-01-26 15:00:33,129.37032377448546,-21.23232290963174,137.3264928357467
2024-01-26 15:00:38,126.97936119608133,-22.58163003767163,139.9906832823202
2024-01-26 15:00:42,129.52187827800097,-23.695230120413083,137.3280789669424
2024-01-26 15:00:47,126.56310725607082,-24.891195843326933,135.65726768384803
2024-01-26 15:00:52,127.75484334509747,-27.06979272515089,137.9304997254139
2024-01-26 15:00:57,125.41742529613848,-27.885174555691417,136.94734843664708
2024-01-26 15:01:01,125.77096383351,-27.92607711682358,139.51015839457708
2024-01-26 15:01:06,128.43090236691864,-28.157580414681963,137.04123384135588
2024-01-26 15:01:10,127.3993158990327,-29.553810244799404,135.09124673668927
2024-01-26 15:01:15,129.98213417499431,-29.33537412871821,136.59458139991096
2024-01-26 15:01:20,129.74368473067096,-26.495305979289704,138.25058175063023
2024-01-26 15:01:24,127.9183018530494,-26.734178054629304,140.93419405598783
2024-01-26 15:01:29,127.59877871052493,-25.71537346767269,138.3466694518911
2024-01-26 15:01:34,130.57633700951422,-27.00046613601441,139.0966075525885
2024-01-26 15:01:38,128.05118212840173,-29.92353998176198,139.26987379404758
2024-01-26 15:01:42,127.8914457167248,-30.53486408120751,137.12077446480336
2024-01-26 15:01:47,127.28625166966557,-30.701041730174353,138.39601373762892
2024-01-26 15:01:52,126.16126966126066,-29.694411285028554,136.31532589148154
2024-01-26 15:01:57,127.50348265598342,-31.979452991378494,137.1037842895913
2024-01-26 15:02:02,126.55094413272397,-34.385942220732915,135.11506005793538
2024-01-26 15:02:06,129.15132109786668,-32.46614777114357,135.57572809123172
2024-01-26 15:02:10,131.26022231722922,-33.796189194584926,137.0296054267038
2024-01-26 15:02:15,129.92988583001636,-31.442848539843922,138.2656748344196
2024-01-26 15:02:19,126.94679024416328,-32.369075911023515,139.99356133842886
2024-01-26 15:02:24,126.56345724278819,-31.2054204046383,140.86165615339849
2024-01-26 15:02:28,125.22165705366706,-31.7957293792294,138.83241605900992
2024-01-26 15:02:32,126.70133788652274,-32.11363980238849,136.5720848505998
2024-01-26 15:02:37,123.8875823428294,-30.326399212547667,136.44869186236335
2024-01-26 15:02:41,124.02066487398154,-32.56215016096813,137.76323815005543
2024-01-26 15:02:45,125.6167587847828,-30.797505811228408,135.88089340831
2024-01-26 15:02:50,124.991219793117,-29.09677282574693,138.70139168125002
2024-01-26 15:02:54,123.65092578221903,-27.25761675357236,141.13898830269946
2024-01-26 15:02:58,124.31948356583112,-25.282734894534496,140.55733078793548
2024-01-26 15:03:02,122.08357413193576,-25.501095285750328,143.10188448268494
2024-01-26 15:03:06,119.66810103123119,-23.708474767769037,141.67573986586402
2024-01-26 15:03:10,119.90434944793094,-22.774178328671713,141.02394568217602
2024-01-26 15:03:14,119.96228806048094,-19.989698490737595,141.0338396602612
2024-01-26 15:03:19,120.88586610794418,-22.309391538160348,140.55680618848575
2024-01-26 15:03:24,122.76965838882789,-19.78520127783436,140.03994637671423
2024-01-26 15:03:29,120.25322215518543,-17.49742696042673,140.030996986598
2024-01-26 15:03:33,119.98480671536277,-14.722601846665697,142.88117206366687
2024-01-26 15:03:37,121.28821839426297,-17.632169447083058,143.50527382890238
2024-01-26 15:03:41,122.3145051919752,-19.881745595718407,145.83948698166108
2024-01-26 15:03:46,120.19113810146463,-22.813491501265283,145.23657428647655
2024-01-26 15:03:50,119.30143162023263,-24.589444249391732,145.8930397693639
2024-01-26 15:03:55,117.37948441635646,-27.192167735616575,143.58935184184787
2024-01-26 15:04:00,119.57737166512611,-25.108415968430407,144.11186415871143
2024-01-26 15:04:04,120.78458480426616,-23.544483708094006,146.50965986594244
2024-01-26 15:04:08,118.68401697004028,-20.622055323309244,143.62066756776417
2024-01-26 15:04:12,119.91641193669379,-22.1290402642408,142.49302590832363
2024-01-26 15:04:17,121.13584235404026,-23.729219042274767,140.17265135750372
2024-01-26 15:04:21,119.97950672733087,-26.37011587810048,143.13571689355223
2024-01-26 15:04:25,121.29429674862766,-26.0925750161822,143.52183751738838
2024-01-26 15:04:30,120.15283315853527,-24.498180777067383,142.44737619860268
2024-01-26 15:04:34,120.0986328626,-22.26509316931887,142.93009424231423
2024-01-26 15:04:39,117.40589060832163,-20.31883955511988,142.93880313155478
2024-01-26 15:04:43,116.0464318107881,-22.67063029867423,145.82869298800904
2024-01-26 15:04:47,117.28010559039656,-23.645668650097427,144.05003750956212
2024-01-26 15:04:52,117.64779519968988,-23.181391817631543,143.06830898818666
2024-01-26 15:04:57,118.47510547850943,-25.82624400548077,141.22252871019793
2024-01-26 15:05:01,115.50302696375711,-26.091887102748903,142.18930827737668
2024-01-26 15:05:05,113.56369674235522,-24.726279527203726,140.06290235901386
2024-01-26 15:05:09,114.27086751069906,-25.458284658365365,138.48566753861283
2024-01-26 15:05:14,115.41118603448763,-28.262500361982454,136.30435865814187
2024-01-26 15:05:19,113.72007946692187,-30.71209893912657,134.48157921319012
2024-01-26 15:05:23,115.52019587573,-32.44694711023341,136.25859302365618
2024-01-26 15:05:27,116.71163217464216,-34.695022454062396,134.75450254023366
2024-01-26 15:05:32,114.26419932056176,-33.500138721073625,134.75485266537794
2024-01-26 15:05:37,116.0124965912555,-36.324970916396104,136.17113782919444
2024-01-26 15:05:41,116.08996944146993,-38.45933925582619,137.22139844290322
2024-01-26 15:05:46,114.57439689741918,-39.30784231367386,136.90990512536618
2024-01-26 15:05:51,112.34688927713245,-39.50450622156895,138.86160727177682
2024-01-26 15:05:56,111.07206971063734,-39.00375240805123,136.09909034394101
2024-01-26 15:06:01,111.05684565644162,-36.124258812872576,134.58027971641732
2024-01-26 15:06:05,110.74967031404327,-39.04069259505329,132.09548612555875
2024-01-26 15:06:10,109.66139110796834,-40.51740399667709,133.72315768601544
2024-01-26 15:06:15,106.86444743698758,-38.656531888041556,130.9122312438564
2024-01-26 15:06:20,105.06104128284407,-39.32293660920758,131.99801265395178
2024-01-26 15:06:24,106.28920003625718,-37.02503857459973,129.88065222456237
2024-01-26 15:06:29,105.71241146388815,-36.66063680804916,131.25154053380473
2024-01-26 15:06:33,103.52941065760258,-36.60228203825586,131.20223777508937
2024-01-26 15:06:37,101.52313021598533,-38.74923855723054,130.14752430867975
2024-01-26 15:06:41,100.9340586514057,-35.86698330123481,132.63916184182563
2024-01-26 15:06:46,98.99371637847837,-37.57614268903196,135.18465345621476
2024-01-26 15:06:50,98.75362638002001,-38.202510475847035,137.2654531218757
2024-01-26 15:06:55,100.71863235295099,-37.38708747767839,135.95565628440414
2024-01-26 15:06:59,102.08211641730654,-40.0228462570767,134.1391932176844
2024-01-26 15:07:03,101.94007098501953,-39.72690569263868,135.17621836265386
2024-01-26 15:07:08,101.07093142289659,-40.816156074380615,133.62232391208804
2024-01-26 15:07:12,101.78456345100409,-38.58714927667924,132.64266433307006
2024-01-26 15:07:17,103.16349989941114,-40.909226964912314,129.97790796538735
2024-01-26 15:07:22,103.33905095697425,-42.634032505951666,130.46015323324664
2024-01-26 15:07:27,102.250711040396,-40.201658917115125,129.6016840781027
2024-01-26 15:07:31,103.71140853307105,-38.185400972651664,126.86256937759009
2024-01-26 15:07:35,102.953248699522,-40.71016178960425,124.89109145839214
2024-01-26 15:07:39,100.19796808277582,-41.512100955221214,125.81355554545144
2024-01-26 15:07:44,97.53834152744635,-38.76036683480935,124.91513764436505
2024-01-26 15:07:48,98.28436184099363,-39.66598863986583,122.90988316833136
2024-01-26 15:07:53,99.74383382492238,-41.967675748872594,122.67528348059572
2024-01-26 15:07:58,97.01653522162704,-41.44689558673319,121.55087860126618
2024-01-26 15:08:03,97.39656121163907,-39.75490121611361,118.89969055091896
2024-01-26 15:08:08,98.99317589711393,-40.59906872614313,120.31832752685537
2024-01-26 15:08:13,97.30699627731035,-41.51006520391033,123.07240883096183
2024-01-26 15:08:17,98.97352493987083,-40.636039351056716,121.5084807737028
2024-01-26 15:08:22,101.07608389652003,-43.3402787481634,122.61283406165158
2024-01-26 15:08:27,98.52574429774138,-41.62126769434214,121.86186814955859
2024-01-26 15:08:32,99.59166084767277,-40.223255732566855,119.25593689401342
2024-01-26 15:08:36,98.47495017597292,-41.45466613715796,116.3619213135087
2024-01-26 15:08:41,96.03929310648874,-41.73723380393146,119.35821499557966
2024-01-26 15:08:46,97.4510606875331,-42.97996018611149,122.08931311822987
2024-01-26 15:08:51,95.25932884832565,-42.19965764711148,119.24619573666017
2024-01-26 15:08:56,96.58295847474702,-44.911174429104456,119.84823225583145
2024-01-26 15:09:00,99.13869350329237,-44.212157218118925,122.00855509862537
2024-01-26 15:09:04,97.37283578287457,-43.70363910557544,119.53029711134678
2024-01-26 15:09:08,100.21681690671424,-41.54552798370621,122.17588992404262
2024-01-26 15:09:12,99.75683459029491,-44.40142730552533,123.89860822634196
2024-01-26 15:09:17,100.94664565407155,-46.98091728908067,121.29675560385414
2024-01-26 15:09:21,103.46974780448352,-45.47657037372333,122.20409479718231
2024-01-26 15:09:26,106.04562568939812,-45.364177373826045,120.31527740594348
2024-01-26 15:09:30,104.06988185567786,-47.5263986038167,118.88568850589884
2024-01-26 15:09:35,106.6047170173506,-47.67785041923978,118.46342781753411
2024-01-26 15:09:40,108.21199336228872,-49.691545466154906,117.70799323884555
2024-01-26 15:09:45,110.77234632158759,-47.58647649559439,115.1320899949369
2024-01-26 15:09:50,110.5552949727586,-44.65950592155401,113.69592270229275
2024-01-26 15:09:54,113.09810682992388,-46.74228494494139,116.36619646048156
2024-01-26 15:09:58,111.49471299903746,-48.95057725629018,116.08941313715727
2024-01-26 15:10:03,109.34987069456852,-46.729114925924534,116.44940696123878
2024-01-26 15:10:08,110.70825289769266,-47.45219927580794,115.96832725118348
2024-01-26 15:10:13,113.11181975298335,-47.734740605646685,118.55868650232816
2024-01-26 15:10:18,115.69560478677197,-46.44454216074645,119.48284455467982
2024-01-26 15:10:23,113.7264997714112,-47.3229529854645,116.71338126040355
2024-01-26 15:10:28,114.16066431517436,-48.38599794954941,113.76654816224837
2024-01-26 15:10:32,111.77943534739914,-45.802099387055875,112.07152276896718
2024-01-26 15:10:37,111.91732097195653,-46.92702093097682,111.4081155329358
2024-01-26 15:10:41,111.03566957269952,-49.21998339057309,108.6587568777756
2024-01-26 15:10:46,110.52244056652992,-49.24062480572283,108.15600473560569
2024-01-26 15:10:50,112.87572096047481,-50.56533383622606,108.60019797933832
2024-01-26 15:10:55,113.85509530053386,-51.180079884832494,110.95693583393547
2024-01-26 15:11:00,112.44892341958507,-48.18180106133407,111.81654437280189
2024-01-26 15:11:04,111.2165095476603,-51.005513210816545,111.34745191455276
2024-01-26 15:11:08,111.48859096383208,-52.210073500168306,113.07461081665495
2024-01-26 15:11:12,113.3341252456881,-52.822890657104125,110.39237793479778
2024-01-26 15:11:17,114.49033926208264,-52.85990898715559,112.30725312129326
2024-01-26 15:11:21,116.91415047983821,-50.773369693863756,110.69861235159638
2024-01-26 15:11:26,116.09296451740609,-48.485174157683886,108.22739581894938
2024-01-26 15:11:31,118.81092278505581,-51.119931393157394,108.76902354754465
2024-01-26 15:11:36,117.12894869285384,-49.53090443775655,106.58832608017826
2024-01-26 15:11:41,116.84145421488327,-47.07472176693376,105.47666340569988
2024-01-26 15:11:45,115.5027348964184,-45.732309346861385,104.7118418518219
2024-01-26 15:11:50,113.26291591690601,-48.720234202522356,106.68229408605283
2024-01-26 15:11:54,115.01974432180411,-47.17773162688275,108.93549654995074
2024-01-26 15:11:58,112.35297181322726,-45.889475238214004,106.14739165285467
2024-01-26 15:12:02,114.0808257608465,-46.15605992292385,106.45518704795066
2024-01-26 15:12:07,112.47705337952627,-46.16473973526339,107.39357833532287
2024-01-26 15:12:12,109.87368394820089,-45.637442339409276,110.29784719969291
2024-01-26 15:12:17,111.66277532591448,-45.73920728570558,113.2154092048887
2024-01-26 15:12:21,113.25163891041589,-43.38572315031754,115.99908695865123
2024-01-26 15:12:25,110.26667912633962,-45.45612589331529,114.64501465649568
2024-01-26 15:12:29,109.76461232978569,-43.380641750741404,112.08749919229618
2024-01-26 15:12:34,108.87733043230996,-42.71259256124944,110.41999023806758
2024-01-26 15:12:38,111.58065736822863,-39.82454299181607,109.37252721685101
2024-01-26 15:12:43,109.75963218019092,-38.448123175831746,108.57750952435255
2024-01-26 15:12:47,111.18755418499192,-41.07882018842988,107.46878838726056
2024-01-26 15:12:51,112.655213465358,-41.92406664381775,105.54392862078262
2024-01-26 15:12:56,111.0893547782751,-39.796640478754895,102.75753438128551
2024-01-26 15:13:00,112.36903328684994,-37.07145642383943,100.42433733061229
2024-01-26 15:13:04,111.85455567110655,-38.16666776113113,101.07023126643415
2024-01-26 15:13:09,113.09539544105974,-41.142098000345456,99.13616727376746
2024-01-26 15:13:14,115.96295578229808,-41.07031407964919,99.92564807472614
2024-01-26 15:13:19,116.96937127018396,-42.1899264940791,99.69039130217514
2024-01-26 15:13:23,117.06841393300395,-39.60732791998173,102.06524859974914
2024-01-26 15:13:27,118.57951259276665,-39.91539156209743,101.551133002127
2024-01-26 15:13:31,121.37907019504351,-42.071479688360206,101.39940065349124
2024-01-26 15:13:35,122.84013609603592,-44.51373911281391,100.84511521912908
2024-01-26 15:13:39,120.92691982772925,-41.8767663947512,98.5061023565126
2024-01-26 15:13:44,121.10618055101682,-38.959846766456586,100.29178768024174
2024-01-26 15:13:48,123.09401136010818,-40.46902988867152,98.51265910300572
2024-01-26 15:13:52,123.51486601437219,-40.538562746856336,100.91758480048996
2024-01-26 15:13:57,121.50518356962485,-38.467950793453326,101.88838671813723
2024-01-26 15:14:01,118.69847917675322,-36.86385787629655,101.97726693431576
2024-01-26 15:14:05,117.72384945466587,-38.487106112801555,103.36574962973444
2024-01-26 15:14:09,117.86692821489515,-37.795309005180485,101.59551907925366
2024-01-26 15:14:14,119.15162188892624,-40.72796919105965,103.21063018556882
2024-01-26 15:14:19,119.31734326108148,-41.092466835852406,103.12770765531873
2024-01-26 15:14:23,118.60996180799272,-40.975281110425264,102.25403307582367
2024-01-26 15:14:27,116.46451513888147,-38.48563986933557,104.82210103013371
2024-01-26 15:14:31,114.8909217684214,-36.19198299379727,107.53369314971967
2024-01-26 15:14:36,115.98085881051627,-38.24220576807194,107.10802094814024
2024-01-26 15:14:41,118.74986551437992,-39.49542506148537,105.43757940110932
2024-01-26 15:14:46,117.01496942436361,-36.77673107116132,104.26852947022493
2024-01-26 15:14:51,119.95265975187688,-33.93651043370886,103.09096859626295
2024-01-26 15:14:55,120.98009304959254,-35.399564458793634,104.24060747252568
2024-01-26 15:15:00,121.40091994691801,-36.80047809424839,103.93494862727951
2024-01-26 15:15:04,118.40927559573427,-36.649630264337986,102.42357975706604
2024-01-26 15:15:08,120.887951803576,-35.94525174391042,101.05533184852939
2024-01-26 15:15:12,120.66378199888136,-38.75474790770033,103.14450104336596
2024-01-26 15:15:16,119.20990445972062,-38.69626370229899,105.93343994671288
2024-01-26 15:15:21,120.68055615307986,-41.40057735463147,105.51162098634009
2024-01-26 15:15:25,118.24145600482753,-38.66339415601873,107.1048560592113
2024-01-26 15:15:29,117.48574383912272,-36.789769996762324,107.32543293356476
2024-01-26 15:15:33,118.65770903936883,-36.804912130057154,104.6225548564318
2024-01-26 15:15:38,118.60365200837049,-36.033649292400526,102.50482223408531
2024-01-26 15:15:43,115.63967340970872,-34.478297290046584,99.62326972763509
2024-01-26 15:15:48,117.48781505329953,-35.36988379467929,100.77106420952687
2024-01-26 15:15:53,114.49477729396018,-33.20394057071217,99.42971485491651
2024-01-26 15:15:57,117.37388572771943,-30.806776231607678,100.16099378323752
2024-01-26 15:16:02,118.82497176790456,-29.910357491913427,101.3318243545835
2024-01-26 15:16:06,120.36474590610479,-30.05957574443129,103.04018464938211
2024-01-26 15:16:11,123.27824904823417,-30.92290227739745,102.39282394144684
2024-01-26 15:16:16,125.41687744892599,-31.394411850072395,100.62999679710275
2024-01-26 15:16:20,126.89729177693218,-33.40857972578208,99.46634534442947
2024-01-26 15:16:24,129.34739506359043,-36.11444740602525,102.00104869962377
2024-01-26 15:16:29,127.06873340641155,-38.338705496461685,104.92339741651095
2024-01-26 15:16:33,126.43318108575588,-38.44904148833589,104.78145548291936
2024-01-26 15:16:38,126.86227473940212,-39.88222963520686,105.79867981768274
2024-01-26 15:16:42,124.09394678656471,-42.184887960924094,105.26759665216346
2024-01-26 15:16:46,124.8255639276309,-42.33291375948547,105.25580257859278
2024-01-26 15:16:50,126.04297608067884,-39.62703615700982,105.69516275229009
2024-01-26 15:16:54,128.32721968185663,-36.88002611747646,104.95213136342605
2024-01-26 15:16:58,127.21658056436954,-39.66970067522585,106.49126963278957
2024-01-26 15:17:02,128.76047618179996,-41.19871140775007,108.07101005611852
2024-01-26 15:17:06,131.1317877851674,-40.778463963779814,110.01278303240488
2024-01-26 15:17:10,133.21773408924264,-41.911631443601095,107.48955890034603
2024-01-26 15:17:15,131.74865921351673,-44.89179380736777,110.4260703684658
2024-01-26 15:17:19,128.86585640869308,-42.29883725554239,111.6377765746034
2024-01-26 15:17:24,126.65155611753823,-44.21458788289619,109.68152158299162
2024-01-26 15:17:29,125.75338232491478,-46.582833187283434,110.77558408612221
2024-01-26 15:17:33,126.09432044875066,-44.11216970214745,109.45401395194271
2024-01-26 15:17:37,127.39792210936736,-46.94194266898744,108.94161947619081
2024-01-26 15:17:42,125.90546558819995,-44.79210922300566,110.02475070899828
2024-01-26 15:17:47,125.33759908329566,-47.68359986273656,111.14778425682502
2024-01-26 15:17:51,124.50263084385884,-46.80369093093152,112.25192337116121
2024-01-26 15:17:56,123.297255786837,-48.66955622632139,112.70900563377657
2024-01-26 15:18:00,120.62040442340124,-46.045270635795305,109.73295259729264
2024-01-26 15:18:04,119.23013519101423,-47.1318665537785,109.89113759968114
2024-01-26 15:18:08,117.14472199635495,-47.56867148271594,112.50457739038947
2024-01-26 15:18:13,117.02793399684595,-46.02607488469314,115.42987061993396
2024-01-26 15:18:17,119.9966104908993,-46.86415827532793,118.0390004016526
2024-01-26 15:18:21,121.42535755901768,-46.32201263808324,115.58259340433362
2024-01-26 15:18:25,120.87158910040685,-43.8773298369034,114.05510315111346
2024-01-26 15:18:30,119.51351376848218,-42.38965611718519,115.76234412340064
2024-01-26 15:18:34,119.84389181119663,-39.91546802003977,116.51555469313507
2024-01-26 15:18:38,117.4852338595765,-41.73916950720236,117.15301136087555
2024-01-26 15:18:42,118.09470426352263,-38.993477216053506,114.61576380054574
2024-01-26 15:18:46,118.9985320381935,-41.862413237098146,111.74425007676926
2024-01-26 15:18:51,116.87120632767473,-42.166332153261656,111.84356437426837
2024-01-26 15:18:56,116.57481655416404,-42.11560638620872,109.46786321520814
2024-01-26 15:19:00,115.33169463358132,-39.580985645511916,110.00582960450713
2024-01-26 15:19:04,116.87082250633988,-40.329820208926314,110.437823535969
2024-01-26 15:19:09,114.51272023334107,-38.29419263764807,111.00753296228214
2024-01-26 15:19:14,116.79568985063052,-35.32969365920107,110.67508838777243
2024-01-26 15:19:19,116.27783466010483,-34.000406222278215,112.41203504329715
2024-01-26 15:19:23,114.26154633483618,-32.40085382771592,114.21388145250062
2024-01-26 15:19:27,113.67723356306593,-33.93139822985597,115.62704138483919
2024-01-26 15:19:32,112.33081123234157,-32.90721890554258,114.88455586232344
2024-01-26 15:19:37,111.73042364428245,-32.21223961897463,117.21116149763539
2024-01-26 15:19:41,109.99425023791824,-29.665505534807956,114.26067900623059
2024-01-26 15:19:45,111.03427847868831,-31.10672142394614,112.36617093881839
2024-01-26 15:19:49,113.44947927613117,-31.2586704574649,113.38169048752194
2024-01-26 15:19:54,113.75979126295009,-32.68076038533258,111.52455172297468
2024-01-26 15:19:58,116.52258135021697,-34.25527706918514,108.53555206046063
2024-01-26 15:20:02,119.27014434357405,-34.82851620236794,110.60699605473918
2024-01-26 15:20:06,117.93610697568779,-34.79321629466973,111.43365008196871
2024-01-26 15:20:11,117.52423822781626,-31.848589055720907,111.29979716951894
2024-01-26 15:20:16,119.76182784020557,-28.948728039157515,114.22928755396083
2024-01-26 15:20:20,120.26752576863876,-28.45444751107276,116.06571381680227
2024-01-26 15:20:25,123.25251809098461,-28.65359211266004,118.62951518896301
2024-01-26 15:20:30,120.57820628771819,-29.20480918777595,121.12172388892937
2024-01-26 15:20:35,118.50663494974995,-28.822311883380177,119.50050902763734
2024-01-26 15:20:39,120.02066605715805,-31.014464124009717,119.73058341612771
2024-01-26 15:20:43,117.04882073807981,-30.008181031160067,120.52184830520193
2024-01-26 15:20:48,116.86468515448196,-32.8942795115787,118.30613857074934
2024-01-26 15:20:53,118.9201251770059,-35.563721965331084,117.62080110538137
2024-01-26 15:20:58,121.29873550917338,-36.51083262980699,119.42414737652005
2024-01-26 15:21:03,119.57307465742967,-37.632805159825914,119.89190916130083
2024-01-26 15:21:07,121.65011860703741,-36.86386042141705,118.30017630509649
2024-01-26 15:21:12,121.21741117220652,-38.96234975458272,116.44538956952576
2024-01-26 15:21:17,120.17254228400228,-41.07133731745355,115.86628298723639
2024-01-26 15:21:21,117.99994200737785,-44.00444391607632,117.28141903169916
2024-01-26 15:21:25,116.85610723008153,-45.124325620710664,115.2358857338526
2024-01-26 15:21:30,114.38430976246497,-42.981009063099364,116.4147074904475
2024-01-26 15:21:34,112.85094663805398,-41.005059209457436,116.59730328783337
2024-01-26 15:21:39,110.9781665015056,-41.03005965746446,117.94522804645658
2024-01-26 15:21:44,111.23359270562419,-39.878386503525164,114.94527445353047
2024-01-26 15:21:49,112.80393312882155,-41.87963533061004,112.79072083957925
2024-01-26 15:21:53,114.62042848928803,-43.54667003998799,114.74046060192767
2024-01-26 15:21:57,114.50830509274425,-44.99287967599508,116.6522602710853
2024-01-26 15:22:02,113.51008884848977,-47.72787956335721,116.10817790249264
2024-01-26 15:22:07,112.01780223246426,-50.449087795316935,115.57638030980999
2024-01-26 15:22:12,114.99993007926372,-51.74601807096324,117.39158936112057
2024-01-26 15:22:17,116.63820223583781,-53.62814594417163,115.9070670677195
2024-01-26 15:22:21,117.25660795295569,-56.53047718052653,117.08023159917558
2024-01-26 15:22:25,120.01975261539569,-59.3162768310148,119.50529210306229
2024-01-26 15:22:30,121.42244331646559,-57.75780858419894,119.98193844895675
2024-01-26 15:22:35,124.22570393068308,-54.89784802678356,118.792027154698
2024-01-26 15:22:39,122.88128738671735,-54.13490993391416,115.94035536394718
2024-01-26 15:22:43,125.31482784383044,-51.24755728991934,113.47960175754332
2024-01-26 15:22:47,125.2363823598518,-51.72312774189794,111.52784904115175
2024-01-26 15:22:51,123.07697333582075,-51.03774170037106,112.24968056857738
2024-01-26 15:22:55,125.25174970744533,-53.511259590492216,111.10317308167694
2024-01-26 15:22:59,125.9118059364335,-52.53824187325774,113.8589083112213
2024-01-26 15:23:04,125.15926939000084,-54.344123200669415,113.07383506805334
2024-01-26 15:23:09,125.83571784878558,-54.80835619336359,112.9567350563313
2024-01-26 15:23:13,128.28814362251964,-52.95610192473649,110.17360443121821
2024-01-26 15:23:17,125.68748437878787,-54.79339317433676,108.13873737342398
2024-01-26 15:23:21,124.4833405907278,-53.88995734470341,110.05695600923887
2024-01-26 15:23:26,122.88206493558775,-51.81414834901048,109.11081775296144
2024-01-26 15:23:30,121.16696226445285,-49.308518590209644,106.1161192404114
2024-01-26 15:23:35,123.06245063061321,-46.837125636610835,104.031486051176
2024-01-26 15:23:40,120.67077569091498,-46.55350980606164,101.06380866146438
2024-01-26 15:23:44,121.61069864494881,-49.011491512443165,99.96659409463926
2024-01-26 15:23:49,123.00276654435531,-49.917477989333385,97.25375558981152
2024-01-26 15:23:53,124.98324043711551,-52.5769693302229,98.43572085538962
2024-01-26 15:23:57,125.79293773726772,-50.862111651426204,97.24518886861222
2024-01-26 15:24:02,126.05048231389779,-49.999158428376546,95.91137372516411
2024-01-26 15:24:07,123.87623720263299,-52.013996190045376,98.38929580289518
2024-01-26 15:24:11,125.62086885538861,-54.97881761368424,98.02475965630885
2024-01-26 15:24:15,126.36056450643113,-57.04217118288637,99.1905840701177
2024-01-26 15:24:20,127.65023389291505,-59.36184521764936,101.99467184067504
2024-01-26 15:24:25,127.89274739772719,-60.88185971194795,101.33758025377419
2024-01-26 15:24:29,130.35805400135317,-61.099210347094065,100.09120624383506
2024-01-26 15:24:33,130.03240475587404,-60.451945234371955,100.86763161607352
2024-01-26 15:24:38,130.86096542592716,-59.58139145600045,97.88391060555966
2024-01-26 15:24:43,132.58828904579912,-58.01321643531349,97.54528403875537
2024-01-26 15:24:47,132.50826961369654,-59.73370843204697,98.96364747172892
2024-01-26 15:24:52,131.12716935301,-60.04484472337211,101.81893840137771
2024-01-26 15:24:57,129.79252575349145,-62.338147588169136,102.48701387196999
2024-01-26 15:25:01,129.19784071979313,-60.24207973605627,104.939489087498
2024-01-26 15:25:05,129.2982096789523,-63.180494199463034,106.06913367212863
2024-01-26 15:25:09,128.0112117683076,-65.33423597568546,108.40991738434455
2024-01-26 15:25:14,126.2370508267183,-67.16785118628258,109.68750114070946
2024-01-26 15:25:19,126.19714593173492,-65.3764618608369,107.53707346042938
2024-01-26 15:25:24,125.71134325409034,-64.64979035350487,110.38612987473915
2024-01-26 15:25:29,127.04908022281506,-63.27900186865643,111.86427818363711
2024-01-26 15:25:33,125.72225928817997,-64.08705205239983,110.47904508087056
2024-01-26 15:25:38,125.48729209946723,-62.05800176161323,112.49362727262832
2024-01-26 15:25:43,125.56137715822896,-59.366571637134214,114.21702253787959
2024-01-26 15:25:48,122.83956912122427,-58.1576435117251,112.7998668036289
2024-01-26 15:25:52,122.33780997513546,-56.05777027349227,111.55141538746112
2024-01-26 15:25:56,121.07684245849049,-56.18426276441555,110.86934255118055
2024-01-26 15:26:00,122.4737975072077,-57.56361671945699,109.77143734489599
2024-01-26 15:26:04,122.34923054401918,-55.157542831922285,108.0488486521965
2024-01-26 15:26:08,120.72949393853273,-54.89492579105026,108.0485944999094
2024-01-26 15:26:12,123.61875663051488,-52.97858183544588,110.26490289495075
2024-01-26 15:26:16,122.7813181469963,-50.160808468634336,112.93999199526914
2024-01-26 15:26:20,120.03587143983046,-47.27187487856881,111.89333183839149
2024-01-26 15:26:24,119.64300987262365,-46.96569453809619,109.43137662819065
2024-01-26 15:26:29,118.96978739060307,-45.284400989234385,106.64643104152005
2024-01-26 15:26:33,118.96889633325443,-44.42045558636008,106.75036902701429
2024-01-26 15:26:38,118.15177042450378,-45.66962929395523,107.02499473627874
2024-01-26 15:26:42,116.70403919472692,-44.164535128485085,109.83176439515896
2024-01-26 15:26:47,117.38677580583897,-43.534964702275204,109.19291389456149
2024-01-26 15:26:52,114.77121241242473,-43.01554600453905,109.0239974518362
2024-01-26 15:26:57,115.34728006099644,-45.05674424470347,106.40119592184506
2024-01-26 15:27:02,113.30645775521876,-44.545876056867954,107.45776095524491
2024-01-26 15:27:07,112.27565623070934,-44.007635237240535,109.0224313872707
2024-01-26 15:27:11,110.45985847938148,-44.57832645727929,110.26011826334951
2024-01-26 15:27:16,108.42654653894992,-42.04558205448108,109.44616715831002
2024-01-26 15:27:20,106.82426531379572,-44.53915531833339,111.63070106715641
2024-01-26 15:27:24,107.29683047285096,-43.750915002293624,112.58312257808207
2024-01-26 15:27:29,106.91675101358699,-44.342737014432366,114.98483860042862
2024-01-26 15:27:33,107.98188170848945,-41.44439724073921,116.72505411278709
2024-01-26 15:27:38,106.99124175245214,-38.71966165181006,117.13595747802768
2024-01-26 15:27:43,108.01212880153855,-40.4974679602199,119.73592018778228
2024-01-26 15:27:47,107.63457111148868,-42.02485032579115,121.23124280436352
2024-01-26 15:27:51,106.4923289345609,-41.86727821073228,123.2435804357884
2024-01-26 15:27:56,108.0265622409213,-44.27382186109875,120.38747754640677
2024-01-26 15:28:01,107.19693089111712,-43.18258398573462,122.12938601690719
2024-01-26 15:28:05,105.32007538329276,-41.21954551426751,124.03698133077543
2024-01-26 15:28:10,107.44641364160535,-41.94165133504929,122.38220077837614
2024-01-26 15:28:15,107.72310522796474,-42.600920778399875,124.30846725572287
2024-01-26 15:28:19,107.19105325358929,-40.73500631548727,125.61359113346086
2024-01-26 15:28:23,108.0091813274307,-42.60502553531228,128.3194217950972
2024-01-26 15:28:28,105.78510695335078,-44.06433076150812,126.54099800568562
2024-01-26 15:28:33,103.18487476347029,-44.22891906936938,126.70983746130494
2024-01-26 15:28:37,104.45197082120937,-44.87886180496988,123.90120375824739
2024-01-26 15:28:42,102.59845799955926,-44.785750777409994,122.03429647716057
2024-01-26 15:28:46,101.81765009726698,-44.8042329934073,122.32021486548526
2024-01-26 15:28:51,99.18539511316406,-46.52888420319743,122.60117715766683
2024-01-26 15:28:55,97.3228796888473,-46.36060954676741,123.2191782940298
2024-01-26 15:29:00,98.4168109604774,-44.168884996829135,123.4534910707211
2024-01-26 15:29:05,99.65415837637126,-44.960523720564034,125.73083653477624
2024-01-26 15:29:10,101.75613716969595,-47.93774096147364,127.8700078149626
2024-01-26 15:29:15,101.99302602637744,-45.14903686327342,125.58535396512784
2024-01-26 15:29:20,99.04791767812357,-46.27511845742736,125.50763659275839
2024-01-26 15:29:25,96.08404267678027,-44.50935732320369,124.98838091062325
2024-01-26 15:29:30,95.22374241864529,-47.18239580906963,123.6041049266634
2024-01-26 15:29:35,96.24710108543167,-49.185443343006455,125.21791701961928
2024-01-26 15:29:40,94.66158548351943,-51.44073820753073,126.06648778360233
2024-01-26 15:29:45,96.32965280641471,-52.156219947302574,123.93558914118958
2024-01-26 15:29:50,97.16506494446439,-53.16382052967215,121.39873370700089
2024-01-26 15:29:54,98.05355492550443,-53.48048994889107,120.6229145583512
2024-01-26 15:29:58,100.68932937474236,-52.52252029365944,123.525571764278
2024-01-26 15:30:03,101.06945167463904,-51.21507939970837,125.00975682896492
2024-01-26 15:30:08,98.40432171925501,-49.90063325070688,124.5488394987299
2024-01-26 15:30:12,99.75821819319059,-51.79599210858878,124.36954925007183
2024-01-26 15:30:17,101.78811976483665,-54.1874153260065,126.60126552439075
2024-01-26 15:30:21,99.02093432147267,-51.708598548885014,126.46535446293493
2024-01-26 15:30:26,96.49220986086264,-49.096625347143345,127.83905328864381
2024-01-26 15:30:31,94.41081276886183,-50.7581990083707,130.7286591734894
2024-01-26 15:30:36,96.20008514302704,-49.95842120463025,130.01954853708972
2024-01-26 15:30:41,94.8465595089828,-47.11491905228869,128.88523749633924
2024-01-26 15:30:46,96.72676001631893,-45.92023851513725,126.708463705311
2024-01-26 15:30:51,93.81422060825466,-43.66276933440574,128.92892331378178
2024-01-26 15:30:55,95.89315880537985,-44.1593941432243,129.28444442276128
2024-01-26 15:31:00,96.5770233487338,-42.27229718273894,129.7918642754759
2024-01-26 15:31:05,99.48065169510103,-40.78849349851729,131.78258591595016
2024-01-26 15:31:10,96.93208467063644,-40.61471345817553,134.02892100359793
2024-01-26 15:31:15,94.21307540130135,-41.829094293239095,135.72230789148017
2024-01-26 15:31:19,94.62560570583493,-39.35416959705953,137.2122768908703
2024-01-26 15:31:24,96.16174004618128,-40.26079187604782,134.956497680467
2024-01-26 15:31:29,96.04988338341721,-37.80187624987111,135.25508748077337
2024-01-26 15:31:34,93.81496343040537,-39.02119691814112,136.155634662552
2024-01-26 15:31:39,94.29038962960786,-37.695560872991585,133.6440324097508
2024-01-26 15:31:44,96.54895612438908,-36.5431775668302,135.85901401166905
2024-01-26 15:31:48,96.11062118276921,-38.298099232467685,136.28048933621056
2024-01-26 15:31:52,94.47893217928419,-36.33658494173699,137.06926916334933
2024-01-26 15:31:56,94.15763508084136,-35.75880853994381,138.12480228344836
2024-01-26 15:32:01,93.5685677868847,-33.44862604828239,135.38463734796576
2024-01-26 15:32:06,93.72293815296551,-35.65835071851255,136.73558183472372
2024-01-26 15:32:10,96.70621958408339,-34.23747606279504,135.73626128500166
2024-01-26 15:32:15,93.95153989305182,-36.99970083905008,136.96206462948047
2024-01-26 15:32:19,91.98837823738236,-37.664186147975556,136.82367492273218
2024-01-26 15:32:23,93.54372517412801,-39.02076631230037,136.6300762113604
2024-01-26 15:32:27,96.01441323545465,-41.163078752975544,138.62042896327284
2024-01-26 15:32:32,96.32520320241136,-41.180959450201335,139.10340872643883
2024-01-26 15:32:37,96.68503378468657,-40.91750247365907,136.49915824438932
2024-01-26 15:32:41,99.26390708751399,-43.391605489402515,137.81734800366291
2024-01-26 15:32:46,97.74040198264791,-40.99240133949141,137.46098090609235
2024-01-26 15:32:50,95.40659907800848,-42.04550538635301,138.37493854019186
2024-01-26 15:32:54,97.53376635714412,-43.874263933204226,135.43333445429423
2024-01-26 15:32:58,98.06930652860501,-42.386374190997714,135.01860153535168
2024-01-26 15:33:02,95.25283490572811,-45.052634574871774,132.823033244951
2024-01-26 15:33:06,97.44635286735893,-46.691287778500204,130.66860843242685
2024-01-26 15:33:11,98.81736082935308,-48.459235257123275,129.51135141594446
2024-01-26 15:33:15,96.98987884113484,-48.264592765351345,128.36501540042607
2024-01-26 15:33:19,96.80064101729708,-46.52396652784153,128.3182104910037
2024-01-26 15:33:23,94.68197188425457,-47.906398091632084,129.39675305419615
2024-01-26 15:33:28,92.89400273963928,-50.73975817841178,130.1145197778884
2024-01-26 15:33:33,90.25314504146252,-52.55442901675613,129.94563817207728
2024-01-26 15:33:38,89.24001781643396,-50.180683860862615,131.15325951676272
2024-01-26 15:33:43,86.9955207147849,-53.14673301176968,133.26265400111234
2024-01-26 15:33:48,87.15461623458023,-53.48864050486324,136.22282992765946
2024-01-26 15:33:53,88.62159878506456,-53.71051742513914,135.24163164885016
2024-01-26 15:33:57,85.79689254644809,-52.64527967663052,132.83013421203086
2024-01-26 15:34:01,88.21254300513039,-49.726370670471894,130.1198366443537
2024-01-26 15:34:06,85.72238752095393,-50.76676134935723,129.39657176254968
2024-01-26 15:34:10,83.93078536436356,-52.676082900331,127.32743616093126
2024-01-26 15:34:15,84.50905097733424,-52.832619534815734,125.5201855485993
2024-01-26 15:34:20,83.10905214484652,-52.755435490050886,123.53006149770144
2024-01-26 15:34:24,82.77168105208658,-52.90033827017219,125.59774464991924
2024-01-26 15:34:29,82.5997616693133,-50.041656387590024,126.3063643929739
2024-01-26 15:34:33,80.33765666136412,-50.16178403482838,125.36497481016696
2024-01-26 15:34:38,78.7237372777915,-52.54604280489439,127.14076175475196
2024-01-26 15:34:42,79.55829247656753,-53.07170250764561,126.83867675600723
2024-01-26 15:34:46,76.58568528411051,-54.616967215686444,129.13382755799398
2024-01-26 15:34:51,78.8641020071923,-52.632169530865724,131.85720012892278
2024-01-26 15:34:56,79.25107475350147,-51.472767366436344,130.61626588270818
2024-01-26 15:35:00,78.75617333844933,-48.58894218218422,129.60771671537884
2024-01-26 15:35:04,78.55267860602352,-48.8504197650071,130.40515704359422
2024-01-26 15:35:08,81.54081535078886,-49.210993357509665,131.04880930113578
2024-01-26 15:35:13,83.19337133177913,-51.34745728736127,129.05786033500192
2024-01-26 15:35:18,84.75303348223446,-49.11903458244036,127.9151888554847
2024-01-26 15:35:22,84.1565826585433,-50.441936634445184,128.33644570939407
2024-01-26 15:35:26,86.76765724749828,-51.94948134694319,128.14272064690917
2024-01-26 15:35:31,86.08121817419725,-49.25256142068743,127.20611348550804
2024-01-26 15:35:36,85.38987851356184,-50.434290531421254,129.23757737365352
2024-01-26 15:35:41,83.89017898664432,-51.39252654872652,131.88661349739397
2024-01-26 15:35:45,85.61010236535097,-52.151086550071376,133.81336239632623
2024-01-26 15:35:50,88.14040002002088,-52.34661026538127,133.77889253576913
2024-01-26 15:35:54,89.39786191510089,-51.38474015404062,136.3792711616129
2024-01-26 15:35:59,88.41534345784788,-48.541163580438656,133.4245449801099
2024-01-26 15:36:03,86.79568698802372,-51.10653224297694,134.93308795185632
2024-01-26 15:36:07,88.20753188054566,-52.73211110018923,134.1095368303762
2024-01-26 15:36:11,90.81620167151755,-54.13821588151464,134.29090284872763
2024-01-26 15:36:15,93.17209172910856,-51.211355871624804,137.26062963777858
2024-01-26 15:36:19,93.90638119476276,-50.324358382072525,135.36217118900086
2024-01-26 15:36:23,95.06692779238475,-52.561473094421515,133.3954981196256
2024-01-26 15:36:27,95.3380131940482,-50.1322190625931,130.90625137612128
2024-01-26 15:36:32,95.42734909570082,-48.58080593222421,130.39564695544743
2024-01-26 15:36:37,94.90789272279729,-47.93052461099633,129.3766881509807
2024-01-26 15:36:42,96.81641955818844,-49.851569551998345,131.3416983469075
2024-01-26 15:36:46,98.35171503615337,-51.14300690108513,129.31338516329706
2024-01-26 15:36:50,96.29490629219978,-50.0793097548249,127.3053777673988
2024-01-26 15:36:54,94.98158788644488,-48.78545487099758,127.69041283433324
2024-01-26 15:36:59,94.88649753084566,-47.8319050788235,126.8996791030352
2024-01-26 15:37:03,93.53593940387783,-46.478596503649236,126.6573208515396
2024-01-26 15:37:08,95.49496914718308,-47.000890048691815,129.488665650556
2024-01-26 15:37:13,94.27812765050565,-48.2467073377861,126.58852810332814
2024-01-26 15:37:17,95.25486266799601,-50.95787786281672,123.68969136416017
2024-01-26 15:37:21,95.28451194687973,-49.92839905136796,124.50901764789248
2024-01-26 15:37:25,92.98529880411252,-47.56636996338908,126.97086828860913
2024-01-26 15:37:29,94.28641444222632,-47.01832439062033,128.91265658605312
2024-01-26 15:37:33,92.33686861843364,-47.223640292845616,127.94743117233264
2024-01-26 15:37:37,92.00649932522464,-45.84371636560137,126.59940516002669
2024-01-26 15:37:42,94.68567866099914,-45.253626887781785,128.10266646679963
2024-01-26 15:37:47,92.01399155090733,-43.238661314650756,129.2130234307343
2024-01-26 15:37:52,92.87175525244022,-42.75909872732324,128.6367830250807
2024-01-26 15:37:57,95.67514125618973,-41.55079515690916,129.48958873656787
2024-01-26 15:38:01,92.90903660599358,-43.78635116467778,128.82730380735234
2024-01-26 15:38:06,91.05035266211816,-43.57110085059553,131.21713978311223
2024-01-26 15:38:10,88.91980128333967,-42.179947519338256,132.59735937232915
2024-01-26 15:38:14,87.20555763559929,-40.70731966760543,132.27494888794655
2024-01-26 15:38:18,86.78690520067317,-39.6773214083173,129.46042813674555
2024-01-26 15:38:23,86.9341503834964,-38.340726992597844,128.83182089125188
2024-01-26 15:38:28,87.20310470955354,-37.188827771141895,130.21852069301923
2024-01-26 15:38:33,84.94643039796878,-36.540250105286475,132.26365465759844
2024-01-26 15:38:37,86.08331037548407,-39.133238244127156,130.44470376318216
2024-01-26 15:38:42,85.17508891245808,-36.95504537855584,132.8763766054258
2024-01-26 15:38:47,86.58486220160479,-38.59433433985184,130.66001109573617
2024-01-26 15:38:52,84.47153619360428,-38.57053226819731,128.5992801680147
2024-01-26 15:38:57,81.94154466261465,-41.082238126042746,130.19215970790128
2024-01-26 15:39:01,81.26945554045226,-41.05361977211985,128.61355921733713
2024-01-26 15:39:05,83.16185350629924,-39.69646732784196,126.29315920547415
2024-01-26 15:39:10,80.26085453933234,-39.52790204024764,123.62317964607269
2024-01-26 15:39:14,79.17801752708074,-41.83177922453736,122.37786023290691
2024-01-26 15:39:18,80.26664347033903,-41.044295755781185,123.8630561052101
2024-01-26 15:39:23,83.03623790443956,-39.49109615360642,121.48521965824283
2024-01-26 15:39:28,84.33806988523992,-37.50864295211824,123.62327373965194
2024-01-26 15:39:33,81.50408657564107,-38.57284071875217,122.19047503634312
2024-01-26 15:39:37,82.63494087233137,-40.033477094244525,123.59652421599526
2024-01-26 15:39:41,83.19341157103015,-38.056269849695695,126.3604506752267
2024-01-26 15:39:45,82.56258705300239,-35.81668261973933,126.93405421203167
2024-01-26 15:39:50,84.47159060903483,-34.86004071156752,128.30750418148767
2024-01-26 15:39:54,87.17175670249826,-34.169562061881734,125.52611159504048
2024-01-26 15:39:59,86.87324462876856,-36.75567029847932,124.75567357603639
2024-01-26 15:40:03,86.3344213409162,-39.685400614804166,123.6622838164467
2024-01-26 15:40:08,87.41046686933184,-42.52819252206287,123.06580163862843
2024-01-26 15:40:12,89.5140676873305,-41.92459687519499,123.98011719301977
2024-01-26 15:40:17,91.82904705841015,-39.09457513832524,126.18471961152605
2024-01-26 15:40:21,88.98516764957246,-41.56996280325013,124.11266785167015
2024-01-26 15:40:26,87.98847203340819,-42.84118243939014,126.51265819166304
2024-01-26 15:40:31,90.85197148438805,-40.19633061062004,128.44661023518012
2024-01-26 15:40:36,93.04890680938401,-37.407143488223156,130.45599967919517
2024-01-26 15:40:41,93.0052747262273,-36.272445297337015,131.04465904855843
2024-01-26 15:40:45,94.52296545006803,-38.137318446934295,132.36019116563006
2024-01-26 15:40:50,94.90607516423208,-36.855924713259895,129.7729191082925
2024-01-26 15:40:54,94.42454218979749,-36.41364726213152,130.66021029497915
2024-01-26 15:40:58,96.92134663277933,-38.52690636035958,127.79414230216187
2024-01-26 15:41:03,97.43238520465225,-41.02286894006529,126.30266204969368
2024-01-26 15:41:08,99.80462494458733,-39.89580569514775,124.04258822991648
2024-01-26 15:41:13,99.55751144659781,-38.84669410292515,125.11055932856797
2024-01-26 15:41:18,97.6249009806247,-37.29732713790953,122.40375815290449
2024-01-26 15:41:22,98.50540570260108,-37.59258052691241,120.57739333014682
2024-01-26 15:41:26,97.27396726843877,-37.870455976470836,120.50886264262786
2024-01-26 15:41:31,95.09410243311646,-35.90252237551681,119.55917231874999
2024-01-26 15:41:35,93.63834907029677,-34.42880276066043,122.03291417097778
2024-01-26 15:41:39,93.13698891844489,-36.02523843455893,123.72471876943743
2024-01-26 15:41:43,94.23299847594845,-35.57682867124557,122.32140791124381
2024-01-26 15:41:48,96.76769604495134,-37.40734029703396,124.80460679369328
2024-01-26 15:41:53,96.6236106208531,-38.91422181495501,123.37921213908783
2024-01-26 15:41:58,97.73861487700557,-36.00036134955718,122.98738761528598
2024-01-26 15:42:02,98.47227498689965,-38.26215041694997,124.26040205388665
2024-01-26 15:42:06,99.00022353259277,-39.39603454601894,121.91575166950683
2024-01-26 15:42:11,99.23365940925981,-39.82542169394894,119.74235584261031
2024-01-26 15:42:16,99.47470652727016,-40.43236076141684,121.25009699443564
2024-01-26 15:42:21,98.62788071444515,-42.19501292944339,120.45361071246776
2024-01-26 15:42:25,98.33297461358514,-43.55174891407952,118.277331280084
2024-01-26 15:42:30,100.78269743153082,-44.39001614604571,120.10997582219599
2024-01-26 15:42:34,100.24396406883469,-42.035462861219,120.32031116206164
2024-01-26 15:42:39,101.48001310713774,-42.3253897404879,121.86199417359512
2024-01-26 15:42:43,101.49996192110297,-39.52153716192566,123.00243711646591
2024-01-26 15:42:47,102.05321870960401,-42.35249265583769,121.20999760175455
2024-01-26 15:42:52,102.4486937989215,-39.64215050709447,122.65470723852312
2024-01-26 15:42:57,104.3793249865804,-39.016082766330555,125.05113146614806
2024-01-26 15:43:02,101.86278129984375,-38.56044013500888,125.9076036486176
2024-01-26 15:43:07,99.79733972205707,-35.9911365618431,125.30146329318649
2024-01-26 15:43:12,100.08587758921985,-37.73953138538179,125.0310975896183
2024-01-26 15:43:17,102.29499147755027,-37.61514139409252,123.40385087083713
2024-01-26 15:43:22,104.92393402508668,-37.087895308621384,121.9169399365067
2024-01-26 15:43:26,102.0471654165309,-36.38856615840132,123.51321987139926
2024-01-26 15:43:30,104.98811829030826,-34.861055382297096,122.10671470010071
2024-01-26 15:43:34,102.95651307307241,-34.77647570586876,121.28700183244659
2024-01-26 15:43:39,103.58065133959393,-36.5961326192536,124.21772873943561
2024-01-26 15:43:43,102.69317588566483,-34.60693589796183,124.52565145054147
2024-01-26 15:43:48,101.86398106672519,-34.537841934879296,126.63298609492901
2024-01-26 15:43:52,99.07718178133652,-32.50887240047509,128.04469782583874
2024-01-26 15:43:56,99.2785063288804,-30.343005368025942,125.42986769041241
2024-01-26 15:44:01,97.50334670762341,-30.97597494889105,124.66901454490656
2024-01-26 15:44:05,97.27114678319298,-32.52821527293477,123.58536790913037
2024-01-26 15:44:10,97.44290653863932,-35.14379376986352,125.65206674948084
2024-01-26 15:44:14,97.69632377770948,-36.510901683094545,123.80529067624073
2024-01-26 15:44:18,97.51039652629335,-35.25839014297366,122.16783882503643
2024-01-26 15:44:23,98.33001206272367,-38.12941106290991,124.822256321722
2024-01-26 15:44:27,100.02311207170528,-37.198706377532716,122.53801598280839
2024-01-26 15:44:32,99.14557767242101,-38.35784934757544,121.0216532954502
2024-01-26 15:44:36,98.89651191901979,-36.23983583108288,118.14447830233185
2024-01-26 15:44:41,99.28494447751747,-33.25470575871402,119.76855577157518
2024-01-26 15:44:45,96.71173577786728,-36.19743682350065,122.69151357759452
2024-01-26 15:44:49,99.14671778993554,-34.05831908789946,121.62744357131568
2024-01-26 15:44:54,97.29100287324965,-32.940977171025416,121.9571083707586
2024-01-26 15:44:59,95.2268411038396,-31.41151437997792,124.80755256537259
2024-01-26 15:45:03,94.59721939901257,-28.6363701006808,123.58756444531059
2024-01-26 15:45:08,96.18336479297254,-25.998660372684412,123.3592195734216
2024-01-26 15:45:13,96.21477223718517,-23.548323996264227,123.90142201396111
2024-01-26 15:45:18,98.88436315194524,-23.932574043215048,125.69199105946845
2024-01-26 15:45:22,100.5908602771166,-23.4449907715564,123.56565313243593
2024-01-26 15:45:26,103.47771714724163,-21.216864739016657,123.058595177228
2024-01-26 15:45:31,102.95206202375253,-21.219548658033894,124.19539379634544
2024-01-26 15:45:35,104.73803106989173,-19.64703139266281,122.00642382494313
2024-01-26 15:45:40,107.34563124102374,-20.678900822289034,122.75461767483085
2024-01-26 15:45:45,105.13243739577217,-19.616632366075635,119.78231024391503
2024-01-26 15:45:50,106.96983886275832,-19.037540244022452,117.52487899559524
2024-01-26 15:45:54,104.84293438843486,-16.63149873500365,120.42320498674991
2024-01-26 15:45:58,106.64945651571794,-18.14647169747258,117.68347660645189
2024-01-26 15:46:02,103.96288078626218,-19.356031947435294,114.76480211429258
2024-01-26 15:46:06,102.70050060044939,-18.44390853085903,117.62224724178623
2024-01-26 15:46:10,103.38455866154375,-19.930953905994617,117.21968119733006
2024-01-26 15:46:15,103.06105152780633,-22.57803463058346,116.67958402025215
2024-01-26 15:46:20,100.63199859940771,-19.85370046505433,116.66312932245816
2024-01-26 15:46:24,101.8735456132008,-18.952149601927175,118.43223321431171
2024-01-26 15:46:28,101.01964180450169,-18.53722249809085,117.19861035687865
2024-01-26 15:46:33,103.90906709172386,-20.23246124845833,114.67607348598567
2024-01-26 15:46:37,101.20641718292148,-19.102798898186336,113.39647294886515
2024-01-26 15:46:41,100.77260007539259,-18.778344079559524,112.62309311881195
2024-01-26 15:46:46,103.71402798892059,-15.936055184578489,110.9158275910889
2024-01-26 15:46:50,103.97394409317518,-14.120661916770805,109.52702060538411
2024-01-26 15:46:55,105.66494981261681,-15.714068450579006,110.8414442183421
2024-01-26 15:47:00,106.32695446147153,-15.71995905866093,112.84026096345136
2024-01-26 15:47:05,109.25403479344789,-14.721058348924874,114.19176426914115
2024-01-26 15:47:10,110.35560566993608,-15.332111592960693,111.47181235913494
2024-01-26 15:47:14,111.58011588153026,-14.387315336566372,109.34478328269269
2024-01-26 15:47:18,114.53439593623501,-13.252656656094562,111.16320467829631
2024-01-26 15:47:23,113.52773972704996,-15.285769499870963,111.99845815301256
2024-01-26 15:47:28,113.73172039683838,-17.14438291805066,113.89807473208145
2024-01-26 15:47:32,111.75219223940438,-15.075679236321804,111.50494816613521
2024-01-26 15:47:36,112.63252912694294,-17.18922939096757,111.57225353088441
2024-01-26 15:47:40,110.60570514236451,-16.305804901726102,112.72919938800037
2024-01-26 15:47:45,111.78160692137033,-14.195124783630153,115.63391103369867
2024-01-26 15:47:50,109.8650868154292,-13.80268008027932,113.36463349404265
2024-01-26 15:47:55,109.81672437697245,-13.27560741355553,114.74596509260566
2024-01-26 15:48:00,111.94034587626665,-11.66283473457965,117.13555569746089
2024-01-26 15:48:05,109.15319197869546,-9.019652988648474,118.6382827663003
2024-01-26 15:48:09,112.0671269224476,-10.287178643954356,121.08032095836991
2024-01-26 15:48:14,114.07436530158759,-9.064392881785434,122.83081661349073
2024-01-26 15:48:19,115.38623276985349,-7.257144892500131,122.70405680805112
2024-01-26 15:48:24,115.85749436667673,-7.79076507653164,121.34381988451808
2024-01-26 15:48:29,118.30779125342443,-8.090925829237346,120.66505591141085
2024-01-26 15:48:33,118.1901472961158,-8.71121176802974,123.1996966030673
2024-01-26 15:48:37,117.19118229620184,-10.73959226139507,125.83660322094698
2024-01-26 15:48:42,116.66174267560393,-11.699123807295594,127.78081722077556
2024-01-26 15:48:47,116.7470708074412,-9.359088875192885,130.1979541122618
2024-01-26 15:48:51,117.80958747894071,-7.28788892028068,128.86143892074335
2024-01-26 15:48:55,115.4876453441681,-9.045569450004873,126.47905453917937
2024-01-26 15:49:00,113.19621700388292,-8.549354078815272,125.09714227859715
2024-01-26 15:49:04,112.00714556936514,-6.272181600051078,127.43000699089262
2024-01-26 15:49:08,112.63620293126331,-6.58464938670229,126.56923005488949
2024-01-26 15:49:12,115.37574873877195,-6.21153207238845,127.89946574811174
2024-01-26 15:49:17,112.63272850976081,-7.265447937194377,128.7797865631251
2024-01-26 15:49:22,111.13049423884863,-7.410423965109393,127.77704699016064
2024-01-26 15:49:27,111.80529027932116,-6.56039576629811,130.2910882248684
2024-01-26 15:49:32,111.34845345634504,-8.748134762515502,128.81399097780513
2024-01-26 15:49:37,109.14381816214507,-11.595455656673863,131.3186772084952
2024-01-26 15:49:41,107.3961019722376,-12.78769055592258,132.68285454280016
2024-01-26 15:49:45,108.7217140048549,-11.613701600656718,129.83723061186367
2024-01-26 15:49:50,111.35920095457324,-10.683250007227747,131.22247972611805
2024-01-26 15:49:55,111.17597518147129,-10.216132368443514,133.9239929359907
2024-01-26 15:49:59,112.4420628339969,-7.750742674829038,132.71514047492118
2024-01-26 15:50:04,112.26478633660246,-7.014246326278886,132.63834391266874
2024-01-26 15:50:09,112.10695193658715,-6.069691093603836,132.62099757282851
2024-01-26 15:50:14,112.21099137243905,-7.29497529367836,134.8710647331161
2024-01-26 15:50:19,112.98062834793507,-9.206955173852428,134.9710698670541
2024-01-26 15:50:23,111.61790643341054,-11.992925446266069,135.36375979883627
2024-01-26 15:50:28,109.3886976948456,-12.919731020706264,137.72662456858095
2024-01-26 15:50:33,108.47363146399142,-12.386540784277129,137.34986444191873
2024-01-26 15:50:37,107.5906898946844,-12.395134373233347,138.76519401875902
2024-01-26 15:50:42,106.58220280857775,-13.257414335641478,140.13812431914855
2024-01-26 15:50:46,104.9949947837353,-11.532810355726566,138.40416969289555
2024-01-26 15:50:50,105.97990978170616,-12.56146604754379,136.6736255976974
2024-01-26 15:50:54,103.828925185902,-12.761623935346394,136.195808747601
2024-01-26 15:50:58,104.41240915422979,-12.717860157848921,136.64442255735702
2024-01-26 15:51:03,102.24805259879909,-10.322324290272336,139.27723625282573
2024-01-26 15:51:07,99.53149910351802,-8.764792346074344,140.25276941671444
2024-01-26 15:51:12,100.01040389527235,-8.663028532190232,139.97737065463963
2024-01-26 15:51:16,99.72773084944332,-8.987654277990114,141.1373461546888
2024-01-26 15:51:21,101.26395033238167,-6.425030640006469,143.58677986706397
2024-01-26 15:51:25,102.97372227379951,-4.565418245367281,142.04785995334976
2024-01-26 15:51:29,105.5652472303419,-5.503261481304253,143.81604138518728
2024-01-26 15:51:34,105.15828368106978,-7.4861663224597805,141.27451606345068
2024-01-26 15:51:39,104.20195803855064,-5.538202493149692,144.07622338016822
2024-01-26 15:51:44,105.59989105812524,-6.809735587215426,144.33562351333197
2024-01-26 15:51:49,107.19933538487666,-6.16815531942944,142.06890882908124
2024-01-26 15:51:53,108.73361333314763,-7.268139159028593,144.65818881108655
2024-01-26 15:51:58,107.65841250283374,-5.277708851359071,147.15985665665536
2024-01-26 15:52:02,108.11809448261877,-3.2327084982009557,146.07626436604474
2024-01-26 15:52:07,107.14593757291989,-1.898881371277314,145.3645577904001
2024-01-26 15:52:12,104.18557907002028,-3.3253556427485336,147.94962923911407
2024-01-26 15:52:17,106.20703262863677,-0.41335775459869506,146.26272893182778
2024-01-26 15:52:22,106.56257380241152,2.45273111913036,145.73539151356806
2024-01-26 15:52:27,107.05703543169525,1.0164627518624698,148.04489157706996
2024-01-26 15:52:31,107.98679771861632,0.026672885356707976,150.6000459633918
2024-01-26 15:52:36,108.95116473692667,2.290618226533157,152.00914120438478
2024-01-26 15:52:41,108.07613645988317,3.9283223757394525,152.24198290528304
2024-01-26 15:52:45,105.94705788707003,2.690596036004483,149.75192454525057
2024-01-26 15:52:49,108.6787104160328,1.9370193810072207,150.43893990226942
2024-01-26 15:52:54,107.3825995956582,1.9415598562499108,148.34629086887344
2024-01-26 15:52:59,109.05779935878303,0.7978899486949089,146.5221304401403
2024-01-26 15:53:04,107.60647087448481,-0.8849742937732454,146.62870255906802
2024-01-26 15:53:09,108.9543014689524,-2.275979081046243,148.16122136972314
2024-01-26 15:53:14,106.55273067908922,-0.1851577967807838,148.5802383369487
2024-01-26 15:53:19,105.53789159218712,-2.1117932852448806,149.9167545923679
2024-01-26 15:53:23,106.12874764999928,-3.558907795157987,148.65032869550552
2024-01-26 15:53:28,108.18114641499115,-4.326256519444755,151.47609802915747
2024-01-26 15:53:32,108.25705453934586,-3.541881977587935,154.2232753808724
2024-01-26 15:53:36,106.03810674142527,-4.1425353904757545,155.6156088333513
2024-01-26 15:53:40,109.02737189080385,-6.0313127316891055,153.9653326353915
2024-01-26 15:53:45,111.51837531839496,-5.421439652853226,156.85496388699076
2024-01-26 15:53:49,110.04634050835531,-4.170137750865101,156.0273511005742
2024-01-26 15:53:53,108.70537742575196,-5.433972168934146,158.50117275512622
2024-01-26 15:53:58,111.33446395703012,-4.701774102882892,158.21347564211175
2024-01-26 15:54:03,114.09208071096879,-6.5483534422554825,157.22689907094758
2024-01-26 15:54:08,115.86996530215396,-8.306457370147275,157.1527301261716
2024-01-26 15:54:13,113.31332297448608,-7.385631892846743,155.06098756963118
2024-01-26 15:54:18,114.98760232435515,-6.37709800596052,153.14835669042412
2024-01-26 15:54:22,113.90194184033858,-5.028893407302921,150.92172069253115
2024-01-26 15:54:27,113.95560188640091,-3.419939706298387,152.92185537502363
2024-01-26 15:54:31,114.9575158304176,-0.6080418036019939,154.2186771423579
2024-01-26 15:54:35,117.56333544213152,0.5420943490309451,156.17742179830455
2024-01-26 15:54:39,118.40055114354496,1.9669265496614843,157.22884219707728
2024-01-26 15:54:43,115.6490754547898,-0.08057316254230651,159.9834538932303
2024-01-26 15:54:48,112.77529193554408,-3.0799416804893207,160.31621249883
2024-01-26 15:54:52,115.52236773411812,-5.0761917500963545,161.77929909084756
2024-01-26 15:54:56,117.5358619449789,-7.740228574263158,160.55642893543305
2024-01-26 15:55:00,115.19530905066657,-6.3421365689515525,163.29012451624783
2024-01-26 15:55:05,116.10680338762252,-4.911699278477983,165.3061573748116
2024-01-26 15:55:10,114.57257610952645,-4.126243566581256,165.91225973214983
2024-01-26 15:55:14,114.32926060079537,-6.543756761429016,163.41263898061936
2024-01-26 15:55:19,114.85541619149065,-8.53334499322969,162.21609883013573
2024-01-26 15:55:24,116.69594690851267,-9.547337213566754,159.57061387451972
2024-01-26 15:55:29,113.98836948426835,-7.9743995031197885,159.31226206230912
2024-01-26 15:55:33,114.37705747835544,-6.296397974946504,159.16682240167003
2024-01-26 15:55:38,116.68885165637846,-3.8718343659382954,157.74147162008646
2024-01-26 15:55:42,115.37057369924345,-5.483208020982532,156.0008645411005
2024-01-26 15:55:47,116.47695860154825,-5.657442704804427,157.53545493900677
2024-01-26 15:55:52,119.28798591058775,-3.0597925612343673,156.61309433026662
2024-01-26 15:55:57,117.84469733484872,-3.2958637188118316,154.84655247794277
2024-01-26 15:56:02,117.44454144474763,-2.695607672097596,156.3512036407953
2024-01-26 15:56:07,119.618251071415,-1.102337311957947,158.16648944626047
2024-01-26 15:56:12,120.19613186562107,-0.3881426229830027,159.1722337927745
2024-01-26 15:56:17,118.03046294962778,-3.1418725155857077,161.47340502304817
2024-01-26 15:56:21,119.76547339652117,-2.890518299851548,163.6609310765356
2024-01-26 15:56:26,118.84193234716068,-2.0676291920681216,165.9917579132991
2024-01-26 15:56:31,120.16422287966,-4.318623065972521,164.71753650719768
2024-01-26 15:56:35,121.43811894466027,-2.781611102877241,166.53966697277556
2024-01-26 15:56:40,121.73957635582691,-1.9874475918294525,163.6833913991326
2024-01-26 15:56:45,120.62026303765327,-0.36764696428377874,162.33124849167078
2024-01-26 15:56:49,122.9091654824966,-2.160003461262347,165.0067722342528
2024-01-26 15:56:54,123.75680772774963,-1.5958935479302574,163.83795581804657
2024-01-26 15:56:58,125.12072741271305,-2.3852709586726832,166.0246442445485
2024-01-26 15:57:03,123.86747008797872,-0.01662663156089428,164.17478691378537
2024-01-26 15:57:07,122.01509661760724,-1.0407212208980317,163.78527719201136
2024-01-26 15:57:11,124.58870633711122,1.0742290066241686,166.21116457741743
2024-01-26 15:57:16,126.09151868639452,1.6682374412242806,164.03926208925733
2024-01-26 15:57:21,126.84790043936283,1.2727509834339692,161.29113674601996
2024-01-26 15:57:26,126.67546695374963,-0.29325663532952007,163.02480741545136
2024-01-26 15:57:30,127.2126727091264,-1.1011725876545393,163.67800920804768
2024-01-26 15:57:35,127.90351186196898,1.5414620179893843,161.38800824452218
2024-01-26 15:57:40,130.4222442348508,-0.5603378944969979,163.62453616739862
2024-01-26 15:57:45,130.44055632624892,0.9820598831850234,162.73653582886985
2024-01-26 15:57:50,129.23242871061802,2.016962061094148,164.48597678450128
2024-01-26 15:57:54,130.3694380759304,3.2852339769337275,165.29177977787035
2024-01-26 15:57:58,129.06282603623657,2.2674236952617264,164.00224304072572
2024-01-26 15:58:02,126.53193305028145,3.544181333321169,166.2638142273305
2024-01-26 15:58:06,124.8738258087044,5.522164945679439,165.9969698508267
2024-01-26 15:58:10,126.95284751972582,5.520167858743861,166.00251474809852
2024-01-26 15:58:14,128.9360183145129,3.588202908935955,167.6478847857
2024-01-26 15:58:18,130.8809498656004,1.0328595903337492,170.56498548170214
2024-01-26 15:58:22,131.023456013438,3.6796863265327433,171.63105672079206
2024-01-26 15:58:26,131.93845581307804,4.52461067977946,171.57827056687705
2024-01-26 15:58:30,133.8506670311644,3.7776821068187756,170.95325742763052
2024-01-26 15:58:34,134.41987727979512,3.7759046141005497,168.14311651703213
2024-01-26 15:58:39,136.8863070846952,2.4777065705347425,165.37030294919427
2024-01-26 15:58:44,138.82413100377593,1.30053056679,163.59837505297727
2024-01-26 15:58:49,141.16225805758995,1.604973063186895,161.53975006265347
2024-01-26 15:58:53,139.48305309107792,0.6548854428203166,161.6967157018353
2024-01-26 15:58:58,140.50502063238147,-1.6733020266484322,160.30272884973894
2024-01-26 15:59:03,140.68977581144895,-4.643547751432663,161.69461640366632
2024-01-26 15:59:07,141.67439454140407,-2.0708422651053313,161.03649511432604
2024-01-26 15:59:12,142.65088295591613,-2.9906762292684026,158.9232157640871
2024-01-26 15:59:17,144.84618544545776,-1.557046001875364,157.83981488814618
2024-01-26 15:59:21,145.97224740647238,-3.866079406085511,160.28158106445198
2024-01-26 15:59:26,144.59680423682312,-5.141777255367808,157.81868569530934
2024-01-26 15:59:30,147.3671709253625,-3.7738578846772715,156.27981716236428
2024-01-26 15:59:35,147.8412075813493,-6.457808030391552,159.11154511898167
2024-01-26 15:59:40,146.95828840760004,-7.806531951916761,157.7929893653336
2024-01-26 15:59:45,149.82746845187822,-6.676697899842722,155.4978945241043
2024-01-26 15:59:49,147.862551283187,-3.913129085110942,155.2059531201111
2024-01-26 15:59:53,150.114462936086,-6.315837313602806,155.5337968780269
2024-01-26 15:59:57,149.63629517086,-4.537671998780891,153.5754164712016
